row_id,date,customer_request,agent_reply,intent_truth,intent,confidence
1,2024-01-01,Brauche Ersatzteil für DM-500. Was kostet ein Antriebsriemen? Und wann lieferbar?,"Guten Tag, für die Beantwortung Ihrer Anfrage zur Lieferzeit und zum Preis des Antriebsriemens für das Modell DM-500 benötigen wir bitte die Seriennummer Ihrer Anlage. Bitte lassen Sie uns diese zukommen, damit wir die Kompatibilität prüfen und die aktuelle Verfügbarkeit in unserem Lager abfragen können.",Ersatzteil-Anfrage,Ersatzteil-Anfrage,1
2,2024-01-01,Soll ich euch zur Messe einladen? Wir sind mit dem HP-150 dabei. Meldet euch mal.,"Guten Tag. Vielen Dank für das freundliche Angebot. Wir nehmen gerne Kontakt auf, sofern ein konkreter Termin oder ein Ansprechpartner für den Austausch zu den HP-150 Modellen vorliegt. Bitte lassen Sie uns Ihre Kontaktdaten zukommen.",Sonstiges,Sonstiges,1
3,2024-01-02,Sensor Fehler bei DM-500. Maschine hat Seriennr 12345. Software V2.1.,"Guten Tag, vielen Dank für die vollständigen Informationen. Bitte führen Sie eine Kalibrierung der Sensoren gemäß den Anweisungen im Handbuch im Downloadbereich durch. Sollte der Fehler weiterhin bestehen, teilen Sie uns bitte mit, welcher spezifische Sensor (z.B. Position oder Druck) betroffen ist.",Technische Fehlermeldung,Technische Fehlermeldung,0.95
4,2024-01-05,Software stürzt ab bei DXF Import. Hilfe!,"Guten Tag. Um Ihnen bei diesem Problem gezielt helfen zu können, benötigen wir weitere Informationen. Bitte nennen Sie uns die Seriennummer Ihrer Maschine sowie die installierte Softwareversion. Zudem wäre es hilfreich zu wissen, ob eine spezifische Fehlermeldung erscheint, bevor das Programm schließt.",Software-Problem,Software-Problem,1
5,2024-01-05,Garantieanfrage für DM-500. Mechanik klemmt. Seriennr: 443322. Was ist der nächste Schritt?,"Guten Tag. Vielen Dank für die Seriennummer. Wir haben den Fall zur Prüfung an unsere technische Abteilung weitergeleitet. Ein Techniker wird die mechanische Klemmung bewerten. Wir melden uns bei Ihnen, sobald uns eine erste Einschätzung vorliegt, ob es sich um einen Garantiefall handelt.",Garantie-Reklamation,Garantie-Reklamation,1
6,2024-01-06,Lieferverzug DM-500. Was ist da los? Wir planen die Montage für nächste Woche!,"Guten Tag. Ich verstehe, dass die Planungssicherheit für Ihre Montage kritisch ist. Um den Grund für die Verzögerung der DM-500 zu klären, benötige ich bitte Ihre Bestellnummer. Ich werde den Vorgang mit höchster Priorität an unsere Logistikabteilung eskalieren.",Lieferstatus,Lieferstatus,1
7,2024-01-06,"Sehr geehrte Damen und Herren, wir benötigen für unsere CNCF-500 dringend ein neues Spindellager. Könnten Sie uns hierzu bitte ein unverbindliches Angebot zukommen lassen? Die Maschine läuft aktuell nur eingeschränkt.","Guten Tag, vielen Dank für Ihre Anfrage. Um Ihnen ein passgenaues Angebot für das Spindellager der CNCF-500 zu erstellen, benötigen wir bitte die Seriennummer Ihrer Maschine sowie die genaue Artikelnummer des Lagers, falls diese Ihnen vorliegt. Sobald uns diese Daten vorliegen, lassen wir Ihnen die Kalkulation umgehend zukommen.",Ersatzteil-Anfrage,Ersatzteil-Anfrage,1
8,2024-01-06,"Guten Tag, ich benötige für unsere SNU-200 ein Ersatzteil. Schicken Sie mir bitte Infos dazu.","Guten Tag. Gerne unterstützen wir Sie bei der Ersatzteilbeschaffung für die SNU-200. Um Ihre Anfrage bearbeiten zu können, benötigen wir jedoch weitere Details: Um welches Bauteil handelt es sich genau? Bitte nennen Sie uns die Artikelnummer oder senden Sie uns die Seriennummer der Maschine zu, damit wir die Kompatibilität prüfen können.",Ersatzteil-Anfrage,Ersatzteil-Anfrage,1
9,2024-01-07,Gibt es Verzögerungen bei der HP-150? Wir brauchen die Maschine bis nächste Woche sonst haben wir ein Problem.,"Guten Tag, wir verstehen die Dringlichkeit Ihres Anliegens. Um den aktuellen Lieferstatus der HP-150 prüfen zu können, benötigen wir bitte Ihre Bestellnummer. Wir werden dann umgehend mit der Logistik klären, ob der Termin nächste Woche eingehalten werden kann.",Lieferstatus,Lieferstatus,0.9
10,2024-01-07,"Guten Tag, wir haben letzte Woche die DM-500 erhalten. Können Sie uns mitteilen, wann ein Techniker für die Inbetriebnahme vorbeikommen kann? Wir müssen die Anlage zeitnah produktiv setzen.","Guten Tag. Gerne unterstützen wir Sie bei der Inbetriebnahme Ihrer DM-500. Damit wir die Kapazitäten prüfen und einen Termin koordinieren können, benötigen wir bitte noch Ihre Seriennummer sowie die dazugehörige Bestellnummer. Sobald uns diese vorliegen, erstellen wir Ihnen einen Terminvorschlag.",Schulung,Schulung,0.7
11,2024-01-08,Fehler bei FSL-300. Druck zu niedrig. Hilfe!,"Guten Tag. Um Ihnen bei dem Druckabfall an der FSL-300 helfen zu können, benötigen wir bitte weitere Informationen. Bitte teilen Sie uns die Seriennummer des Geräts sowie den exakten Wert mit, der auf dem Display angezeigt wird. Prüfen Sie in der Zwischenzeit bitte, ob alle Schlauchverbindungen fest sitzen und keine Leckagen sichtbar sind.",Technische Fehlermeldung,Technische Fehlermeldung,0.95
12,2024-01-08,Wartungsplan für SCS-100 fehlt uns komplett. Bitte schicken.,"Guten Tag. Gerne unterstützen wir Sie. Bitte nennen Sie uns die Seriennummer Ihrer SCS-100, damit wir sicherstellen können, dass wir Ihnen die Dokumentation für die korrekte Maschinenkonfiguration zusenden.",Wartung,Wartung,0.9
13,2024-01-09,"Sehr geehrte Damen und Herren, leider haben wir zur Bestellung der CNCF-500 (ID: 554433) noch keine Versandbestätigung erhalten. Bitte um Statusbericht.","Sehr geehrte Damen und Herren, vielen Dank für Ihre Nachricht. Ich habe die Bestellung 554433 geprüft. Die CNCF-500 befindet sich derzeit in der Qualitätskontrolle vor dem Versand. Wir gehen davon aus, dass der Versand innerhalb der nächsten zwei Werktage erfolgt. Sie erhalten dann umgehend eine Bestätigung.",Lieferstatus,Lieferstatus,1
14,2024-01-09,Brauche Angebot für Ersatzteil zu DM-500. Art-Nr 88293. Wie lange Lieferzeit?,"Hallo, vielen Dank für Ihre Nachricht. Wir prüfen derzeit die Verfügbarkeit des Artikels 88293 für das Modell DM-500. Wir melden uns zeitnah bei Ihnen mit der aktuellen Lieferzeit und einem entsprechenden Angebot.",Ersatzteil-Anfrage,Ersatzteil-Anfrage,1
15,2024-01-09,Wie oft muss die HP-150 gewartet werden? Wir haben die Maschine seit 2 Jahren im Einsatz und sind uns unsicher bezüglich der Intervalle.,Guten Tag. Die Wartungsintervalle der HP-150 richten sich nach den Betriebsstunden und nicht primär nach dem Alter der Maschine. Bitte prüfen Sie die Betriebsstundenzähler an Ihrem Gerät. Die genauen Zeiträume und Schwellenwerte sind in der Wartungsmatrix Ihres Handbuchs im Downloadbereich hinterlegt.,Wartung,Wartung,0.95
16,2024-01-09,"Sehr geehrte Damen und Herren, an unserer DM-500 Maschine ist heute Morgen der Hauptantrieb ausgefallen. Da das Gerät erst sechs Monate alt ist, gehe ich von einem Garantiefall aus. Wie ist das weitere Vorgehen?","Guten Tag. Es tut uns leid zu hören, dass die DM-500 einen Defekt aufweist. Um den Vorgang prüfen zu können, benötigen wir bitte die Seriennummer der Maschine sowie ein kurzes Video oder eine Fehlerbeschreibung des Ausfalls. Sobald uns diese Daten vorliegen, leiten wir die Prüfung Ihres Garantieanspruchs ein.",Garantie-Reklamation,Garantie-Reklamation,1
17,2024-01-09,Wir haben die FSL-300 bekommen (Bestell-Nr: 88273-X) aber keiner weiß wie man die Software bedient. Schicken Sie uns ein Training?,"Guten Tag, vielen Dank für die Angabe der Bestellnummer. Wir unterstützen Sie gerne mit einer Software-Schulung für die FSL-300. Wir prüfen derzeit die Verfügbarkeit unserer Trainer und lassen Ihnen zeitnah Terminvorschläge sowie eine Kostenaufstellung zukommen.",Schulung,Schulung,1
18,2024-01-10,"Hallo, ich habe noch keine Versandbestätigung für die FSL-300 bekommen, obwohl die Bestellung schon vor zwei Wochen rausging. Ist das korrekt?","Guten Tag, vielen Dank für Ihre Anfrage. Bitte entschuldigen Sie die Verzögerung bei der Benachrichtigung. Ich werde den Status Ihrer FSL-300 sofort in unserem Logistiksystem abgleichen. Damit ich den Vorgang direkt zuordnen kann, senden Sie mir bitte kurz Ihre Bestellnummer zu.",Lieferstatus,Lieferstatus,0.95
19,2024-01-10,"Sehr geehrte Damen und Herren, an unserer DM-500 tritt seit heute Morgen wiederholt die Warnung 'Übertemperatur Spindel' auf. Wir müssen den Produktionslauf dringend fortsetzen. Bitte um schnelle Rückmeldung.","Guten Tag. Dass die Temperaturwarnung an Ihrer DM-500 auftritt, ist ärgerlich. Bitte prüfen Sie zunächst, ob die Kühlmittelzufuhr frei ist und die Lüftungsschlitze nicht verstopft sind. Damit wir die Ursache genauer eingrenzen können, benötigen wir bitte Ihre Seriennummer sowie den aktuellen Wartungsstand der Spindelkühlung.",Technische Fehlermeldung,Technische Fehlermeldung,1
20,2024-01-10,Wann kommt das nächste Software-Update für die HP-150? Die aktuelle Version macht beim DXF-Import nur Probleme.,"Guten Tag. Informationen zu kommenden Software-Releases können Sie jederzeit in unserem Downloadbereich einsehen. Um zu prüfen, ob für Ihr spezifisches Modell bereits ein Korrektur-Update vorliegt, nennen Sie uns bitte die Seriennummer Ihrer HP-150 sowie die derzeit genutzte Versionsnummer.",Software-Problem,Software-Problem,0.95
21,2024-01-10,DXF Import Fehlgeschlagen bei DM-500. Was tun?,"Guten Tag. Um Ihnen eine Lösung anbieten zu können, benötigen wir nähere Informationen: Erhalten Sie eine spezifische Fehlermeldung beim Import? Bitte senden Sie uns zudem die Seriennummer der DM-500 und die Softwareversion zu.",Software-Problem,Software-Problem,0.95
22,2024-01-10,SCS-100 Motor läuft heiß. Garantieanspruch vorhanden?,"Guten Tag. Um den Garantieanspruch für den Motor der SCS-100 zu prüfen, benötigen wir bitte die Seriennummer der Maschine sowie die aktuelle Betriebsstundenzahl. Bitte stellen Sie zudem sicher, dass alle Wartungsintervalle gemäß dem Handbuch im Downloadbereich eingehalten wurden.",Garantie-Reklamation,Garantie-Reklamation,0.9
23,2024-01-11,Haben Sie die FSL-300 schon verschickt? Keine Info erhalten bisher.,"Guten Tag. Damit wir den Versandstatus der FSL-300 für Sie abrufen können, benötigen wir bitte Ihre Bestellnummer oder die Seriennummer der Maschine.",Lieferstatus,Lieferstatus,1
24,2024-01-11,Die SCS-100 braucht neue Filter. Was kostet der Satz und wie schnell geht das?,Guten Tag. Gerne bieten wir Ihnen einen Satz neuer Filter für die SCS-100 an. Bitte teilen Sie uns zur eindeutigen Identifizierung die Seriennummer Ihrer Maschine mit. Im Anschluss erhalten Sie das Angebot inklusive der Lieferzeit.,Ersatzteil-Anfrage,Ersatzteil-Anfrage,1
25,2024-01-12,"Spindel läuft unruhig, Warnung kommt alle 10 Min. FSL-300. Keine Serinnr zur hand.","Guten Tag, um die Unruhe der Spindel an der FSL-300 untersuchen zu können, benötigen wir zwingend die Seriennummer der Maschine. Bitte prüfen Sie in der Zwischenzeit, ob die Spindel auf ungewöhnliche Vibrationen oder Geräusche reagiert und ob die Schmierung ordnungsgemäß erfolgt.",Technische Fehlermeldung,Technische Fehlermeldung,0.9
26,2024-01-12,"Unsere SCS-100 Software stürzt ständig ab, sobald wir versuchen, komplexe Geometrien zu öffnen. Das geht so nicht weiter, wir verlieren Zeit. Bitte um Lösung.","Guten Tag. Das beschriebene Verhalten deutet eventuell auf eine Überlastung des Puffers oder eine Inkompatibilität der Dateistruktur hin. Bitte prüfen Sie, ob der Fehler auch bei weniger komplexen Dateien auftritt. Für eine tiefergehende Diagnose benötigen wir zudem die Seriennummer Ihres Geräts.",Software-Problem,Software-Problem,1
27,2024-01-12,HP-150 defekt. Keine Ahnung warum. Hilfe!,"Guten Tag. Um Ihnen helfen zu können, benötigen wir Informationen zum Fehlerbild. Bitte nennen Sie uns die Seriennummer der HP-150 und beschreiben Sie, was genau passiert (oder nicht passiert), wenn Sie das Gerät einschalten. Ohne diese Daten können wir keine Prüfung einleiten.",Garantie-Reklamation,Technische Fehlermeldung,0.7
28,2024-01-13,"Lieferstatus SNU-200, Art 992-00. Wo steckts?","Guten Tag. Wir schauen nach, wo sich Ihre SNU-200 aktuell befindet. Bitte geben Sie uns zur eindeutigen Identifizierung zusätzlich zur Artikelnummer noch Ihre Bestellnummer oder die Kundenregisternummer an.",Lieferstatus,Lieferstatus,1
29,2024-01-13,"Hallo, ist die Dichtung für SCS-100 (Art-Nr: 44092) aktuell verfügbar? Wir brauchen die sofort!",Guten Tag. Wir prüfen umgehend den Lagerbestand der Dichtung mit der Artikelnummer 44092 für das Modell SCS-100. Wir melden uns in Kürze mit einer Rückmeldung zur Verfügbarkeit und der voraussichtlichen Versanddauer bei Ihnen.,Ersatzteil-Anfrage,Ersatzteil-Anfrage,1
30,2024-01-13,"Sehr geehrte Damen und Herren, bei der Implementierung der neuen Software auf unseren DM-500 Maschinen treten beim Import von DXF-Daten wiederholt Abstürze auf. Dies beeinträchtigt unseren Produktionsablauf erheblich. Wir bitten um eine schnelle Lösung.","Guten Tag. Wir bedauern die Unannehmlichkeiten in Ihrem Produktionsablauf. Für eine technische Analyse benötigen wir eine Liste der betroffenen Maschinen (Seriennummern) sowie die exakte Softwareversion. Bitte prüfen Sie auch, ob die Abstürze bei allen DXF-Dateien oder nur bei spezifischen Konstruktionsdaten auftreten.",Software-Problem,Software-Problem,1
31,2024-01-14,"Hallo, ich brauche mal ein Update zu meiner CNCF-500. Ist die schon auf dem Lkw? Keine Info bekommen.","Guten Tag, ich prüfe den Versandstatus Ihrer CNCF-500 sehr gerne. Bitte senden Sie uns kurz Ihre Bestellnummer zu, damit wir den aktuellen Status im Versandzentrum abrufen können. Vielen Dank.",Lieferstatus,Lieferstatus,1
32,2024-01-15,"Hallo Support-Team, ich habe bezüglich der Bestellung Nr. 44502 (Modell SNU-200) eine Frage. Wir haben noch keine Versandinfo bekommen. Ist das Gerät schon unterwegs?",Guten Tag. Vielen Dank für Ihre Anfrage. Ich habe den Status der SNU-200 (Bestell-Nr. 44502) nachgesehen. Die Maschine wurde bereits verpackt und wartet auf die Abholung durch unseren Logistikpartner. Sie sollten die Versandbestätigung im Laufe des heutigen Arbeitstages erhalten.,Lieferstatus,Lieferstatus,1
33,2024-01-16,Brauche Angebot für Ersatzteil DM-500. Lagernd?,"Guten Tag, um Ihre Anfrage bearbeiten zu können, benötigen wir bitte die genaue Bezeichnung oder die Artikelnummer des benötigten Teils für die DM-500. Sobald uns diese vorliegt, prüfen wir sofort die aktuelle Verfügbarkeit und die voraussichtliche Lieferzeit für Sie.",Ersatzteil-Anfrage,Ersatzteil-Anfrage,1
34,2024-01-16,Haben Sie Ersatzteile für die CNCF-500? Brauche ein Angebot für ein Set Schrauben und Muttern.,"Guten Tag, wir führen ein breites Sortiment an Ersatzteilen für die CNCF-500. Damit wir Ihnen das passende Set anbieten können, benötigen wir bitte die genaue Bezeichnung der Schrauben/Muttern oder die entsprechende Artikelnummer aus dem Handbuch im Downloadbereich. Sobald uns diese Informationen vorliegen, erstellen wir Ihnen gerne ein Angebot.",Ersatzteil-Anfrage,Ersatzteil-Anfrage,1
35,2024-01-16,"Sehr geehrte Damen und Herren, im Rahmen einer Wartung an unserer FSL-300 haben wir festgestellt, dass die Führungsschienen verschlissen sind. Bitte senden Sie uns ein Angebot über die entsprechenden Ersatzteile sowie Informationen zur Lieferfrist.","Guten Tag, vielen Dank für Ihre Nachricht. Um Ihnen ein Angebot für die passenden Führungsschienen erstellen zu können, benötigen wir bitte die Seriennummer Ihrer FSL-300 sowie die genaue Ausführung der Maschine. Nach Erhalt der Daten prüfen wir die Verfügbarkeit und senden Ihnen das Angebot inklusive Lieferzeit zu.",Ersatzteil-Anfrage,Ersatzteil-Anfrage,0.9
36,2024-01-17,CNCF-500 Reparatur. Teil fehlt. Was kostet das und wann kommt das?,"Guten Tag. Damit wir Ihnen weiterhelfen können, benötigen wir Informationen darüber, welches Teil genau fehlt. Bitte nennen Sie uns die Artikelnummer oder die Bezeichnung des Bauteils sowie die Seriennummer Ihrer CNCF-500.",Ersatzteil-Anfrage,Ersatzteil-Anfrage,0.8
37,2024-01-17,"Sehr geehrte Damen und Herren, für unsere CNCF-500 benötigen wir dringend einen neuen Antriebsriemen. Können Sie uns hierzu ein unverbindliches Angebot erstellen? Die Seriennummer der Maschine lautet ENDI-99283-X.","Guten Tag. Vielen Dank für Ihre Anfrage. Gerne erstellen wir Ihnen ein Angebot für den passenden Antriebsriemen zur CNCF-500. Um die exakte Spezifikation zu prüfen, benötigen wir bitte noch die Typenbezeichnung des Motors oder die Artikelnummer des alten Riemens, falls diese noch vorliegt. Sobald uns diese Information vorliegt, senden wir Ihnen das Angebot umgehend zu.",Ersatzteil-Anfrage,Ersatzteil-Anfrage,1
38,2024-01-17,"Sehr geehrte Damen und Herren, wir benötigen für unsere DM-500 Anlage dringend einen neuen Antriebsriemen. Können Sie uns hierzu ein unverbindliches Angebot zukommen lassen? Die Seriennummer der Maschine lautet ENDI-99283-X.","Sehr geehrte Damen und Herren, vielen Dank für Ihre Anfrage. Gerne erstellen wir Ihnen ein Angebot für den passenden Antriebsriemen Ihrer DM-500. Um die exakte Spezifikation sicherzustellen, benötigen wir bitte noch die Artikelnummer des alten Riemens oder ein Foto des Typenschilds der Antriebseinheit. Sobald uns diese Information vorliegt, senden wir Ihnen das Angebot umgehend zu.",Ersatzteil-Anfrage,Ersatzteil-Anfrage,1
39,2024-01-17,Haben Sie Infos zu neuen Messen? Würden gerne mal wieder vorbeikommen.,"Guten Tag, vielen Dank für Ihr Interesse. Informationen zu unseren Standplätzen auf internationalen Fachmessen finden Sie regelmäßig in unserem Newsletter sowie im Downloadbereich unserer Webseite. Wir freuen uns, Sie dort begrüßen zu dürfen.",Sonstiges,Sonstiges,1
40,2024-01-18,"Sehr geehrte Damen und Herren, an unserer DM-500 tritt seit heute Morgen eine Warnung bezüglich der Spindeltemperatur auf. Die Maschine stoppt nach ca. 20 Minuten Betrieb. Bitte um Unterstützung.","Guten Tag. Dass die DM-500 vorzeitig stoppt, ist ärgerlich. Bitte prüfen Sie als ersten Schritt, ob die Kühlmittelzufuhr zur Spindel frei ist und die Filter nicht verstopft sind. Um den Fehler genauer eingrenzen zu können, benötigen wir zudem die Seriennummer Ihrer Maschine sowie den exakten Fehlercode aus dem Display.",Technische Fehlermeldung,Technische Fehlermeldung,1
41,2024-01-19,Hydraulik-Warnung bei HP-150 (Bestell-Nr: 55012). Druck zu niedrig. Bitte Rückmeldung.,"Guten Tag. Bei einer Warnung über niedrigen Hydraulikdruck an der HP-150 sollten Sie die Dichtungen und Leitungen auf Leckagen untersuchen. Bitte teilen Sie uns zudem die Seriennummer der Maschine mit, damit wir die korrekten Spezifikationen für Ihr Modell abrufen können.",Technische Fehlermeldung,Technische Fehlermeldung,1
42,2024-01-19,"Die HP-150 läuft nicht mehr. Übertemperatur Warnung. Das ist echt nervig, wir haben einen engen Lieferplan!","Guten Tag. Wir verstehen den Zeitdruck in Ihrer Produktion. Bitte fahren Sie die Maschine sofort herunter, um Folgeschäden zu vermeiden. Prüfen Sie die Umgebungstemperatur und die Funktion der internen Kühlaggregate. Bitte senden Sie uns zur weiteren Analyse die Seriennummer der HP-150 und das Fehlerprotokoll aus dem Logbuch.",Technische Fehlermeldung,Technische Fehlermeldung,0.95
43,2024-01-20,Haben Sie Spezialwerkzeug für die FSL-300? Brauchen dringend was für die nächste Revision. Artikelnummer bitte angeben.,"Guten Tag, ja, wir führen spezialisierte Wartungssätze für die FSL-300. Die entsprechende Artikelnummer für das Standard-Wartungskit finden Sie in der technischen Dokumentation im Downloadbereich. Alternativ können wir Ihnen nach Nennung Ihrer Seriennummer ein individuelles Angebot erstellen.",Wartung,Ersatzteil-Anfrage,0.9
44,2024-01-21,Fehler SCS-100: Spindel läuft unruhig und Warnung erscheint. Bitte prüfen.,"Guten Tag. Bitte prüfen Sie zuerst die Schmierung der Spindellager und kontrollieren Sie, ob Fremdkörper in der Spindelaufnahme vorhanden sind. Für eine genauere Fehleranalyse benötigen wir die Seriennummer der SCS-100 sowie die exakte Fehlermeldung des Bedienpanels.",Technische Fehlermeldung,Technische Fehlermeldung,1
45,2024-01-21,"Sehr geehrte Damen und Herren, wir haben aktuell ein Problem mit unserer DM-500. Das Display zeigt permanent eine Warnung bezüglich der Übertemperatur an. Können Sie uns hier weiterhelfen?","Guten Tag. Für eine präzise Diagnose benötigen wir bitte die Seriennummer Ihrer DM-500 sowie den genauen Fehlercode, der auf dem Display erscheint. Bitte prüfen Sie vorab, ob die Lüftungsschlitze frei sind und die Umgebungstemperatur innerhalb der Spezifikationen liegt. Weitere Details finden Sie im Handbuch im Downloadbereich.",Technische Fehlermeldung,Technische Fehlermeldung,1
46,2024-01-22,Wartungsplan für CNCF-500 fehlt. Schickt mal rüber.,"Guten Tag, gerne senden wir Ihnen den Wartungsplan zu. Damit wir die Dokumentation der korrekten Maschinenversion zuordnen können, benötigen wir bitte die Seriennummer Ihres Geräts.",Wartung,Wartung,0.95
47,2024-01-23,Status SNU-200???,"Guten Tag. Um Ihnen eine Auskunft zum Status der SNU-200 geben zu können, benötigen wir bitte die zugehörige Bestellnummer oder die Kundennummer. Vielen Dank.",Lieferstatus,Lieferstatus,0.8
48,2024-01-23,"Hallo, wir haben Probleme mit der Hydraulik an der SNU-200. Es kommt ständig eine Warnmeldung, aber ich weiß nicht genau, was sie bedeutet. Die Maschine steht still.","Guten Tag. Dass die Maschine stillsteht, ist natürlich ärgerlich. Damit wir die Hydraulikwarnung analysieren können, benötigen wir bitte die genaue Fehlermeldung (idealerweise ein Foto des Displays) sowie die Seriennummer der SNU-200. Bitte prüfen Sie vorab den Hydraulikölstand im Ausgleichsbehälter.",Technische Fehlermeldung,Technische Fehlermeldung,0.95
49,2024-01-23,"Guten Tag, wir haben ein Problem mit der SCS-100. Die Sensorik reagiert nicht mehr korrekt. Ist das ein Garantiefall? Die Maschine wurde vor knapp einem Jahr gekauft.","Guten Tag. Ob ein Garantiefall vorliegt, hängt von der Art des Defekts und den Garantiebedingungen ab. Bitte senden Sie uns die Seriennummer der SCS-100 und beschreiben Sie uns, wie sich der Sensorfehler äußert. Wir prüfen dies dann umgehend für Sie.",Garantie-Reklamation,Garantie-Reklamation,0.9
50,2024-01-24,"Sehr geehrte Damen und Herren, bezüglich unserer Bestellung der SCS-100 vom letzten Monat müssen wir feststellen, dass der Liefertermin bereits überschritten ist. Wir bitten um eine verbindliche Auskunft über den Verbleib der Ware.","Guten Tag. Wir bedauern die entstandene Verzögerung bei der SCS-100. Bitte nennen Sie uns Ihre Bestellnummer, damit wir den aktuellen Standort der Maschine sowie den neuen voraussichtlichen Liefertermin in unserem System ermitteln können.",Lieferstatus,Lieferstatus,1
51,2024-01-24,Muss ich für die Wartung der DM-500 spezielles Tool haben? Also kein Standard? Bitte um Info.,"Hallo. Ja, für bestimmte Wartungsschritte an der DM-500 ist die Verwendung von Spezialwerkzeug erforderlich, um Schäden an den Komponenten zu vermeiden. Bitte nennen Sie uns die Seriennummer Ihrer Maschine, damit wir Ihnen die benötigten Artikelnummern der Werkzeuge nennen können.",Wartung,Wartung,1
52,2024-01-25,SCS-100 Software macht Probleme. Update nicht möglich. Hilfe!,"Hallo. Dass das Update für die SCS-100 fehlschlägt, kann verschiedene Ursachen haben. Bitte teilen Sie uns die Seriennummer des Geräts und die genaue Fehlermeldung mit, die während des Update-Vorgangs angezeigt wird.",Software-Problem,Software-Problem,1
53,2024-01-25,Was für Spezialwerkzeug wird für die CNCF-500 benötigt? Wir wollen den Service selbst machen.,"Guten Tag. Für die Durchführung der Wartung an der CNCF-500 ist die Verwendung von Original-Spezialwerkzeug vorgesehen. Bitte nennen Sie uns die Seriennummer Ihrer Maschine, damit wir Ihnen eine Liste der erforderlichen Artikelnummern für Ihren Eigenbedarf erstellen können.",Wartung,Wartung,0.9
54,2024-01-25,SCS-100 hat Defekt. Bitte um Rückmeldung zum Prozess.,"Guten Tag. Um Ihnen den Prozess für eine Reklamation erläutern zu können, benötigen wir vorab Details zum Gerät. Bitte nennen Sie uns die Seriennummer der SCS-100 sowie eine kurze Beschreibung des Defekts. Erst nach dieser Identifikation können wir den Garantiestatus prüfen.",Garantie-Reklamation,Garantie-Reklamation,0.7
55,2024-01-25,Schulung Termin für DM-500 (Bestellnr 4452-X) am 12.05. möglich?,"Guten Tag. Wir prüfen gerne die Verfügbarkeit unserer Techniker für den 12.05. Bitte lassen Sie uns noch die Seriennummer der DM-500 zukommen, damit wir die technische Vorbereitung für diesen Termin sicherstellen können.",Schulung,Schulung,1
56,2024-01-26,Ersatzteil für SNU-200. Preis?,"Guten Tag, für eine Preisauskunft benötigen wir bitte die genaue Bezeichnung des Ersatzteils sowie die Seriennummer Ihrer SNU-200. Sobald uns diese Informationen vorliegen, erstellen wir Ihnen gerne ein Angebot.",Ersatzteil-Anfrage,Ersatzteil-Anfrage,1
57,2024-01-26,"Guten Tag, wir haben ein Problem mit der SNU-200. Ein Sensor scheint defekt zu sein. Bitte schicken Sie uns ein Angebot für den Ersatz. Details siehe Anhang.","Guten Tag. Leider konnte der Anhang Ihrer Nachricht nicht korrekt geladen werden. Damit wir das passende Ersatzteil für Ihre SNU-200 auswählen können, senden Sie uns bitte die Artikelnummer des Sensors oder die Seriennummer der Maschine erneut zu. Vielen Dank.",Ersatzteil-Anfrage,Ersatzteil-Anfrage,1
58,2024-01-26,"Guten Tag, ich wollte gerade das neue Software-Update für unsere SNU-200 aufspielen, aber die Installation bricht nach 15% immer wieder ab. Was ist da los? Artikelnummer 88-432-X.","Guten Tag. Dass das Update der SNU-200 vorzeitig abbricht, ist unüblich. Bitte stellen Sie sicher, dass während des Vorgangs keine anderen Prozesse im Hintergrund laufen und ausreichend Speicherplatz auf dem System vorhanden ist. Sollte der Fehler weiterhin bestehen, senden Sie uns bitte ein Logfile des Installationsversuchs zu.",Software-Problem,Software-Problem,1
59,2024-01-26,"Moin, wir brauchen ne neue Rechnungsadr für die DM-500 Maschine. Die alte stimmt nimmer.","Moin, um die Rechnungsadresse für Ihre DM-500 anzupassen, benötigen wir bitte die dazugehörige Seriennummer der Maschine sowie die aktuelle Rechnungsnummer. Sobald uns diese Daten vorliegen, leiten wir die Änderung intern weiter.",Sonstiges,Sonstiges,1
60,2024-02-01,Lieferstatus für CNCF-500 (Seriennummer: CNCF-500-99281) bitte. Bisher nichts gehört.,"Guten Tag, vielen Dank für die Bereitstellung der Seriennummer. Wir haben den Status der CNCF-500-99281 geprüft: Die Maschine wurde bereits verladen. Sie sollten die Versandbestätigung in Kürze erhalten. Bitte prüfen Sie gegebenenfalls auch Ihren Spam-Ordner.",Lieferstatus,Lieferstatus,1
61,2024-02-01,"Sehr geehrte Damen und Herren, wir haben seit heute Morgen massive Probleme mit unserer DM-500. Jedes Mal, wenn wir versuchen, eine DXF-Datei einzuspielen, friert das gesamte System ein. Das blockiert unsere Produktion. Bitte um schnelle Hilfe!","Guten Tag, das ist ärgerlich und wir verstehen die Dringlichkeit. Damit wir die Ursache eingrenzen können, benötigen wir bitte die genaue Softwareversion sowie die Fehlermeldung (idealerweise ein Foto des Bildschirms). Bitte prüfen Sie vorab, ob die DXF-Datei in einer älteren Version gespeichert wurde, da dies oft zu Konflikten führt. Wir warten auf Ihre Rückmeldung.",Software-Problem,Software-Problem,0.95
62,2024-02-02,Wir brauchen dringend Ersatz für die HP-150. Irgendwas mit dem Kühlmittelregler. Können Sie uns helfen?,"Guten Tag, vielen Dank für Ihre Nachricht. Um Ihnen beim Kühlmittelregler der HP-150 gezielt helfen zu können, benötigen wir bitte die Seriennummer der Maschine sowie idealerweise die Artikelnummer des defekten Reglers. Alternativ können Sie uns auch ein Foto des Bauteils zukommen lassen.",Ersatzteil-Anfrage,Ersatzteil-Anfrage,0.9
63,2024-02-03,Brauche Angebot für Ersatzteil DM-500. Teilnr 88-21-A. Wie lange Lieferzeit?,"Guten Tag. Vielen Dank für Ihre Anfrage. Wir prüfen aktuell die Verfügbarkeit der Artikelnummer 88-21-A für das Modell DM-500. Bitte beachten Sie, dass die Lieferzeit von der aktuellen Lagerlage abhängt. Wir melden uns mit einer konkreten Zeitangabe und einem Preisangebot bei Ihnen.",Ersatzteil-Anfrage,Ersatzteil-Anfrage,1
64,2024-02-03,Warum stürzt meine CNCF-500 ständig ab? Seit dem letzten Mal geht gar nichts mehr mit den Zeichnungen.,"Guten Tag. Es tut uns leid, dass die CNCF-500 aktuell nicht zuverlässig arbeitet. Um Ihnen gezielt helfen zu können, benötigen wir die Seriennummer Ihres Geräts und die Information, ob der Absturz unmittelbar beim Öffnen oder erst während des Importvorgangs von Zeichnungen erfolgt.",Software-Problem,Software-Problem,0.85
65,2024-02-03,Brauche Schulung für FSL-300. Melden Sie sich.,"Guten Tag, wir unterstützen Sie gerne bei der Schulung für die FSL-300. Damit wir den richtigen Schulungstyp (Vor-Ort oder Remote) planen können, senden Sie uns bitte noch die zugehörige Bestellnummer oder die Seriennummer der Anlage zu. Vielen Dank.",Schulung,Schulung,1
66,2024-02-04,"Moin, unser FSL-300 macht Zicken. Wenn wir Zeichnungen importieren wollen, geht das Programm einfach aus. Haben wir da ein Problem mit dem neuen Patch?","Moin, vielen Dank für Ihre Nachricht. Um zu prüfen, ob der Patch die Ursache ist, benötigen wir Ihre aktuelle Softwareversion und die genaue Artikelnummer des installierten Moduls. Bitte versuchen Sie testweise, eine sehr kleine DXF-Datei zu importieren, um zu sehen, ob der Fehler dateispezifisch ist.",Software-Problem,Software-Problem,0.9
67,2024-02-04,Reklamation wegen defektem Display an der FSL-300. Das Teil reagiert gar nicht mehr. Art.Nr. 8829-X. Bitte um schnelle Rückmeldung!,"Guten Tag. Wir haben Ihre Reklamation zur FSL-300 (Art.Nr. 8829-X) erhalten. Damit wir den Vorgang im System anlegen können, benötigen wir zwingend noch die Seriennummer des Geräts. Bitte lassen Sie uns diese zeitnah zukommen, damit wir die Prüfung der Garantiebedingungen einleiten können.",Garantie-Reklamation,Garantie-Reklamation,0.8
68,2024-02-04,"Sehr geehrte Damen und Herren, im Rahmen unserer Qualitätssteigerung planen wir, das Personal an der CNCF-500 intensiver zu schulen. Bieten Sie hierfür Vor-Ort-Termine an oder führen Sie die Trainings online durch?","Sehr geehrte Damen und Herren, vielen Dank für Ihre Anfrage. Wir bieten sowohl Präsenzschulungen direkt an Ihrer Anlage als auch digitale Trainingsmodule an. Um ein maßgeschneidertes Angebot zu erstellen, bitten wir um die Angabe der Seriennummer Ihrer CNCF-500 sowie der gewünschten Schwerpunkte der Schulung.",Schulung,Schulung,1
69,2024-02-04,"Wir haben Probleme bei der Bedienung der CNCF-500. Ein Training wäre sinnvoll, um Fehler zu vermeiden. Bitte um Info zu Ablauf und Kosten.","Guten Tag. Gerne unterstützen wir Sie durch eine gezielte Schulung, um die Bedienung Ihrer CNCF-500 zu optimieren. Bitte teilen Sie uns die Seriennummer der Maschine sowie die spezifischen Anwendungsbereiche mit, auf die wir im Training besonders eingehen sollen. Im Anschluss erhalten Sie ein detailliertes Angebot.",Schulung,Schulung,1
70,2024-02-05,"Sehr geehrte Damen und Herren, bezüglich unserer Bestellung vom 12. des Monats (CNCF-500, Bestellnr: 11029) wollten wir anfragen, ob der Versand bereits veranlasst wurde, da uns bisher keine Tracking-Nummer vorliegt.","Guten Tag. Vielen Dank für Ihre Anfrage. Wir prüfen den Status der Bestellung 11029. Falls die Maschine bereits unser Werk verlassen hat, senden wir Ihnen die Tracking-Nummer umgehend nach.",Lieferstatus,Lieferstatus,1
71,2024-02-05,Dringend!!! Ersatzteil für SCS-100 benötigt. Die Steuereinheit spinnt. Was kostet das und wann kommt das?,"Guten Tag, wir verstehen die Dringlichkeit Ihres Anliegens. Um Ihnen ein präzises Angebot für die Steuereinheit der SCS-100 erstellen zu können, benötigen wir zwingend die Seriennummer der Maschine sowie die Softwareversion, die aktuell auf dem Gerät läuft.",Ersatzteil-Anfrage,Ersatzteil-Anfrage,0.9
72,2024-02-07,"Sehr geehrte Damen und Herren, bezüglich unserer Bestellung der CNCF-500 vom 12.03. (Bestellnummer: 445-001) fehlt uns noch die Tracking-Nummer. Können Sie uns diese bitte nachreichen?","Guten Tag. Ich habe Ihre Bestellung 445-001 geprüft. Die CNCF-500 wurde heute Morgen an unseren Spediteur übergeben. Die Tracking-Nummer wird Ihnen in einer separaten E-Mail zugestellt, sobald das System des Logistikpartners den Scanvorgang bestätigt hat.",Lieferstatus,Lieferstatus,1
73,2024-02-08,Fehler Druck zu niedrig bei HP-150. Was tun?,"Guten Tag, für eine gezielte Unterstützung benötigen wir weitere Informationen. Bitte nennen Sie uns die genaue Fehlermeldung (inkl. Fehlercode) sowie die Seriennummer Ihrer HP-150. Prüfen Sie vorab, ob die Druckluftversorgung stabil ist und keine Leckagen an den Schlauchverbindungen vorliegen.",Technische Fehlermeldung,Technische Fehlermeldung,0.9
74,2024-02-08,"Adressänderung! Wir ziehen um. Neue Anschrift: Industriestraße 12, 80331 München.","Guten Tag, wir haben Ihre Mitteilung zur Adressänderung erhalten. Um den Vorgang korrekt abzuschließen, teilen Sie uns bitte noch kurz mit, für welche Kundennummer oder welche bestehende Bestellung diese Änderung gelten soll. Vielen Dank für Ihre Mithilfe.",Sonstiges,Sonstiges,1
75,2024-02-09,"Hallo, wir haben Probleme mit dem Software-Update auf der SNU-200. Nach dem Einspielen der neuen Version lässt sich kein DXF mehr laden. Hilfe!","Hallo, vielen Dank für Ihre Meldung. Dass nach einem Update Probleme beim DXF-Import auftreten, kann verschiedene Ursachen haben, etwa inkompatible Dateistrukturen oder unvollständige Installationsschritte. Um Ihnen gezielt helfen zu können, senden Sie uns bitte die genaue Versionsnummer der installierten Software sowie die Seriennummer Ihrer SNU-200 zu. Wir werden den Vorgang dann umgehend prüfen.",Software-Problem,Software-Problem,1
76,2024-02-10,Ist die FSL-300 schon auf dem LKW? Wir haben hier noch keine Bestätigung erhalten.,"Guten Tag. Bitte lassen Sie mir Ihre Bestellnummer zukommen, damit ich prüfen kann, ob die FSL-300 bereits für den Versand freigegeben wurde. Ohne diese Information kann ich keine detaillierte Auskunft zum Status geben.",Lieferstatus,Lieferstatus,1
77,2024-02-10,"Die Intervalle für die CNCF-500 sind viel zu kurz, das nervt. Gibt es da keine längeren Zyklen?","Guten Tag. Die Wartungsintervalle der CNCF-500 sind so definiert, dass die Betriebssicherheit und die Präzision der Maschine langfristig gewährleistet bleiben. Eine Abweichung von den vorgegebenen Intervallen kann Auswirkungen auf die Gewährleistung haben. Wir empfehlen, sich an die im Handbuch im Downloadbereich definierten Intervalle zu halten.",Wartung,Wartung,0.7
78,2024-02-10,Ist die SNU-200 auch für den Einsatz in salzhaltiger Umgebung geeignet? Kurze Info bitte.,"Guten Tag, die Eignung der SNU-200 für spezifische Umgebungen hängt von der gewählten Konfiguration ab. Bitte teilen Sie uns die genaue Artikelnummer oder die Seriennummer Ihrer Maschine mit. Wir werden dann die technischen Spezifikationen zur Korrosionsbeständigkeit für Sie prüfen.",Sonstiges,Sonstiges,0.9
79,2024-02-11,"Hallo Support-Team, wir benötigen für unsere SCS-100 eine neue Kühlmittelpumpe. Ist das Teil ab Lager verfügbar oder muss das erst bestellt werden?","Guten Tag, vielen Dank für Ihre Anfrage. Um die Verfügbarkeit der Kühlmittelpumpe für Ihre SCS-100 prüfen zu können, benötigen wir bitte die Seriennummer Ihrer Maschine. Wir prüfen dann umgehend, ob das Teil lagernd ist oder eine längere Lieferzeit in Kauf genommen werden muss.",Ersatzteil-Anfrage,Ersatzteil-Anfrage,1
80,2024-02-11,"Sehr geehrte ENDI-Support-Abteilung, leider mussten wir feststellen, dass die Sensorik unserer SNU-200 (Bestellung Nr. 44920-B) nicht mehr korrekt arbeitet. Die Sensoren reagieren verzögert. Da der Kauf erst im letzten Quartal erfolgte, möchten wir hiermit formell Reklamation einlegen.","Guten Tag, wir bedauern die Unannehmlichkeiten mit der SNU-200. Bitte senden Sie uns eine detaillierte Beschreibung der Verzögerungen sowie die aktuelle Softwareversion der Steuerung zu. Wir werden dann prüfen, ob eine Reparatur oder ein Austausch im Rahmen der Garantie erfolgt.",Garantie-Reklamation,Garantie-Reklamation,1
81,2024-02-11,"Haben Sie Trainings für die SCS-100? Hab die Seriennummer nicht parat, muss ich suchen. Aber es geht um die neue Version.","Guten Tag, ja, wir bieten Trainings für die SCS-100 an. Sobald Sie die Seriennummer gefunden haben, lassen Sie uns diese bitte zukommen. Da Sie die neue Version erwähnen, ist diese Information besonders wichtig, um die korrekten Schulungsinhalte für Sie vorzubereiten.",Schulung,Schulung,1
82,2024-02-12,Haben Sie ein neues Update für die FSL-300? Die DXF-Funktion spinnt rum und die Kiste stürzt ständig ab.,"Guten Tag, wir prüfen gerne, ob für Ihre FSL-300 ein aktuelles Update verfügbar ist. Bitte nennen Sie uns hierfür die Seriennummer des Geräts sowie die derzeit installierte Softwareversion. Sie können aktuelle Versionen auch jederzeit direkt im Downloadbereich einsehen.",Software-Problem,Software-Problem,0.9
83,2024-02-13,"Sehr geehrter Support, wir warten dringend auf die HP-150. Der Lieferverzug behindert unsere Produktion. Bitte um sofortige Klärung des Status.","Guten Tag. Wir verstehen die Dringlichkeit aufgrund Ihrer Produktionsplanung. Bitte nennen Sie uns Ihre Bestellnummer, damit wir den Status der HP-150 priorisiert prüfen und Ihnen eine Information zum Liefertermin geben können.",Lieferstatus,Lieferstatus,1
84,2024-02-13,"SCS-100 meldet 'Sensor Defekt'. Wir haben das Teil schon mal gereinigt, hat nichts gebracht. Was ist der nächste Schritt?","Guten Tag. Da eine Reinigung keine Besserung brachte, könnte ein elektrischer Defekt vorliegen. Bitte senden Sie uns die Seriennummer der SCS-100 und die genaue Fehlernummer zu. Wir werden dann prüfen, ob ein Austausch des Sensors erforderlich ist.",Technische Fehlermeldung,Technische Fehlermeldung,0.95
85,2024-02-14,"Hallo, ich habe am 12.03. die FSL-300 bestellt (Art.-Nr. 8829-B), aber die Versandbestätigung ist nie angekommen. Können Sie mal schauen?","Guten Tag. Vielen Dank für Ihre Nachricht. Ich habe den Vorgang zu der Artikelnummer 8829-B geprüft. Da uns für eine detaillierte Abfrage der Logistikdaten noch Ihre spezifische Bestellnummer fehlt, bitten wir Sie, uns diese kurz nachzureichen. Wir klären dann sofort mit dem Spediteur, wo sich die FSL-300 befindet.",Lieferstatus,Lieferstatus,1
86,2024-02-14,"Sehr geehrte Damen und Herren, im Rahmen einer Wartung an der SNU-200 haben wir festgestellt, dass der Antriebsriemen verschlissen ist. Bitte senden Sie uns ein Angebot über zwei Stück des entsprechenden Riemens zu. Die Maschinen-ID ist SNU-8821.",Guten Tag. Vielen Dank für Ihre Nachricht. Wir erstellen Ihnen gerne ein Angebot über zwei Antriebsriemen für die SNU-200 (ID: SNU-8821). Wir prüfen die Bestände und senden Ihnen die Kalkulation sowie die Lieferzeitinformationen kurzfristig zu.,Ersatzteil-Anfrage,Ersatzteil-Anfrage,0.9
87,2024-02-14,"Angebot bitte: Ersatzplatte für SCS-100, Art 55432. Lieferzeit?","Guten Tag, vielen Dank für Ihre Anfrage. Wir erstellen Ihnen gerne ein Angebot für die Ersatzplatte (Art.-Nr. 55432) zur SCS-100. Die Lieferzeit geben wir Ihnen im Angebot explizit an.",Ersatzteil-Anfrage,Ersatzteil-Anfrage,1
88,2024-02-14,snu-200 training anfragen. bitte um info.,"Guten Tag, gerne informieren wir Sie über unsere Trainingsmöglichkeiten für die SNU-200. Damit wir Ihnen die passenden Module anbieten können, teilen Sie uns bitte die Seriennummer der Maschine und Ihren Standort mit.",Schulung,Schulung,1
89,2024-02-15,Wo bleibt die FSL-300? Bestellung Nr. 88291 ist überfällig.,Guten Tag. Wir prüfen den Lieferstatus der FSL-300 aus der Bestellung 88291 gerne für Sie. Wir setzen uns umgehend mit der Versandabteilung in Verbindung und melden uns mit einem Update bei Ihnen.,Lieferstatus,Lieferstatus,1
90,2024-02-15,"Die Maschine CNCF-500 macht komische Geräusche. Ich glaube, ein Lager ist durch. Schickt mir mal ne Preisanfrage für Ersatz. Keine Ahnung welche Nummer das Teil hat.","Guten Tag. Um das passende Lager für Ihre CNCF-500 zu identifizieren, benötigen wir bitte die Seriennummer der Maschine sowie – falls möglich – ein Foto des Typenschilds oder des defekten Bauteils. Alternativ finden Sie die Teilenummer in Ihrem technischen Handbuch im Downloadbereich.",Ersatzteil-Anfrage,Ersatzteil-Anfrage,0.9
91,2024-02-15,Ersatzteil für DM-500 gesucht. Bitte um Rückmeldung.,"Guten Tag. Um Ihnen bei der Suche nach dem passenden Ersatzteil für Ihre DM-500 behilflich zu sein, benötigen wir weitere Informationen. Bitte nennen Sie uns die Artikelnummer des benötigten Teils oder die Seriennummer Ihrer Maschine, damit wir die Kompatibilität verifizieren können.",Ersatzteil-Anfrage,Ersatzteil-Anfrage,1
92,2024-02-16,"Sehr geehrte Damen und Herren, bitte senden Sie uns ein Angebot für die folgenden Teile: 1x Filterelement (Art. 441), 1x O-Ring (Art. 009). Maschine: DM-500.","Guten Tag. Gerne erstellen wir Ihnen das gewünschte Angebot für das Filterelement und den O-Ring. Um die Kompatibilität mit Ihrer DM-500 sicherzustellen, benötigen wir bitte noch die Seriennummer Ihrer Maschine.",Ersatzteil-Anfrage,Ersatzteil-Anfrage,1
93,2024-02-16,Warum funktioniert der DXF-Import seit dem letzten Update auf der HP-150 nicht mehr? Das ist extrem nervig!,"Guten Tag, wir bedauern die Unannehmlichkeiten. Bitte prüfen Sie, ob die DXF-Dateien im ASCII-Format vorliegen. Um die Kompatibilität des Updates zu verifizieren, benötigen wir bitte Ihre Seriennummer und die aktuelle Softwareversion.",Software-Problem,Software-Problem,0.95
94,2024-02-17,"Hallo, unsere HP-150 zeigt Fehler 09. Haben wir noch Garantie? Bestellnummer 11-992.","Guten Tag. Vielen Dank für Ihre Nachricht. Wir prüfen gerne den Garantiestatus für Ihre HP-150 anhand der Bestellnummer 11-992. Um die Fehlerursache schneller zu identifizieren, geben Sie uns bitte zusätzlich die Seriennummer der Maschine an.",Garantie-Reklamation,Garantie-Reklamation,0.9
95,2024-02-17,Brauchen Training für die neue Maschine. Melden Sie sich.,"Hallo. Damit wir das passende Schulungsprogramm für Sie auswählen können, teilen Sie uns bitte mit, um welches Modell es sich handelt und wie viele Mitarbeiter teilnehmen sollen. Wir senden Ihnen dann die entsprechenden Informationen zu.",Schulung,Schulung,1
96,2024-02-17,"Moin, brauchen ne Einweisung für die neuen Geräte. Welche Modelle habt ihr da im Programm für das Training?","Moin. Wir bieten Trainings für unser gesamtes aktuelles Sortiment an, unter anderem für die DM-Serie, FSL-Serie und die CNC-Modelle. Damit wir Ihnen die passenden Unterlagen senden können, lassen Sie uns bitte wissen, welche Maschinen bei Ihnen im Einsatz sind oder geplant sind.",Schulung,Schulung,1
97,2024-02-17,"Wir benötigen eine Änderung der Rechnungsanschrift für unsere laufende Bestellung der HP-150 (Art-Nr: 4402). Die neue Adresse lautet: Gewerbepark Ost, 50667 Köln.",Guten Tag. Vielen Dank für die Information. Wir werden die Rechnungsanschrift für Ihre Bestellung der HP-150 entsprechend anpassen.,Sonstiges,Sonstiges,1
98,2024-02-18,"Sehr geehrte Damen und Herren, wir warten nun schon seit über zwei Wochen auf die Lieferung der bestellten DM-500 Fräsmaschine. Bisher haben wir keinerlei Informationen zum Versand erhalten. Bitte teilen Sie uns den aktuellen Status mit.","Guten Tag. Vielen Dank für Ihre Nachricht. Ich werde den aktuellen Status Ihrer DM-500 umgehend für Sie prüfen. Damit ich die Sendungsverfolgung direkt aufrufen kann, benötige ich bitte Ihre Bestellnummer. Sobald mir diese vorliegt, melde ich mich mit einem Update bei Ihnen.",Lieferstatus,Lieferstatus,1
99,2024-02-19,DM-500 läuft nicht wie sie soll. Wahrscheinlich Garantie? Bitte um Rückmeldung.,"Guten Tag, um dies beurteilen zu können, benötigen wir bitte die Seriennummer der DM-500 sowie eine detaillierte Fehlerbeschreibung. Wir werden den Fall nach Erhalt der Informationen umgehend prüfen.",Garantie-Reklamation,Garantie-Reklamation,0.85
100,2024-02-19,"Guten Tag, ist es möglich, über Sie ein Praktikum im Bereich Qualitätsmanagement zu absolvieren? Ich studiere im 5. Semester.",Guten Tag. Vielen Dank für Ihre Anfrage. Für Praktikumsanfragen im Bereich Qualitätsmanagement wenden Sie sich bitte direkt an unsere Personalabteilung. Weitere Informationen zu unseren internen Abläufen finden Sie in den allgemeinen Informationen im Downloadbereich unserer Webseite.,Sonstiges,Sonstiges,1
101,2024-02-20,Lieferstatus HP-150 bitte. Keine Angabe zur Sendung vorhanden.,"Guten Tag, gerne prüfe ich den Lieferstatus der HP-150 für Sie. Bitte teilen Sie mir hierzu Ihre Bestellnummer oder die Seriennummer mit, falls diese bereits bekannt ist. Sobald mir diese Daten vorliegen, leite ich die Abfrage in der Logistik ein.",Lieferstatus,Lieferstatus,1
102,2024-02-20,"CNCF-500: Spindel meldet Fehler. Keine Seriennummer zur Hand, aber Artikelnummer ist 44556-B.","Guten Tag. Vielen Dank für die Artikelnummer. Um Ihnen jedoch spezifische technische Anweisungen für Ihre CNCF-500 geben zu können, ist die Seriennummer zwingend erforderlich, da diese die exakte Konfiguration bestimmt. Bitte suchen Sie das Typenschild an der Maschine und lassen Sie uns die Nummer sowie den genauen Fehlercode zukommen.",Technische Fehlermeldung,Technische Fehlermeldung,1
103,2024-02-21,"Moin, kurze Frage zur DM-500. Wann kommt das Teil endlich an? Wir planen die Montage für Montag.","Guten Tag, ich verstehe die Dringlichkeit Ihrer Planung. Damit ich Ihnen einen konkreten Liefertermin nennen kann, benötige ich bitte Ihre Bestellnummer. Ich werde dann sofort mit der Versandabteilung klären, ob die Anlieferung für Montag realisierbar ist.",Lieferstatus,Lieferstatus,1
104,2024-02-21,Haben wir die HP-150 schon verschickt? Ich find keine Bestätigung im Postfach.,"Guten Tag. Ich schaue gerne für Sie nach. Könnten Sie mir bitte kurz die zugehörige Bestellnummer oder zumindest Ihren Firmennamen nennen? Dann kann ich sofort prüfen, ob die Versandbestätigung für die HP-150 bereits versendet wurde.",Lieferstatus,Lieferstatus,1
105,2024-02-21,"Moin, die CNCF-500 spinnt rum. Sensorfehler meldet das Ding ständig. Was soll ich machen?","Moin. Ein Sensorfehler kann durch Verschmutzung oder einen Defekt verursacht werden. Bitte reinigen Sie die Sensoren vorsichtig mit Druckluft und prüfen Sie, ob die Kabelverbindungen fest sitzen. Damit wir gezielter unterstützen können, senden Sie uns bitte die Seriennummer der CNCF-500 und die genaue Bezeichnung des Fehlers zu.",Technische Fehlermeldung,Technische Fehlermeldung,0.95
106,2024-02-21,Haben Sie Trainingsangebote für die SCS-100? Wir haben die Maschine vor kurzem erworben.,"Guten Tag. Vielen Dank für Ihre Anfrage. Ja, wir führen verschiedene Trainingsangebote für die SCS-100, die von der Basiseinweisung bis zur Experten-Schulung reichen. Um Ihnen die passenden Optionen aufzuzeigen, benötigen wir bitte die Seriennummer Ihrer Maschine sowie einen Hinweis darauf, welches Vorwissen Ihre Mitarbeiter bereits mitbringen.",Schulung,Schulung,1
107,2024-02-22,"Guten Tag, wir müssen unsere Lieferadresse für zukünftige Bestellungen der DM-500 Serie ändern. Bitte passen Sie unsere Stammdaten an.","Guten Tag. Gerne nehmen wir die Änderung Ihrer Lieferadresse vor. Bitte lassen Sie uns die neue Anschrift sowie Ihre Kundennummer zukommen, damit wir die Anpassung in unserem System vornehmen können.",Sonstiges,Sonstiges,1
108,2024-02-23,"Sehr geehrte Support-Abteilung, bei unserer laufenden Produktion mit der DM-500 tritt plötzlich eine Warnung bezüglich der Spindeltemperatur auf. Wir benötigen dringend technische Unterstützung.","Guten Tag. Bitte prüfen Sie zunächst die Kühlmittelversorgung der Spindel und stellen Sie sicher, dass keine Blockaden im Kühlkreislauf vorliegen. Damit wir den Fall an die Technik eskalieren können, senden Sie uns bitte die Seriennummer der DM-500 sowie den exakten Fehlercode zu.",Technische Fehlermeldung,Technische Fehlermeldung,1
109,2024-02-23,Fehler bei SCS-100. Spindel zu heiß. Bitte um Rückmeldung.,"Guten Tag. Bitte unterbrechen Sie den Betrieb der Spindel sofort. Kontrollieren Sie die Kühlmittelzufuhr und die Belüftung des Spindelkopfes. Für eine detaillierte Diagnose benötigen wir die Seriennummer der SCS-100 sowie die genaue Fehlermeldung, die auf dem Display erscheint.",Technische Fehlermeldung,Technische Fehlermeldung,1
110,2024-02-24,"Hallo, ich versuche gerade ein Update auf die neueste Version für den SCS-100 zu machen, aber der Installer bricht ständig ab. Was kann ich tun?","Hallo, bitte prüfen Sie zunächst, ob ausreichend Speicherplatz auf Ihrer Festplatte vorhanden ist und ob alle Hintergrundprozesse der alten Version beendet wurden. Falls das Problem weiterhin besteht, senden Sie uns bitte die Log-Datei des Installers sowie Ihre Seriennummer zu.",Software-Problem,Software-Problem,1
111,2024-02-24,Anfrage zur Änderung der Rechnungsanschrift aufgrund einer internen Umstrukturierung unserer Buchhaltung.,"Guten Tag. Gerne unterstützen wir Sie dabei. Bitte teilen Sie uns die neue Anschrift sowie Ihre Kundennummer mit, damit wir die Stammdaten in unserem System aktualisieren können.",Sonstiges,Sonstiges,1
112,2024-02-25,Brauche Angebot für Ersatzteil zur DM-500. Artikelnummer 883-X. Wie lange Lieferzeit?,"Guten Tag, vielen Dank für Ihre Nachricht. Wir prüfen gerne die Verfügbarkeit des Artikels 883-X für die DM-500. Bitte lassen Sie uns noch die Seriennummer Ihrer DM-500 zukommen, damit wir die Kompatibilität prüfen und Ihnen eine verbindliche Lieferzeit nennen können.",Ersatzteil-Anfrage,Ersatzteil-Anfrage,1
113,2024-02-25,"Hallo, unsere CNCF-500 zeigt ständig 'Sensor Error 04'. Das nervt extrem, die Maschine steht still. Haben Sie ne Lösung?","Guten Tag. Es tut mir leid, dass es zu einem Stillstand kommt. Der Fehler 'Sensor Error 04' deutet oft auf eine Verschmutzung oder einen Defekt des entsprechenden Messsensors hin. Bitte reinigen Sie den Sensor vorsichtig mit Druckluft und prüfen Sie die Steckverbindung. Falls der Fehler bestehen bleibt, senden Sie uns bitte die Seriennummer der Maschine zu.",Technische Fehlermeldung,Technische Fehlermeldung,1
114,2024-02-25,"Sehr geehrte Damen und Herren, wir haben seit dem letzten System-Update massive Probleme mit unserer CNCF-500. Die Software schließt sich regelmäßig ohne Fehlermeldung einfach selbst. Bitte um schnelle Rückmeldung.","Guten Tag. Es tut uns leid zu hören, dass die Software Ihrer CNCF-500 instabil läuft. Um die Ursache einzugrenzen, benötigen wir bitte die genaue Versionsnummer der installierten Software sowie das Datum des letzten Updates. Bitte prüfen Sie vorab, ob alle Systemvoraussetzungen nach dem Update noch erfüllt sind.",Software-Problem,Software-Problem,1
115,2024-02-25,"Sehr geehrte Damen und Herren, wir benötigen für unsere neue DM-500 eine detaillierte Übersicht über die vorgeschriebenen Wartungsintervalle. Könnten Sie uns den entsprechenden Plan zusenden?","Sehr geehrte Damen und Herren, gerne lassen wir Ihnen den Wartungsplan für die DM-500 zukommen. Damit wir Ihnen die exakte Dokumentation für Ihre spezifische Maschinenkonfiguration zusenden können, benötigen wir bitte noch die Seriennummer Ihres Gerätes. Sobald uns diese vorliegt, leiten wir die Unterlagen umgehend weiter.",Wartung,Wartung,0.95
116,2024-02-25,Wie läuft das mit den Schulungen bei euch ab? Haben wir die HP-150 jetzt bekommen und wollen direkt loslegen.,Guten Tag. Der Ablauf ist unkompliziert: Nach Erhalt Ihrer Seriennummer und der Angabe des gewünschten Zeitfensters erstellen wir ein Angebot. Nach Annahme koordinieren wir die Anreise eines Trainers oder schalten Ihnen die digitalen Module frei. Bitte senden Sie uns zur weiteren Bearbeitung die Seriennummer der HP-150 zu.,Schulung,Schulung,1
117,2024-02-26,"Software stürzt ab. Keine Info zur Maschine parat, aber es geht um den DXF Import. Was kann man da machen?","Guten Tag, gerne helfen wir Ihnen weiter. Damit wir die Kompatibilität prüfen können, benötigen wir zwingend die Modellbezeichnung (z.B. DM-500 oder FSL-300), die Seriennummer der Maschine sowie die aktuelle Softwareversion.",Software-Problem,Software-Problem,1
118,2024-02-26,"Hallo, die DM-500 liefert seit heute Morgen keine präzisen Maße mehr. Das Display zeigt Fehlercode E-402. Das Teil ist erst 6 Monate alt. Bitte um schnelle Rückmeldung!","Guten Tag, vielen Dank für den Hinweis. Bitte lassen Sie uns zusätzlich zur Fehlermeldung E-402 die Seriennummer der DM-500 zukommen. Wir werden die Fehlermeldung umgehend mit unserer Technik abgleichen, um zu prüfen, ob ein Austausch der Komponente im Rahmen der Garantie notwendig ist.",Garantie-Reklamation,Technische Fehlermeldung,0.9
119,2024-02-27,Wann kommt die DM-500? Bestellt vor 10 Tagen.,"Guten Tag, gerne sehe ich nach, wie weit die Lieferung Ihrer DM-500 fortgeschritten ist. Bitte nennen Sie uns zur Identifikation des Vorgangs Ihre Bestellnummer oder die Artikelnummer. Vielen Dank.",Lieferstatus,Lieferstatus,1
120,2024-02-27,Lieferverzug bei Modell FSL-300 (Bestellung ENDI-554). Bitte um Rückmeldung!,"Guten Tag. Wir haben die Verzögerung bei Ihrer FSL-300 (Bestellung ENDI-554) geprüft. Es gab eine Unregelmäßigkeit in der Logistikkette, die nun jedoch behoben ist. Die Maschine wird voraussichtlich in zwei Werktagen unser Lager verlassen. Wir bitten die Unannehmlichkeiten zu entschuldigen.",Lieferstatus,Lieferstatus,1
121,2024-02-27,"Sehr geehrte Damen und Herren, an unserer CNCF-500 tritt seit heute Morgen wiederholt die Fehlermeldung 'Spindel-Übertemperatur' auf. Wir benötigen dringend eine Lösung, da der Produktionsstillstand hohe Kosten verursacht. Mit freundlichen Grüßen, Technischer Leiter.","Guten Tag. Dass es zu einem Produktionsstopp kommt, bedauern wir sehr. Bitte prüfen Sie zunächst, ob die Lüftungsschlitze der Spindel frei von Spänen oder Staub sind und die Kühlmittelzufuhr ordnungsgemäß fließt. Um die Ursache genauer zu analysieren, benötigen wir bitte die Seriennummer Ihrer CNCF-500 sowie das aktuelle Software-Update, das auf dem Display angezeigt wird.",Technische Fehlermeldung,Technische Fehlermeldung,1
122,2024-02-27,"SCS-100 zeigt Übertemp an. Alles gecheckt, hilft nix. Was nun?","Guten Tag. Wenn die Standardprüfungen bereits durchgeführt wurden, benötigen wir zur weiteren Analyse die Seriennummer der SCS-100 und die genaue Fehlernummer. Bitte prüfen Sie auch, ob die Umgebungstemperatur in der Werkshalle innerhalb der spezifizierten Grenzwerte liegt.",Technische Fehlermeldung,Technische Fehlermeldung,0.95
123,2024-02-27,Wann muss bei der DM-500 das nächste Mal nachgeschmiert werden? Die Intervalle im Handbuch sind unklar.,"Guten Tag, die Schmierintervalle der DM-500 hängen stark von der täglichen Auslastung und der Staubbelastung ab. Standardmäßig wird eine Überprüfung alle 500 Betriebsstunden empfohlen. Bitte prüfen Sie die spezifischen Parameter in Ihrem Maschinenhandbuch.",Wartung,Wartung,0.9
124,2024-02-27,unser team braucht training fsl-300. bitte schickt uns infos.,"Hallo. Gerne senden wir Ihnen Informationen zu den Trainingsmöglichkeiten für die FSL-300 zu. Bitte geben Sie uns kurz Bescheid, wie viele Mitarbeiter geschult werden sollen und ob Sie eine Vor-Ort-Unterweisung oder ein Online-Training bevorzugen.",Schulung,Schulung,1
125,2024-02-27,"Wir haben die SCS-100 erhalten, aber die Lieferadresse auf dem Lieferschein ist falsch. Bitte prüfen!","Guten Tag, vielen Dank für Ihren Hinweis. Um den Fehler aufzuklären, benötigen wir bitte die Lieferanschrift, die laut Ihrer Information korrekt sein müsste, sowie die Lieferscheinnummer. Wir werden den Vorgang umgehend prüfen.",Sonstiges,Sonstiges,0.85
126,2024-02-28,Ersatzteil gesucht. HP-150. Schicken Sie mir mal Preise.,"Guten Tag, vielen Dank für Ihr Interesse. Damit wir Ihnen die korrekten Preise für die HP-150 zusenden können, benötigen wir bitte eine detaillierte Liste der benötigten Komponenten oder zumindest die Seriennummer Ihrer Maschine sowie die Bezeichnung des Ersatzteils. Vielen Dank für Ihre Mithilfe.",Ersatzteil-Anfrage,Ersatzteil-Anfrage,1
127,2024-02-28,"Guten Tag, wir haben eine Warnung bezüglich der Übertemperatur bei der DM-500. Artikelnummer 445-90. Was ist jetzt zu tun?","Guten Tag. Bitte prüfen Sie zuerst die Umgebungstemperatur sowie die Funktion der internen Lüfter. Stellen Sie sicher, dass die Kühlung nicht durch Verschmutzung beeinträchtigt ist. Für eine tiefergehende Analyse benötigen wir zusätzlich die Seriennummer der Maschine.",Technische Fehlermeldung,Technische Fehlermeldung,1
128,2024-03-01,"Guten Tag, ich vermisse die Versandmitteilung für unsere neue CNCF-500. Ist das Gerät schon auf dem Weg zu uns? Bestellnr: 100293-A","Guten Tag. Vielen Dank für Ihre Anfrage. Wir prüfen umgehend den Versandstatus der CNCF-500 für die Bestellung 100293-A. Sie erhalten von uns eine Rückmeldung, sobald uns die Bestätigung der Spedition vorliegt.",Lieferstatus,Lieferstatus,1
129,2024-03-01,"Sehr geehrte Damen und Herren, bezüglich unserer Bestellung der SCS-100 (Art.-Nr. 99-442) müssen wir feststellen, dass der vereinbarte Liefertermin bereits überschritten ist. Wir benötigen dringend eine verbindliche Auskunft über den Verbleib der Maschine.","Sehr geehrte Damen und Herren, wir bitten die Verzögerung bei der Lieferung der SCS-100 zu entschuldigen. Nach Rücksprache mit unserer Produktionsplanung verzögert sich der Versand aufgrund einer kurzfristigen Lieferverzögerung bei einer Komponente. Wir prüfen derzeit den neuen Liefertermin und werden Ihnen bis morgen Mittag eine verbindliche Rückmeldung geben.",Lieferstatus,Lieferstatus,1
130,2024-03-01,"Muss die FSL-300 jetzt schon zur Wartung? Die Anzeige sagt was, aber ich versteh's nicht. Hilfe.","Guten Tag, um die Wartungsanzeige Ihrer FSL-300 korrekt interpretieren zu können, benötigen wir bitte die genaue Fehlermeldung oder den Code, der auf dem Display erscheint. Bitte nennen Sie uns zusätzlich die Seriennummer der Maschine.",Wartung,Wartung,0.85
131,2024-03-01,Kann man für die FSL-300 auch eine reine Software-Schulung buchen? Ohne Hardware-Inbetriebnahme?,"Guten Tag, ja, wir bieten auch reine Software-Schulungen an, falls die Hardware bereits erfolgreich in Betrieb genommen wurde. Bitte teilen Sie uns zur genauen Planung die Seriennummer der FSL-300 sowie die aktuelle Softwareversion mit.",Schulung,Schulung,1
132,2024-03-02,Betreff: Lieferverzug SCS-100. Wir warten vergeblich auf die Spedition. Bitte prüfen Sie das umgehend!,"Guten Tag, wir bitten die Unannehmlichkeiten zu entschuldigen. Ich werde den Status der SCS-100 sofort mit unserem Logistikpartner abgleichen. Bitte geben Sie uns hierfür Ihre Bestellnummer an, damit wir den Vorgang eindeutig zuordnen können.",Lieferstatus,Lieferstatus,1
133,2024-03-02,"Sehr geehrte Damen und Herren, die Lieferung unserer FSL-300 steht noch aus. Können Sie bitte prüfen, ob es Probleme bei der Abwicklung gibt?","Guten Tag. Wir nehmen Ihr Anliegen ernst. Damit wir die Ursache für den Lieferverzug der FSL-300 ermitteln können, benötigen wir bitte Ihre Bestellnummer. Wir werden den Vorgang unmittelbar nach Erhalt Ihrer Nachricht prüfen.",Lieferstatus,Lieferstatus,1
134,2024-03-02,Haben Sie die Dichtung 99-Z für die HP-150 auf Lager? Brauchen wir wieder.,"Guten Tag, wir prüfen umgehend den Lagerbestand der Dichtung 99-Z für das Modell HP-150. Wir lassen Ihnen die Information zur Verfügbarkeit und ein Angebot kurzfristig zukommen.",Ersatzteil-Anfrage,Ersatzteil-Anfrage,1
135,2024-03-02,Software Absturz bei DXF Import. Maschine SNU-200. Hilfe!,"Hallo, bitte beschreiben Sie uns kurz, welche Fehlermeldung angezeigt wird oder ob die Software einfach komplett schließt. Um Ihnen gezielt helfen zu können, benötigen wir zudem die Seriennummer Ihrer SNU-200 und die aktuell installierte Softwareversion.",Software-Problem,Software-Problem,1
136,2024-03-02,"Hallo, brauche Wartungs-Infos zu SNU-200. Was ist da zu tun?","Guten Tag. Um Ihnen die korrekten Wartungsanweisungen für die SNU-200 zusenden zu können, benötigen wir bitte die Seriennummer Ihrer Einheit sowie die aktuelle Softwareversion. Wir senden Ihnen dann die entsprechende Checkliste zu.",Wartung,Wartung,1
137,2024-03-03,Ist die DM-500 schon im Transit? Wir haben bisher keine Mail bekommen.,"Guten Tag. Um den Versandstatus der DM-500 zu prüfen, benötigen wir bitte Ihre Bestellnummer oder die Seriennummer des Geräts. Sobald uns diese vorliegt, informieren wir Sie über den aktuellen Lieferstatus.",Lieferstatus,Lieferstatus,1
138,2024-03-03,HP-150 druck problem. Druck zu hoch. Hilfe?,"Guten Tag. Bitte kontrollieren Sie umgehend das Druckentlastungsventil und prüfen Sie, ob die Druckregelung korrekt eingestellt ist. Für eine technische Unterstützung benötigen wir bitte die Seriennummer der HP-150 und die genaue Fehlermeldung des Systems.",Technische Fehlermeldung,Technische Fehlermeldung,0.8
139,2024-03-03,Fehler beim Import von DXF auf SCS-100. Die Software schließt sich ohne Vorwarnung. Wir haben die Bestellung Nr. 449012.,"Guten Tag. Vielen Dank für die Angabe Ihrer Bestellnummer. Um den Fehler bei Ihrer SCS-100 zu diagnostizieren, benötigen wir bitte noch die installierte Softwareversion sowie Informationen darüber, ob die betroffenen Dateien auf einem lokalen Laufwerk oder einem Netzwerkpfad liegen. Wir empfehlen zudem, die Systemprotokolle der Software auszulesen.",Software-Problem,Software-Problem,1
140,2024-03-03,"Sehr geehrte Damen und Herren, wir versuchen aktuell, eine neue Konstruktionsdatei im DXF-Format in unsere CNCF-500 einzuspielen, jedoch bricht der Importvorgang jedes Mal mit einer Fehlermeldung ab. Könnten Sie uns hierbei behilflich sein? Mit freundlichen Grüßen, Müller Fertigungstechnik.","Sehr geehrte Damen und Herren, vielen Dank für Ihre Nachricht. Um die Ursache des Importfehlers bei Ihrer CNCF-500 eingrenzen zu können, benötigen wir bitte noch einige zusätzliche Informationen von Ihnen: 1. Die genaue Fehlermeldung (idealerweise als Screenshot), 2. Die aktuell installierte Softwareversion Ihres Systems sowie 3. Die Seriennummer der Maschine. Sobald uns diese Daten vorliegen, können wir prüfen, ob ein Update erforderlich ist oder ob ein Konfigurationsfehler im DXF-Format vorliegt. Wir freuen uns auf Ihre Rückmeldung.",Software-Problem,Software-Problem,1
141,2024-03-03,"Sehr geehrte Damen und Herren, ich habe Fragen zum Wartungsplan der SNU-200. In meinem Handbuch stehen Intervalle, die nicht zu unserer aktuellen Softwareversion passen. Bitte prüfen.","Sehr geehrte Damen und Herren, vielen Dank für Ihren Hinweis. Um die Diskrepanz zwischen dem Handbuch und Ihrer Softwareversion prüfen zu können, benötigen wir bitte die Seriennummer der SNU-200 sowie die aktuell installierte Softwareversion. Wir werden die Daten umgehend abgleichen.",Wartung,Wartung,0.9
142,2024-03-06,Lieferstatus DM-500? Bestelnummer: 10029384,"Guten Tag. Vielen Dank für die Angabe der Bestellnummer. Die DM-500 ist bereits an unseren Spediteur übergeben worden. Die Sendungsverfolgung wird Ihnen in einer separaten E-Mail zugestellt, sobald die erste Statusmeldung des Logistikers vorliegt.",Lieferstatus,Lieferstatus,1
143,2024-03-06,SCS-100 Lieferung verspätet. Was ist da los?,"Guten Tag. Um die Verzögerung bei Ihrer SCS-100 untersuchen zu können, benötigen wir bitte Ihre Bestellnummer. Wir werden dann prüfen, ob es sich um einen Engpass in der Logistik oder in der Produktion handelt.",Lieferstatus,Lieferstatus,1
144,2024-03-06,FSL-300 error code 55. Garantie??,"Guten Tag. Der Fehlercode 55 betrifft die Sensorik. Damit wir prüfen können, ob dies ein Garantiefall ist, benötigen wir die Seriennummer der FSL-300 sowie die Information, ob der Fehler sporadisch oder dauerhaft auftritt. Bitte lassen Sie uns diese Daten zukommen.",Garantie-Reklamation,Garantie-Reklamation,0.8
145,2024-03-08,Haben Sie die HP-150 schon verschickt? Hab nix gehört.,"Guten Tag. Gerne prüfen wir den Versandstatus Ihrer HP-150. Bitte lassen Sie uns dazu Ihre Bestellnummer oder die Artikelnummer zukommen, damit wir den Vorgang in unserem System lokalisieren können.",Lieferstatus,Lieferstatus,1
146,2024-03-08,SCS-100 Wartung. Was ist der Plan? Schicken Sie mal rüber.,"Guten Tag, für die Erstellung eines passenden Wartungsplans für Ihre SCS-100 benötigen wir bitte die Seriennummer sowie die aktuelle Softwareversion der Steuerung. Nach Erhalt dieser Daten senden wir Ihnen die Intervalle und die Checkliste zu.",Wartung,Wartung,1
147,2024-03-10,"Hallo, ich habe eine Anfrage zum Lieferstatus einer Maschine. Kann mir jemand sagen, wann die geliefert wird?","Guten Tag. Gerne helfen wir Ihnen weiter. Damit wir den Status prüfen können, benötigen wir bitte Informationen zum betreffenden Gerät, wie die Modellbezeichnung (z.B. DM-500 oder SNU-200) sowie die Bestellnummer oder Seriennummer.",Lieferstatus,Lieferstatus,1
148,2024-03-10,Technisches Problem mit SNU-200. Hydraulik meldet Druck zu hoch. Artikelnummer 8829-X. Bitte um Hilfe.,"Guten Tag. Vielen Dank für die Angabe der Artikelnummer. Bei einer Meldung über zu hohen Hydraulikdruck an der SNU-200 empfehlen wir, das Druckbegrenzungsventil auf seine Funktion zu prüfen und die Einstellungen gemäß dem Handbuch im Downloadbereich abzugleichen. Bitte teilen Sie uns zur weiteren Analyse noch die Seriennummer der Einheit mit.",Technische Fehlermeldung,Technische Fehlermeldung,1
149,2024-03-10,"Die Software der SCS-100 ist eine Katastrophe. Sobald wir ein DXF laden, geht der Rechner in die Knie. Wir brauchen dringend eine stabilere Version. Artikel 11-22-33.","Guten Tag. Es tut uns leid, dass die Software die gewünschte Stabilität nicht bietet. Bitte prüfen Sie vorab, ob die DXF-Dateien eventuell unnötige Metadaten oder extrem hohe Auflösungen enthalten, die den Speicher überfordern. Für eine technische Überprüfung benötigen wir bitte die Seriennummer Ihres SCS-100 Systems.",Software-Problem,Software-Problem,1
150,2024-03-11,Lieferung steht aus. Maschine HP-150 (Bestellnr 44502). Bitte Info!,"Guten Tag, vielen Dank für Ihre Nachricht. Ich habe die Bestellung 44502 geprüft. Die HP-150 wurde bereits für den Speditionsversand vorbereitet und wird voraussichtlich morgen früh verladen. Die Versandbestätigung inklusive Sendungsverfolgungsnummer erhalten Sie nach der Verladung per E-Mail.",Lieferstatus,Lieferstatus,1
151,2024-03-11,"SCS-100 zeigt Übertemperatur an. Hab alles gereinigt, hilft nix.","Guten Tag. Wenn eine Reinigung der Lüftungsschlitze keine Besserung bringt, liegt möglicherweise ein Problem mit dem internen Kühlsystem vor. Bitte lassen Sie uns die Seriennummer der SCS-100 sowie den genauen Temperaturwert zukommen, der im Display angezeigt wird.",Technische Fehlermeldung,Technische Fehlermeldung,1
152,2024-03-11,"Sehr geehrte Damen und Herren, leider weist unsere CNCF-500 seit heute Morgen einen Defekt am Spindeltrieb auf. Da die Maschine erst vor sechs Monaten geliefert wurde, gehe ich von einem Garantiefall aus. Wie ist das weitere Vorgehen?","Guten Tag. Es tut uns leid zu hören, dass die CNCF-500 Probleme bereitet. Um den Garantieestatus und die technische Ursache prüfen zu können, benötigen wir bitte die Seriennummer der Maschine sowie eine kurze Beschreibung der Fehlermeldung oder des Geräuschs. Sobald uns diese Daten vorliegen, leiten wir die Prüfung durch unsere Technik-Abteilung ein.",Garantie-Reklamation,Garantie-Reklamation,1
153,2024-03-11,Wir haben Probleme mit der CNCF-500 (Seriennummer: CF500-1122). Die Kühlmittelpumpe scheint defekt zu sein. Wie sieht der Prozess für eine Garantieleistung aus?,"Guten Tag, vielen Dank für Ihre Anfrage. Bitte lassen Sie uns eine kurze Beschreibung des Fehlers an der Kühlmittelpumpe zukommen. Nach der technischen Prüfung der Seriennummer CF500-1122 werden wir Sie über die weiteren Schritte zur Instandsetzung im Rahmen der Garantie informieren.",Garantie-Reklamation,Garantie-Reklamation,1
154,2024-03-12,Maschine FSL-300 kaputt. Geht das auf Garantie?,"Guten Tag. Um Ihre Anfrage bearbeiten zu können, benötigen wir bitte die Seriennummer der FSL-300 sowie eine kurze Beschreibung des Defekts. Ohne diese Angaben können wir keine Prüfung des Garantieanspruchs vornehmen.",Garantie-Reklamation,Garantie-Reklamation,1
155,2024-03-13,Wo bleibt die FSL-300? Bestellt vor 3 Wochen. Nichts gehört.,"Guten Tag. Es tut mir leid, dass Sie bisher keine Informationen zu Ihrer FSL-300 erhalten haben. Bitte teilen Sie mir Ihre Bestellnummer mit, damit ich den aktuellen Status der Lieferung umgehend für Sie klären kann.",Lieferstatus,Lieferstatus,1
156,2024-03-13,"Hallo, ich habe bisher keine Versandbestätigung für die FSL-300 bekommen (Art.-Nr. 4450-X). Ist das Gerät schon raus?","Guten Tag. Wir prüfen gerne den Versandstatus Ihrer FSL-300. Bitte lassen Sie uns hierfür Ihre Bestellnummer zukommen, damit wir den Status der Packliste und den Übergabepunkt an den Spediteur verifizieren können.",Lieferstatus,Lieferstatus,1
157,2024-03-13,"Hallo, wir haben hier eine FSL-300 stehen. Die Hydraulikpumpe macht Geräusche. Können wir die bei euch bestellen? Bitte um Info zu Preis und Lieferzeit. Danke.","Guten Tag, vielen Dank für Ihre Nachricht. Gerne prüfen wir die Verfügbarkeit der passenden Hydraulikpumpe für Ihre FSL-300. Damit wir das exakte Bauteil identifizieren können, senden Sie uns bitte die vollständige Seriennummer der Maschine zu. Wir erstellen Ihnen dann umgehend ein Angebot inklusive der voraussichtlichen Lieferzeit.",Ersatzteil-Anfrage,Ersatzteil-Anfrage,1
158,2024-03-14,"Moin, die SNU-200 zeigt ständig 'Sensor Error 04' an. Hab das schon mal neu gestartet, hilft aber nix. Schick mal Hilfe.","Hallo. Ein Neustart ist ein guter erster Schritt. Bitte prüfen Sie, ob der betroffene Sensor mechanisch verschmutzt oder beschädigt ist. Für eine detaillierte Fehleranalyse benötigen wir bitte die vollständige Seriennummer der SNU-200 sowie die aktuelle Softwareversion des Steuerungsmoduls.",Technische Fehlermeldung,Technische Fehlermeldung,1
159,2024-03-15,Wo bleibt die FSL-300? Keine Mail bekommen dazu.,"Guten Tag. Um den Verbleib der FSL-300 prüfen zu können, benötige ich bitte Ihre Bestellnummer oder die entsprechende Auftragsnummer. Sobald uns diese Information vorliegt, geben wir Ihnen Auskunft über den Versandstatus.",Lieferstatus,Lieferstatus,1
160,2024-03-17,Haben Sie die Ersatzteile für die CNCF-500 wieder vorrätig? Wir hatten letztes Mal Probleme mit der Lieferzeit beim Gehäuse.,"Guten Tag, vielen Dank für Ihre Rückmeldung. Um den aktuellen Lagerstatus der gewünschten Teile für Ihre CNCF-500 zu prüfen, benötigen wir bitte die genaue Artikelnummer oder die Bezeichnung der Gehäuseteile sowie die Seriennummer Ihrer Maschine.",Ersatzteil-Anfrage,Ersatzteil-Anfrage,1
161,2024-03-17,"Sehr geehrte Damen und Herren, unsere CNCF-500 zeigt seit heute Morgen beim Anlauf eine Warnung bezüglich der Spindeltemperatur an. Wir benötigen dringend Unterstützung, um den Produktionsstopp zu vermeiden. Mit freundlichen Grüßen, Produktionstechnik GmbH.","Guten Tag. Dass die Produktion unterbrochen ist, bedauern wir sehr. Bitte prüfen Sie als ersten Schritt, ob die Lüftungsschlitze der Spindel frei von Staub oder Spänen sind und die Kühlmittelzirkulation einwandfrei läuft. Sollte der Fehler bestehen bleiben, senden Sie uns bitte die genaue Fehlernummer des Displays sowie die Seriennummer Ihrer CNCF-500 zu, damit wir die Diagnose vertiefen können.",Technische Fehlermeldung,Technische Fehlermeldung,0.95
162,2024-03-18,"bitte Rechnungsadr ändern auf: Neuer Markt 1, 10117 Berlin. Betrifft die Maschinen vom letzten Monat.","Guten Tag. Gerne ändern wir die Rechnungsadresse für Sie. Damit wir die betreffenden Rechnungen der letzten Monat korrekt identifizieren können, benötigen wir bitte die Rechnungsnummern oder zumindest die Seriennummern der gelieferten Maschinen.",Sonstiges,Sonstiges,1
163,2024-03-19,Brauche Wartungsplan für CNCF-500. Schick mal.,"Guten Tag, um Ihnen den korrekten Wartungsplan für Ihre CNCF-500 zukommen zu lassen, benötigen wir bitte die Seriennummer der Maschine. Ohne diese Information können wir nicht sicherstellen, dass der Plan zu Ihrer spezifischen Hardware-Konfiguration passt.",Wartung,Wartung,0.9
164,2024-03-19,Wartung FSL-300: Welche Intervalle gelten bei 3-Schicht-Betrieb?,"Guten Tag, bei einem 3-Schicht-Betrieb verkürzen sich die Wartungsintervalle im Vergleich zum Standardbetrieb, da die Betriebsstunden schneller erreicht werden. Bitte nennen Sie uns die Seriennummer Ihrer FSL-300, damit wir Ihnen die angepassten Intervalle für eine hohe Auslastung berechnen können.",Wartung,Wartung,0.95
165,2024-03-20,"Sehr geehrte Damen und Herren, wir haben seit heute Morgen massive Probleme mit unserer DM-500 Steuerung. Jedes Mal, wenn wir versuchen, eine DXF-Datei für den nächsten Auftrag zu laden, friert das gesamte System ein. Das ist für unseren Produktionsablauf extrem kritisch. Bitte um schnelle Rückmeldung.","Guten Tag. Es tut mir leid zu hören, dass die DM-500 aktuell Ihre Produktion einschränkt. Um die Ursache einzugrenzen, prüfen Sie bitte zunächst, ob die DXF-Dateien nach aktuellen Standards (R14 oder neuer) exportiert wurden. Damit wir den Fehler technisch analysieren können, benötigen wir zudem die genaue Softwareversion sowie die Seriennummer Ihrer Steuerungseinheit.",Software-Problem,Software-Problem,0.85
166,2024-03-20,"Moin, wir müssen an der SNU-200 mal wieder ran. Haben wir für den Service eigentlich das Spezialwerkzeug Set (Art.-Nr. 99-X) im Lieferumfang dabei gehabt oder müssen wir das extra bestellen? Danke.","Moin, das Spezialwerkzeug-Set für die SNU-200 ist standardmäßig nicht im Lieferumfang enthalten, sondern wird als separates Wartungskit geführt. Bitte prüfen Sie in Ihren Lieferunterlagen, ob die Artikelnummer 99-X bereits bestellt wurde. Falls nicht, kann ich Ihnen gerne ein Angebot für das Set erstellen, sobald Sie mir die Seriennummer Ihrer Maschine nennen.",Wartung,Ersatzteil-Anfrage,0.7
167,2024-03-21,Wann kommt die SCS-100? Die Lieferung war eigentlich für gestern geplant. Das ist sehr ärgerlich.,"Guten Tag. Wir bedauern die entstandenen Unannehmlichkeiten durch die Verzögerung der SCS-100 sehr. Damit ich die genaue Ursache und den neuen Lieferzeitpunkt klären kann, benötige ich bitte Ihre Bestellnummer. Ich werde mich nach Erhalt der Information sofort bei Ihnen zurückmelden.",Lieferstatus,Lieferstatus,0.95
168,2024-03-21,Lieferstatus FSL-300 (Bestellung 44556) - bitte prüfen.,"Guten Tag. Vielen Dank für die Angabe Ihrer Bestellnummer 44556. Wir haben die Anfrage zur FSL-300 an unsere Logistikabteilung weitergeleitet und prüfen den aktuellen Versandstatus. Wir melden uns bei Ihnen, sobald uns neue Informationen vorliegen.",Lieferstatus,Lieferstatus,1
169,2024-03-21,Haben Sie ein Formular für Garantieansprüche bei der SCS-100? Das Teil geht nicht mehr an.,"Guten Tag. Ein separates Formular ist nicht erforderlich. Bitte senden Sie uns eine E-Mail mit der Seriennummer der SCS-100, der Bestellnummer und einer kurzen Fehlerbeschreibung. Wir erstellen daraufhin einen Reklamationsfall und prüfen die Garantieabdeckung für Sie.",Garantie-Reklamation,Garantie-Reklamation,0.9
170,2024-03-22,Software crash bei SNU-200. DXF import fail. bitte hilfe!,"Hallo. Damit wir Ihnen bei der SNU-200 gezielt helfen können, benötigen wir bitte die Seriennummer der Maschine sowie eine Beschreibung, ob der Absturz bei allen Dateien oder nur bei bestimmten Formaten auftritt.",Software-Problem,Software-Problem,1
171,2024-03-23,SCS-100? Bestellung 100293. Versandstatus fehlt.,"Guten Tag, vielen Dank für Ihre Anfrage. Ich habe den Status der Bestellung 100293 geprüft. Die SCS-100 wurde bereits versendet. Die Sendungsverfolgung kann über die Ihnen zugesandte Versandbestätigung eingesehen werden. Sollten Sie diese E-Mail nicht erhalten haben, lassen Sie es mich bitte wissen.",Lieferstatus,Lieferstatus,1
172,2024-03-23,Haben Sie die HP-150 schon verschickt? Ich sehe im Portal nichts.,"Guten Tag, ich prüfe das gerne für Sie. Da unser Portal verschiedene Lieferstatus anzeigt, benötige ich bitte Ihre Bestellnummer, um den genauen Status der HP-150 in der Logistik zu verifizieren. Vielen Dank für Ihre Mithilfe.",Lieferstatus,Lieferstatus,1
173,2024-03-23,Haben Sie die HP-150 schon rausgeschickt? Wir warten hier vergeblich.,"Guten Tag, um Ihr Anliegen schnellstmöglich bearbeiten zu können, benötigen wir bitte die Bestellnummer oder die Artikelnummer der HP-150. Ohne diese Angaben können wir den Status in unserem System leider nicht abrufen.",Lieferstatus,Lieferstatus,1
174,2024-03-23,"Moin, wir brauchen für die CNCF-500 neue Schutzkappen (Art. Nr. 88-21). Wie lange dauert die Lieferung aktuell?","Guten Tag, vielen Dank für Ihre Anfrage. Wir prüfen gerne die aktuelle Lieferzeit für die Schutzkappen mit der Artikelnummer 88-21 für die CNCF-500. Wir melden uns zeitnah bei Ihnen mit einer Rückmeldung zur Verfügbarkeit.",Ersatzteil-Anfrage,Ersatzteil-Anfrage,0.95
175,2024-03-23,REKLAMATION: SNU-200 defekt. Sensor liefert falsche Werte. Seriennummer 99283-X. Bitte um schnellen Austausch!,Guten Tag. Wir haben Ihre Meldung zum Sensor der SNU-200 erhalten. Wir werden den Defekt im Rahmen der Garantiebedingungen prüfen. Bitte senden Sie uns vorab ein Foto des Displays oder ein Logfile der Fehlermeldung zu. Nach der technischen Prüfung werden wir Sie über die nächsten Schritte informieren.,Garantie-Reklamation,Garantie-Reklamation,0.9
176,2024-03-24,"Hallo, wir haben ein Problem mit der SNU-200. Da leuchtet ständig eine Warnung wegen eines Sensors auf. Ich weiß nicht genau, welcher es ist. Können Sie helfen?","Guten Tag. Um Ihnen gezielt weiterhelfen zu können, benötigen wir die genaue Bezeichnung oder die Nummer der Warnmeldung, die auf dem Bedienpanel erscheint. Bitte lassen Sie uns zudem die Seriennummer der SNU-200 zukommen, damit wir die entsprechende Dokumentation aufrufen können.",Technische Fehlermeldung,Technische Fehlermeldung,0.9
177,2024-03-24,"Hallo Support-Team, wir haben Probleme mit der HP-150. Software macht schlapp bei DXF-Files. Version ist irgendwie alt, weiß nicht genau. Können wir einfach updaten?","Hallo. Ein Update kann das Problem lösen, wir müssen jedoch sicherstellen, dass Ihre Hardware mit der neuen Version kompatibel ist. Damit ich prüfen kann, welche Version für Ihre HP-150 (Art.-Nr. falls bekannt) die richtige ist, senden Sie uns bitte die aktuelle Softwareversion und die Seriennummer der Maschine zu.",Software-Problem,Software-Problem,1
178,2024-03-24,"Hallo, suchen Sie noch Praktikanten? Wir haben einen Studenten im letzten Semester, der sich sehr für CNC-Technik interessiert.","Guten Tag, vielen Dank für Ihr Interesse an einer Zusammenarbeit. Wir führen regelmäßig Praktika in unseren technischen Abteilungen durch. Bitte senden Sie uns die Bewerbungsunterlagen sowie einen kurzen Lebenslauf des Studenten an unsere Personalabteilung. Eine Rückmeldung erfolgt nach Sichtung der Unterlagen.",Sonstiges,Sonstiges,1
179,2024-03-25,"Guten Tag, ich brauche ein Angebot über einen Antriebsriemen für die DM-500. Die Maschine ist Baujahr 2019.","Guten Tag, vielen Dank für Ihre Anfrage. Um den korrekten Antriebsriemen für Ihre DM-500 aus dem Jahr 2019 zu ermitteln, benötigen wir bitte noch die Seriennummer der Maschine. Diese finden Sie auf dem Typenschild am Maschinenrahmen. Nach Erhalt der Nummer senden wir Ihnen das Angebot umgehend zu.",Ersatzteil-Anfrage,Ersatzteil-Anfrage,1
180,2024-03-26,Wo bleibt die DM-500? Keine Versandmail bekommen.,"Guten Tag, ich schaue gerne für Sie nach dem Status der DM-500. Um die Sendung in unserem System zu finden, geben Sie mir bitte kurz Ihre Bestellnummer oder die Kundennummer durch. Vielen Dank.",Lieferstatus,Lieferstatus,1
181,2024-03-26,"Haben Sie die Ersatzteilnummer 778-Q für die CNCF-500 da? Wenn ja, wie lange dauert der Versand?","Guten Tag, wir prüfen gerne den Lagerbestand des Artikels 778-Q für die CNCF-500. Bitte nennen Sie uns zur Sicherheit noch die Seriennummer Ihrer Maschine, um sicherzustellen, dass es sich um die korrekte Revision handelt.",Ersatzteil-Anfrage,Ersatzteil-Anfrage,1
182,2024-03-26,Hydraulik-Warnung bei SNU-200. Druck schwankt extrem. Hilfe!,"Guten Tag. Bitte prüfen Sie, ob die Filter im Hydraulikkreislauf verschmutzt sind oder ob ein Leck im System vorliegt. Für eine tiefergehende Analyse benötigen wir die Seriennummer der SNU-200 und die genauen Druckwerte, die im Systemprotokoll angezeigt werden.",Technische Fehlermeldung,Technische Fehlermeldung,1
183,2024-03-26,"Hallo, bei der SNU-200 ist die Hydraulik undicht. Das Teil ist noch innerhalb der Garantiefrist. Was ist der nächste Schritt?","Guten Tag, vielen Dank für Ihre Nachricht. Bitte senden Sie uns ein Foto der Leckage sowie die Seriennummer der SNU-200 zu. Wir werden die Meldung umgehend prüfen und Ihnen mitteilen, ob eine Reparatur vor Ort oder ein Rückversand zur Garantieabwicklung notwendig ist.",Garantie-Reklamation,Garantie-Reklamation,1
184,2024-03-26,"Guten Tag, wir sind auf der Messe in Frankfurt auf Ihren Stand gestoßen und würden uns freuen, wenn Sie uns zu kommenden Fachveranstaltungen einladen könnten.","Sehr geehrte Damen und Herren, vielen Dank für Ihr Interesse an unseren Präsentationen. Wir haben Ihre Anfrage notiert. Gerne lassen wir Ihnen bei anstehenden Terminen oder Messeeinladungen Informationsmaterial zukommen. Bitte hinterlassen Sie uns für unsere Datenbank Ihre E-Mail-Adresse und den bevorzugten Fachbereich.",Sonstiges,Sonstiges,1
185,2024-03-26,"Sehr geehrte ENDI-Support-Abteilung, aufgrund eines Umzugs ist unsere neue Rechnungsanschrift nun die Hafenstraße 1, 20457 Hamburg. Bitte berücksichtigen Sie dies bei kommenden Fakturen.","Guten Tag. Wir aktualisieren gerne Ihre Daten. Damit wir die Änderung korrekt Ihrem Kundenkonto zuordnen können, bitten wir um Mitteilung Ihrer Kundennummer oder einer Referenznummer.",Sonstiges,Sonstiges,1
186,2024-03-27,Wann wird die HP-150 geliefert? Haben bisher keine Infos bekommen.,"Guten Tag, gerne informiere ich Sie über den Lieferstatus der HP-150. Bitte lassen Sie mir zur Identifizierung des Vorgangs Ihre Bestellnummer oder die Kundenkontonummer zukommen. Vielen Dank.",Lieferstatus,Lieferstatus,1
187,2024-03-27,kaputte FSL-300. Seriennr nicht zur hand. hilft das wenn ich nur die Rechnungsnr sage? Rechnung 44552,"Guten Tag. Die Rechnungsnummer hilft uns bei der Zuordnung, für die technische Reklamationsprüfung ist jedoch die Seriennummer der FSL-300 zwingend erforderlich. Bitte suchen Sie diese auf dem Typenschild der Maschine und lassen Sie uns diese sowie eine Fehlerbeschreibung zukommen.",Garantie-Reklamation,Technische Fehlermeldung,0.8
188,2024-03-28,"Wir benötigen für unsere FSL-300 eine neue Steuerplatine. Können Sie uns sagen, was das kostet und ob Sie das auf Lager haben?","Guten Tag, wir prüfen gerne die Verfügbarkeit und die Kosten für die Steuerplatine Ihrer FSL-300. Bitte teilen Sie uns hierzu die Seriennummer der Maschine sowie die genaue Artikelnummer der Platine mit, damit wir Ihnen ein korrektes Angebot unterbreiten können.",Ersatzteil-Anfrage,Ersatzteil-Anfrage,1
189,2024-04-01,"Guten Tag, bei der SCS-100 ist ein Druckabfall im System zu verzeichnen (Warnung ID: 882). Können Sie uns hier weiterhelfen?",Guten Tag. Vielen Dank für Ihre Nachricht. Bitte führen Sie eine Sichtprüfung der Schläuche und Ventile auf Leckagen durch. Weitere technische Details und die korrekte Vorgehensweise zur Druckprüfung finden Sie in Ihrem Handbuch im Downloadbereich. Bitte nennen Sie uns für die weitere Unterstützung die Seriennummer des Geräts.,Technische Fehlermeldung,Technische Fehlermeldung,1
190,2024-04-02,Wir haben Probleme mit dem Software-Update auf unserer DM-500. Die Installation verhakt sich ständig. Bestellnummer 77210.,"Guten Tag. Vielen Dank für die Angabe Ihrer Bestellnummer. Um den Installationsfehler bei der DM-500 zu untersuchen, benötigen wir bitte die Seriennummer der Maschine sowie die aktuelle Softwareversion. Bitte stellen Sie sicher, dass keine anderen Programme während des Updates im Hintergrund aktiv sind.",Software-Problem,Software-Problem,1
191,2024-04-02,DM-500 Wartung – welche Teile müssen getauscht werden? (Bestellnr 4455-A),Guten Tag. Die zu ersetzenden Verschleißteile hängen von der Laufzeit und den Betriebsparametern ab. Eine Übersicht der regelmäßig zu tauschenden Komponenten finden Sie in der Wartungsliste Ihrer DM-500 im Downloadbereich. Für eine spezifische Materialbestellung benötigen wir bitte zusätzlich die Seriennummer Ihrer Maschine.,Wartung,Wartung,1
192,2024-04-02,Haben Sie auch Online-Kurse für die SNU-200? Unsere Mitarbeiter sind viel unterwegs.,"Guten Tag. Ja, wir bieten für die SNU-200 auch digitale Trainingsmodule an, die flexibel genutzt werden können. Bitte nennen Sie uns die Seriennummer Ihrer Maschine und die gewünschte Softwareversion, damit wir prüfen können, welche digitalen Inhalte für Ihr Modell verfügbar sind.",Schulung,Schulung,1
193,2024-04-04,Status Lieferung SCS-100? Best.Nr 5521,"Guten Tag, wir haben die Bestellung 5521 geprüft. Die SCS-100 ist aktuell in der Qualitätskontrolle. Der voraussichtliche Versand erfolgt am Freitag. Wir informieren Sie, sobald die Maschine das Werk verlässt.",Lieferstatus,Lieferstatus,1
194,2024-04-04,Haben Sie die Wicklung für den Motor der CNCF-500 vorrätig? Brauche dringend ein Angebot.,"Guten Tag. Um die korrekte Motorwicklung für Ihre CNCF-500 zu identifizieren, benötigen wir bitte die Typenbezeichnung des Motors oder die Seriennummer der Maschine. Sobald uns diese vorliegt, senden wir Ihnen ein Angebot und die Information zur Verfügbarkeit.",Ersatzteil-Anfrage,Ersatzteil-Anfrage,1
195,2024-04-04,DXF Import geht nicht. Software macht schlapp. SNU-200. Was nun?,"Guten Tag, um die Ursache für den Abbruch beim Import zu finden, benötigen wir die Seriennummer Ihrer SNU-200 sowie die installierte Softwareversion. Bitte prüfen Sie zudem, ob die Datei keine Sonderzeichen im Dateinamen enthält, da dies oft zu Fehlern führt.",Software-Problem,Software-Problem,1
196,2024-04-05,Druck zu hoch bei FSL-300. Art-Nr 8829-X. Maschine steht. Bitte schnell antworten.,"Guten Tag, vielen Dank für Ihre Information. Ein zu hoher Druck kann verschiedene Ursachen haben, unter anderem ein defektes Druckbegrenzungsventil. Bitte stellen Sie sicher, dass die Maschine im sicheren Zustand heruntergefahren wird. Damit wir die technische Prüfung einleiten können, benötigen wir zusätzlich zur Artikelnummer bitte noch die Seriennummer der betroffenen FSL-300. Wir werden Ihnen nach Erhalt der Daten die nächsten Schritte zur Druckentlastung und Fehlerdiagnose mitteilen.",Technische Fehlermeldung,Technische Fehlermeldung,0.9
197,2024-04-05,"Moin, bei unserer FSL-300 geht der DXF-Import nimmer. Geht nur noch Fehlermeldung 'Format nicht unterstützt'. Haben wir ein Update verpasst?","Moin, das kann vorkommen, wenn die Datei in einem zu neuen CAD-Standard gespeichert wurde. Bitte prüfen Sie im Handbuch im Downloadbereich die kompatiblen DXF-Versionen. Könnten Sie uns zudem die aktuelle Softwareversion Ihrer FSL-300 mitteilen, damit wir prüfen, ob ein Update für Sie bereitsteht?",Software-Problem,Software-Problem,0.95
198,2024-04-06,Wir benötigen für die DM-500 ein neues Bedienpanel. Bitte um Angebot inkl. Versandkosten nach München. Best.-Nr. 9920-X.,Guten Tag. Gerne erstellen wir Ihnen ein Angebot für das Bedienpanel der DM-500 (Best.-Nr. 9920-X) inklusive der Versandkosten nach München. Wir melden uns in Kürze bei Ihnen.,Ersatzteil-Anfrage,Ersatzteil-Anfrage,1
199,2024-04-07,Betreff: Fehlende Versandbestätigung für HP-150. Bestellung vom 05.05. Bitte um Status.,"Guten Tag. Vielen Dank für Ihre Nachricht. Leider ist in Ihrer Anfrage keine Bestellnummer enthalten. Bitte ergänzen Sie diese, damit wir die HP-150 in unserem System finden und den Versandstatus sowie die hinterlegte E-Mail-Adresse für die Bestätigung prüfen können.",Lieferstatus,Lieferstatus,1
200,2024-04-08,DXF Import geht nicht mehr auf der HP-150. Software bricht ab. Schlägt fehl. Bitte um Rückmeldung.,"Hallo, um das Problem zu lösen, benötigen wir weitere Details: Erhalten Sie eine spezifische Fehlermeldung beim Import oder stürzt das System komplett ab? Bitte nennen Sie uns auch die Seriennummer Ihrer HP-150 und die Softwareversion.",Software-Problem,Software-Problem,1
201,2024-04-10,Status Lieferung SNU-200??,"Guten Tag, gerne prüfe ich den Lieferstatus Ihrer SNU-200. Bitte nennen Sie mir hierfür Ihre Bestellnummer oder die Seriennummer der Maschine, damit ich den Versandstatus in unserem Logistiksystem abrufen kann.",Lieferstatus,Lieferstatus,1
202,2024-04-10,Fehlende Versandbestätigung für SNU-200 (Art.-Nr. 55-SNU). Bitte prüfen.,"Guten Tag, vielen Dank für Ihren Hinweis. Wir haben die Bestellung der SNU-200 geprüft. Der Versand wurde bereits eingeleitet, jedoch gab es ein technisches Problem bei der automatischen Benachrichtigung. Wir senden Ihnen die Bestätigung inklusive aller Versanddetails hiermit manuell zu.",Lieferstatus,Lieferstatus,0.9
203,2024-04-10,"Haben Sie Infos zu den Intervallen der HP-150? Wir wissen nicht, wann der nächste Service ansteht. Bestellung ENDI-44552.","Guten Tag. Vielen Dank für die Angabe der Bestellnummer ENDI-44552. Die Intervalle für Ihre HP-150 sind in der technischen Dokumentation im Downloadbereich aufgeführt. Dort finden Sie eine Übersicht, die sich nach den kumulierten Betriebsstunden richtet.",Wartung,Wartung,0.95
204,2024-04-10,Brauche Hilfe bei Wartung HP-150. Welche Werkzeuge? Unwissend.,"Guten Tag. Für die Wartung der HP-150 ist ein spezifisches Werkzeugset erforderlich. Eine detaillierte Auflistung der benötigten Instrumente und deren Artikelnummern finden Sie in der Wartungsanleitung im Downloadbereich. Sollten Sie Schwierigkeiten beim Download haben, lassen Sie uns bitte die Seriennummer Ihrer Maschine zukommen.",Wartung,Wartung,1
205,2024-04-11,Ist die Steuereinheit für SNU-200 (Seriennr. 2022-ABC) lieferbar? Wir brauchen die dringend!,"Guten Tag, vielen Dank für die Angabe der Seriennummer. Wir prüfen die Verfügbarkeit der Steuereinheit für Ihre SNU-200 sofort und informieren Sie über den aktuellen Lagerstatus sowie die schnellstmögliche Lieferzeit.",Ersatzteil-Anfrage,Ersatzteil-Anfrage,0.85
206,2024-04-11,Fehler bei DM-500. Druck zu niedrig. Was tun?,Guten Tag. Bitte prüfen Sie umgehend den Stand des Hydrauliköls im Ausgleichsbehälter sowie die Integrität der Schlauchverbindungen auf Leckagen. Für eine detaillierte Diagnose senden Sie uns bitte die Seriennummer der DM-500 und die genaue Fehlernummer aus dem Logbuch zu.,Technische Fehlermeldung,Technische Fehlermeldung,1
207,2024-04-11,Servicewartung HP-150. Können wir das selbst machen oder brauchen wir Techniker?,"Guten Tag, die einfachen Routinearbeiten (wie Reinigung und Schmierung) können von Ihrem Fachpersonal durchgeführt werden. Komplexe Arbeiten gemäß Wartungsplan erfordern jedoch aufgrund der Präzisionskomponenten einen zertifizierten ENDI-Techniker. Details entnehmen Sie bitte der Wartungsklasse in Ihrem Handbuch.",Wartung,Wartung,1
208,2024-04-11,Suchen Spezialwerkzeug für SNU-200. Haben die was Besonderes?,"Guten Tag. Ja, für die Wartung der SNU-200 ist die Verwendung von zertifiziertem Spezialwerkzeug erforderlich, um Schäden an den Präzisionsteilen zu vermeiden. Eine Liste dieser Werkzeuge inklusive der Artikelnummern finden Sie in der technischen Dokumentation im Downloadbereich.",Wartung,Ersatzteil-Anfrage,0.8
209,2024-04-13,Wir warten immer noch auf die SNU-200. Warum keine Versandinfo?,"Guten Tag. Bitte entschuldigen Sie, dass Sie noch keine Informationen erhalten haben. Um den Status der SNU-200 abgleichen zu können, geben Sie uns bitte Ihre Bestellnummer an. Wir werden den Versandstatus umgehend klären.",Lieferstatus,Lieferstatus,1
210,2024-04-14,Anfrage Ersatzteil DM-500. Bitte Angebot schicken. Dringend!,"Guten Tag, gerne erstellen wir Ihnen ein Angebot. Da Ihre Anfrage sehr knapp gehalten ist, benötigen wir bitte die genaue Artikelnummer des benötigten Ersatzteils sowie die Seriennummer Ihrer DM-500, um den Vorgang bearbeiten zu können.",Ersatzteil-Anfrage,Ersatzteil-Anfrage,1
211,2024-04-15,DXF import schlägt fehl bei SNU-200. Fehlermeldung: 'Error 0x0045'. Bitte um Lösung.,"Guten Tag, vielen Dank für die Angabe der Fehlermeldung. Dieser Fehler deutet oft auf eine fehlerhafte Dateistruktur hin. Bitte versuchen Sie, die DXF-Datei in einem Standard-CAD-Programm erneut als 'AutoCAD DXF' zu exportieren. Sollte dies nicht helfen, senden Sie uns bitte die Seriennummer Ihrer SNU-200.",Software-Problem,Technische Fehlermeldung,1
212,2024-04-15,"Sehr geehrte Kollegen, wir benötigen Unterstützung bei der CNCF-500. Ein Hydraulikschlauch ist ohne äußere Einwirkung geplatzt. Wir gehen von einem Materialfehler innerhalb der Garantiezeit aus. Bitte um Rückmeldung.",Guten Tag. Wir haben Ihren Hinweis zum Hydraulikschlauch der CNCF-500 erhalten. Bitte senden Sie uns zur Prüfung der Garantieansprüche ein Foto des defekten Schlauchs sowie die Seriennummer der Maschine zu. Wir werden den Vorfall nach Erhalt der Unterlagen umgehend mit unserer Technik abstimmen.,Garantie-Reklamation,Garantie-Reklamation,0.95
213,2024-04-18,"Moin, unsere FSL-300 macht Probleme. DXF-Import geht nicht, Programm geht einfach zu. Nervt echt, wir haben Auftragsschimmel im Lager. Bitte schnell melden!","Guten Tag. Wir verstehen die Dringlichkeit Ihrer Situation. Damit wir den Fehler bei Ihrer FSL-300 analysieren können, benötigen wir bitte die Seriennummer der Maschine und die Version der verwendeten Software. Bitte prüfen Sie zudem, ob die DXF-Dateien in einem Standardformat (z.B. R14 oder höher) vorliegen.",Software-Problem,Software-Problem,0.9
214,2024-04-19,"Sehr geehrte Damen und Herren, wir benötigen dringend ein Update zum Versandstatus unserer FSL-300 (Bestellnummer: 7721-B). Die Maschine ist für unseren Schichtwechsel am Montag essenziell.","Guten Tag. Ich habe den Status Ihrer Bestellung 7721-B geprüft. Die FSL-300 ist bereits auf dem Versandweg und befindet sich aktuell im Transit. Laut Sendungsverfolgung wird die Lieferung voraussichtlich am Montagmorgen bei Ihnen eintreffen. Wir hoffen, dass dies Ihre Produktionsplanung unterstützt.",Lieferstatus,Lieferstatus,1
215,2024-04-19,"Sehr geehrte Damen und Herren, wir haben die SNU-200 (Art.-Nr. SNU-X-10) bestellt, aber der Liefertermin ist verstrichen. Warum gibt es keine Versandmeldung?","Guten Tag. Wir bitten die Unannehmlichkeiten zu entschuldigen. Bitte nennen Sie uns zur Identifikation Ihres Vorgangs Ihre Bestellnummer. Wir werden prüfen, ob es zu einer Verzögerung in der Produktion oder beim Versand gekommen ist und Ihnen zeitnah Bescheid geben.",Lieferstatus,Lieferstatus,1
216,2024-04-19,"Die SNU-200 ist da, aber keiner weiß, wie man das Interface bedient. Wir brauchen dringend Hilfe/Unterweisung. Bitte schnell!","Guten Tag. Wir verstehen, dass eine schnelle Einarbeitung wichtig ist. Um die passende Unterweisung zu planen, benötigen wir bitte die Seriennummer Ihrer SNU-200 sowie die aktuelle Softwareversion der Steuerung. Wir melden uns umgehend mit Lösungsvorschlägen bei Ihnen.",Schulung,Schulung,1
217,2024-04-20,"Wir haben eine Bestellung für die HP-150 aufgegeben (Bestell-Nr: 55443), aber das Ersatzteil kam nicht an. Wo bleibt das Teil?",Guten Tag. Bitte entschuldigen Sie die Verzögerung. Wir prüfen umgehend den Status Ihrer Bestellung Nr. 55443 für die HP-150 in unserem Versandzentrum. Wir melden uns mit einem aktuellen Lieferstatus bei Ihnen.,Ersatzteil-Anfrage,Lieferstatus,0.9
218,2024-04-20,"Sehr geehrte Damen und Herren, wir haben bei unserer neu installierten CNCF-500 (Seriennummer: CF500-9982) festgestellt, dass der Hauptantrieb unregelmäßige Vibrationen aufweist. Da die Maschine erst vor drei Monaten geliefert wurde, gehen wir von einem Garantiefall aus. Bitte teilen Sie uns das weitere Vorgehen mit.","Guten Tag, vielen Dank für Ihre Nachricht. Um die Prüfung des Defekts einzuleiten, benötigen wir vorab ein kurzes Fehlerprotokoll sowie ein kurzes Video der Vibrationen. Sobald uns diese Informationen vorliegen, werden unsere Techniker den Sachverhalt im Rahmen der Gewährleistung prüfen und Sie über die nächsten Schritte informieren.",Garantie-Reklamation,Garantie-Reklamation,1
219,2024-04-21,"Hallo, ich habe am 12.03. eine SNU-200 bestellt (Art-Nr. 99-202-X). Ich habe bisher keine Versandbestätigung erhalten. Ist das Gerät schon unterwegs?","Guten Tag. Vielen Dank für Ihre Anfrage. Ich habe den Status Ihrer Bestellung zur SNU-200 geprüft. Das Gerät befindet sich aktuell noch in der Endmontage und der Versand wird voraussichtlich in den nächsten drei Werktagen vorbereitet. Sie erhalten automatisch eine Bestätigung, sobald die Ware unser Lager verlässt.",Lieferstatus,Lieferstatus,1
220,2024-04-21,Können wir für die CNCF-500 auch eine Nachschulung buchen? Die erste ist schon ein paar Monate her.,"Guten Tag. Ja, Nachschulungen können jederzeit gebucht werden. Bitte nennen Sie uns die Seriennummer der CNCF-500 und lassen Sie uns wissen, welche Themenbereiche (z.B. Wartung, Programmierung oder Fehlerbehebung) erneut vertieft werden sollen. Wir erstellen Ihnen dann gerne ein Angebot.",Schulung,Schulung,1
221,2024-04-21,Schulung für FSL-300 gesucht. Dringend!,"Guten Tag. Um Ihre Anfrage zur FSL-300 schnellstmöglich bearbeiten zu können, benötigen wir bitte die Seriennummer des Geräts sowie die Bestellnummer Ihrer letzten Lieferung. Sobald uns diese Daten vorliegen, prüfen wir die verfügbaren Termine für eine kurzfristige Schulung.",Schulung,Schulung,1
222,2024-04-22,"Moin, unser FSL-300 macht komische Geräusche beim Fräsen. Ich glaube, ein Lager ist durch. Könnt ihr mal schauen, was das kostet und ob ihr das auf Lager habt?","Moin. Um das richtige Lager für Ihre FSL-300 zu identifizieren, benötigen wir bitte die vollständige Seriennummer Ihrer Maschine. Sobald uns diese vorliegt, prüfen wir die Verfügbarkeit und senden Ihnen ein Angebot mit der voraussichtlichen Lieferzeit zu.",Ersatzteil-Anfrage,Ersatzteil-Anfrage,0.9
223,2024-04-22,"Sehr geehrte Support-Abteilung, im Rahmen unserer jährlichen Revision an der DM-500 ist uns aufgefallen, dass wir für die Wartung der Hydraulikkomponenten eventuell nicht über das korrekte Spezialwerkzeug verfügen. Könnten Sie uns bitte mitteilen, welche Werkzeuge gemäß Wartungsplan für diesen Bereich zwingend erforderlich sind?","Sehr geehrte Damen und Herren, vielen Dank für Ihre Anfrage. Für die Hydraulik der DM-500 werden spezifische Drehmomentschlüssel und Entlüftungswerkzeuge benötigt. Damit wir Ihnen eine präzise Liste der erforderlichen Werkzeuge unter Berücksichtigung Ihrer Maschinenkonfiguration erstellen können, senden Sie uns bitte die Seriennummer Ihrer Einheit zu.",Wartung,Wartung,0.95
224,2024-04-23,Brauche Angebot für DM-500 Verschleißteile. Liste im Anhang (siehe PDF).,Guten Tag. Vielen Dank für Ihre Nachricht. Leider konnten wir den Anhang Ihrer E-Mail nicht öffnen oder er wurde nicht mit übermittelt. Bitte senden Sie uns die Liste der benötigten Verschleißteile sowie die Seriennummer der DM-500 noch einmal zu. Wir erstellen Ihnen dann umgehend das gewünschte Angebot.,Ersatzteil-Anfrage,Ersatzteil-Anfrage,1
225,2024-04-24,Wir haben ein Problem mit der HP-150. Ein Teil ist gebrochen. Können Sie Ersatz liefern? Bitte um Preis und Dauer.,"Guten Tag, das tut uns leid zu hören. Damit wir Ihnen das passende Ersatzteil anbieten können, benötigen wir bitte die genaue Bezeichnung oder die Artikelnummer des defekten Teils sowie die Seriennummer Ihrer HP-150.",Ersatzteil-Anfrage,Ersatzteil-Anfrage,1
226,2024-04-24,Fehler im System SNU-200 (Art-Nr 445-09). Spindel meldet Warnung. Was ist los?,"Guten Tag, bitte geben Sie uns an, wie die Warnung im Display exakt lautet. Prüfen Sie zudem, ob die Spindel während des Betriebs übermäßig heiß wird oder ob die Warnung nur bei bestimmten Lastzuständen auftritt. Senden Sie uns zur weiteren Prüfung bitte die Seriennummer zu.",Technische Fehlermeldung,Technische Fehlermeldung,1
227,2024-04-26,SCS-100 noch nicht da. Was ist da los?,"Guten Tag. Um die Verzögerung bei der SCS-100 untersuchen zu können, benötigen wir bitte Ihre Bestellnummer oder die Artikelnummer Ihrer Bestellung.",Lieferstatus,Lieferstatus,1
228,2024-04-26,Status Lieferung CNCF-500 bitte!!,"Guten Tag. Gerne prüfe ich den Status Ihrer CNCF-500. Bitte teilen Sie mir hierfür Ihre Bestellnummer oder die Seriennummer der Maschine mit, damit ich den Vorgang in unserem System eindeutig zuordnen kann.",Lieferstatus,Lieferstatus,1
229,2024-04-26,"Betreff: Inbetriebnahme SCS-100. Wir sind mit der Installation nicht durch. Können Sie jemanden schicken, der uns zeigt, wie das Ding läuft?","Guten Tag. Gerne planen wir eine Inbetriebnahme und anschließende Einweisung für Ihre SCS-100 ein. Um den Prozess zu starten, benötigen wir bitte die Seriennummer der Anlage und die Bestellnummer. Wir werden Ihnen dann zeitnah Terminvorschläge unterbreiten.",Schulung,Schulung,0.9
230,2024-04-27,Können Sie uns ein Angebot für die Wartungspakete der CNCF-500 schicken? Und wie schnell kommen die Teile?,"Guten Tag, gerne senden wir Ihnen ein Angebot für die entsprechenden Wartungspakete der CNCF-500 zu. In diesem Angebot werden wir auch die voraussichtliche Lieferzeit der enthaltenen Komponenten aufführen.",Ersatzteil-Anfrage,Wartung,0.8
231,2024-04-27,unserer CNCF-500 hat sensorfehler. was soll ich machen?,"Guten Tag. Um Ihnen bei dem Sensorfehler an der CNCF-500 behilflich zu sein, benötigen wir bitte die genaue Bezeichnung der Fehlermeldung sowie die Seriennummer Ihrer Maschine. Bitte prüfen Sie vorab, ob die Sensoreinheit frei von Werkstückresten oder Spänen ist.",Technische Fehlermeldung,Technische Fehlermeldung,0.95
232,2024-04-27,"SCS-100 hat einen Defekt am Steuermodul. Wir brauchen dringend Ersatz, die Maschine steht still. Garantie muss greifen!","Guten Tag. Wir verstehen die Dringlichkeit Ihres Anliegens. Damit wir den Garantiefall für das Steuermodul der SCS-100 prüfen können, benötigen wir umgehend die Seriennummer der Maschine. Bitte senden Sie uns zudem eine Beschreibung des Ausfallmoments zu. Wir bemühen uns um eine schnelle Rückmeldung nach Erhalt der Daten.",Garantie-Reklamation,Garantie-Reklamation,0.9
233,2024-04-28,"Sehr geehrte Damen und Herren, ich beziehe mich auf unser Telefonat bezüglich der HP-150. Können Sie mir nun endlich den Status des Versands mitteilen? Wir benötigen die Maschine dringend für ein Projekt.","Sehr geehrte Damen und Herren, bitte entschuldigen Sie die Wartezeit. Ich habe den Vorgang für die HP-150 aufgenommen. Um die genaue Position der Sendung zu bestimmen, benötige ich bitte Ihre Bestellnummer. Ich werde mich nach Erhalt dieser Information unmittelbar bei Ihnen melden.",Lieferstatus,Lieferstatus,1
234,2024-04-28,"Hallo, ich wollte mal nachhören, wie es mit der FSL-300 aussieht. Die sollte eigentlich schon da sein. Habt ihr schon einen Termin für die Spedition?","Guten Tag, vielen Dank für Ihre Anfrage. Damit ich den Liefertermin Ihrer FSL-300 genau prüfen kann, benötige ich bitte Ihre Bestellnummer oder die Rechnungsnummer. Sobald uns diese vorliegt, geben wir Ihnen sofort Rückmeldung zum aktuellen Planungsstand.",Lieferstatus,Lieferstatus,1
235,2024-04-28,Wir brauchen dringend Ersatz für die DM-500. Irgendwelche Infos zur Verfügbarkeit von Ersatzteilen?,"Guten Tag, um Ihnen weiterhelfen zu können, benötigen wir eine konkrete Angabe, welches Ersatzteil Sie für die DM-500 benötigen. Bitte senden Sie uns die Artikelnummer oder die Seriennummer der Maschine zu, damit wir die Verfügbarkeit prüfen können.",Ersatzteil-Anfrage,Ersatzteil-Anfrage,1
236,2024-04-28,Fehler HP-150. Übertemp. Was machen wir jetzt?,"Guten Tag. Bitte lassen Sie die Maschine abkühlen und prüfen Sie die Kühlmittelversorgung sowie die Funktion der Lüfter. Um die Ursache einzugrenzen, benötigen wir die Seriennummer der HP-150 und die genaue Fehlermeldung im Display.",Technische Fehlermeldung,Technische Fehlermeldung,0.95
237,2024-04-28,"Guten Tag, ich habe eine Frage zur Instandhaltung der HP-150. Gibt es für die jährliche Inspektion spezielle Werkzeugsätze, die man bei Ihnen bestellen kann? Artikelnummern wären hilfreich.","Guten Tag, ja, für die jährliche Inspektion der HP-150 führen wir dedizierte Wartungskits. Damit wir Ihnen die korrekten Artikelnummern nennen können, benötigen wir bitte die Seriennummer Ihrer HP-150, da es je nach Baujahr Unterschiede im Werkzeugbedarf gibt.",Wartung,Wartung,0.9
238,2024-05-01,"Preis für Ersatzteil HP-150, Artikel 10-05-X. Bitte um Angebot.","Guten Tag, vielen Dank für Ihre Anfrage. Wir erstellen Ihnen gerne ein Angebot für den Artikel 10-05-X. Bitte lassen Sie uns noch die Seriennummer Ihrer HP-150 zukommen, damit wir die technische Übereinstimmung bestätigen können.",Ersatzteil-Anfrage,Ersatzteil-Anfrage,1
239,2024-05-01,Sensorfehler an SNU-200. Gerät reagiert nicht mehr auf Befehle. Art.Nr 44521.,"Guten Tag. Für die Fehleranalyse benötigen wir zusätzlich zur Artikelnummer bitte die Seriennummer der SNU-200 sowie die exakte Fehlermeldung, die auf dem Display erscheint. Bitte versuchen Sie zudem, die Maschine einmal komplett neu zu starten, um zu sehen, ob der Fehler bestehen bleibt.",Technische Fehlermeldung,Technische Fehlermeldung,0.9
240,2024-05-01,Fehlermeldung Spindel bei FSL-300. Was soll ich machen? ArtNr 4452.,"Hallo. Um Ihnen gezielt helfen zu können, benötigen wir die genaue Bezeichnung der Fehlermeldung (z. B. einen Fehlercode). Bitte prüfen Sie vorab, ob die Spindel frei drehbar ist und keine mechanischen Blockaden vorliegen. Bitte ergänzen Sie zudem die Seriennummer Ihres Geräts.",Technische Fehlermeldung,Technische Fehlermeldung,1
241,2024-05-01,Wartungsintervall SCS-100. Wie oft? Danke.,"Guten Tag, die Wartungsintervalle der SCS-100 werden üblicherweise in Betriebsstunden gemessen. Bitte teilen Sie uns die Seriennummer der Maschine mit, damit wir Ihnen den spezifischen Intervallplan für Ihr Modell zusenden können.",Wartung,Wartung,1
242,2024-05-02,"Sehr geehrte Support-Abteilung, wir benötigen für die Wartung unserer DM-500 ein Set an O-Ringen (Bestellnr. ENDI-9921). Ist dieses Set aktuell lieferbar?","Sehr geehrte Damen und Herren, vielen Dank für Ihre Anfrage. Wir prüfen sofort die Verfügbarkeit des O-Ring-Sets (Bestellnummer ENDI-9921) für die DM-500. Wir melden uns in Kürze mit einer Bestätigung der Lieferfähigkeit bei Ihnen.",Ersatzteil-Anfrage,Ersatzteil-Anfrage,0.95
243,2024-05-03,Wir haben Probleme mit der Planung. Die Intervalle für die HP-150 sind unklar. Müssen wir nach Stunden oder nach Kalendertagen warten?,"Guten Tag. Bei der HP-150 orientiert sich der Wartungszyklus an einer Kombination aus Betriebsstunden und festen Zeitintervallen. Um Ihnen eine präzise Tabelle für Ihr spezifisches Modell zu senden, benötigen wir bitte die Seriennummer der Maschine.",Wartung,Wartung,0.9
244,2024-05-03,"Bitte Rechnungsadresse ändern. Neue Adresse: Werk West, Hauptstraße 12, 45249 Essen.","Guten Tag. Wir haben Ihren Wunsch erhalten. Um die Änderung vorzunehmen, benötigen wir bitte noch Ihre Kundennummer oder eine konkrete Bestellnummer, damit wir den richtigen Account finden.",Sonstiges,Sonstiges,1
245,2024-05-07,Status zur HP-150 Bestellung bitte. Wo bleibt das Teil?,"Guten Tag. Um Ihnen den Status der HP-150 nennen zu können, benötige ich bitte Ihre Bestellnummer oder die Seriennummer. Vielen Dank für Ihre Mithilfe.",Lieferstatus,Lieferstatus,1
246,2024-05-08,Lieferung DM-500 noch nicht da. Bitte prüfen!,"Guten Tag, ich helfe Ihnen gerne bei der Klärung. Damit ich die Sendung der DM-500 finden kann, benötige ich bitte Ihre Bestellnummer oder die zugehörige Artikelnummer. Sobald mir diese vorliegt, werde ich den Status umgehend ermitteln.",Lieferstatus,Lieferstatus,1
247,2024-05-08,Haben Sie die HP-150 schon rausgeschickt? Hab noch nix gehört.,"Guten Tag. Damit ich den Versandstatus der HP-150 prüfen kann, benötigen wir bitte Ihre Bestellnummer oder die Rechnungsnummer. Sobald uns diese vorliegt, geben wir Ihnen umgehend Bescheid.",Lieferstatus,Lieferstatus,1
248,2024-05-08,Anfrage Ersatzteil SNU-200. Art-Nr 776-22. Lieferzeit?,"Guten Tag, vielen Dank für Ihre Anfrage. Wir prüfen die aktuelle Verfügbarkeit der Artikelnummer 776-22 für die SNU-200 und teilen Ihnen die voraussichtliche Lieferzeit im nächsten Schritt mit.",Ersatzteil-Anfrage,Ersatzteil-Anfrage,1
249,2024-05-08,DM-500 Spindel zu heiß. Was tun?,Guten Tag. Bei einer Übertemperatur der Spindel sollte die Maschine sofort gestoppt werden. Bitte prüfen Sie die Kühlmittelversorgung und die Filterreinigung. Für weitere Schritte senden Sie uns bitte die Seriennummer der DM-500 und den Fehlercode aus dem System zu.,Technische Fehlermeldung,Technische Fehlermeldung,0.9
250,2024-05-08,SCS-100 Wartung. Was ist mit dem Öl-Intervall?,"Guten Tag, das Öl-Wechselintervall der SCS-100 beträgt üblicherweise 2.000 Betriebsstunden oder einmal jährlich, je nachdem, was zuerst eintritt. Bitte kontrollieren Sie die aktuelle Laufzeit an der Steuerung.",Wartung,Wartung,1
251,2024-05-09,DXF import schlägt fehl. Programm geht aus. SNU-200.,"Guten Tag. Um Ihnen weiterhelfen zu können, benötigen wir bitte die genaue Seriennummer Ihrer SNU-200 sowie die aktuell installierte Softwareversion. Bitte geben Sie uns auch Bescheid, ob eine Fehlermeldung auf dem Display erscheint oder ob die Software ohne Hinweis schließt.",Software-Problem,Software-Problem,0.95
252,2024-05-09,Software-Probleme. HP-150. DXF geht nicht. Bitte melden.,"Guten Tag, für eine effiziente Bearbeitung Ihres Anliegens benötigen wir weitere Details: Erscheint eine spezifische Fehlermeldung beim Importversuch? Bitte teilen Sie uns zudem die Seriennummer und die Softwareversion Ihrer HP-150 mit.",Software-Problem,Software-Problem,1
253,2024-05-09,"Hallo, wir müssen an der SNU-200 arbeiten. Welche Spezialwerkzeuge brauchen wir dafür? Haben wir alles da?","Guten Tag, für die Wartungsarbeiten an der SNU-200 ist ein spezifisches Werkzeugset erforderlich, um Schäden an den Komponenten zu vermeiden. Bitte senden Sie uns die Seriennummer der Maschine zu, damit wir Ihnen die exakte Liste der benötigten Artikelnummern für das Spezialwerkzeug zusammenstellen können.",Wartung,Wartung,0.85
254,2024-05-09,mochte schulung für CNCF-500 anfragen. welche termine frei?,"Guten Tag. Gerne unterstützen wir Sie bei der Schulung der CNCF-500. Damit wir die Verfügbarkeit prüfen können, benötigen wir bitte die Seriennummer Ihrer Maschine sowie die Angabe, ob die Schulung bei Ihnen vor Ort oder in unserem Schulungszentrum stattfinden soll.",Schulung,Schulung,1
255,2024-05-10,"Sehr geehrte Damen und Herren, wir warten nun schon seit über zwei Wochen auf die Lieferung unserer bestellten CNCF-500 (Bestell-Nr. 88291). Bisher haben wir keinerlei Versandinformationen erhalten. Bitte teilen Sie uns den aktuellen Status mit.","Sehr geehrte Damen und Herren, vielen Dank für Ihre Nachricht. Wir haben den Status Ihrer Bestellung 88291 geprüft. Die CNCF-500 befindet sich aktuell in der Endmontage und der Versand ist für den kommenden Donnerstag geplant. Sobald die Ware unser Haus verlässt, erhalten Sie automatisch eine Versandbestätigung per E-Mail.",Lieferstatus,Lieferstatus,1
256,2024-05-10,Wartung CNCF-500. Intervall? Schick ma zu.,"Guten Tag, um Ihnen die korrekten Wartungsintervalle für Ihre CNCF-500 nennen zu können, benötigen wir bitte die Seriennummer der Maschine. Die Intervalle hängen maßgeblich von der genutzten Maschinenkonfiguration ab. Vielen Dank für Ihre Mithilfe.",Wartung,Wartung,1
257,2024-05-10,"Wir haben eine DM-500 bestellt (Bestellnr. 88273) und die Maschine zeigt ständig Vibrationen im Betrieb. Das kann nicht sein, das Teil ist brandneu. Bitte um sofortige Behebung.","Guten Tag. Wir bedauern die Unannehmlichkeiten mit der DM-500. Wir haben die Bestellnummer notiert. Um die Ursache der Vibrationen einzugrenzen, bitten wir Sie, eine kurze Videosequenz des Betriebs sowie die Seriennummer der Maschine an uns zu übermitteln. Unsere Techniker werden die Daten dann umgehend bewerten.",Garantie-Reklamation,Technische Fehlermeldung,0.9
258,2024-05-10,"Die FSL-300 hat einen Defekt. Keine Info vorab, einfach nur kaputt. Wie geht das jetzt weiter mit der Garantie?","Guten Tag, um Ihnen weiterhelfen zu können, benötigen wir Informationen zur betroffenen Maschine. Bitte nennen Sie uns die Seriennummer der FSL-300 und beschreiben Sie kurz den Fehler, der aufgetreten ist. Wir prüfen dann den Status Ihrer Garantie.",Garantie-Reklamation,Garantie-Reklamation,1
259,2024-05-10,"Hallo, bei der SNU-200 ist die Steuerung ausgefallen. S12-9902. Wir brauchen Ersatz oder Reparatur im Rahmen der Gewährleistung. Das geht so nicht, die Produktion steht.","Guten Tag. Wir verstehen die Dringlichkeit aufgrund des Produktionsstopps. Um den Garantiefall zu bearbeiten, benötigen wir bitte die genaue Fehlermeldung, die auf dem Display erscheint (falls noch sichtbar), sowie die Seriennummer der SNU-200. Wir werden den Fall nach Erhalt der Daten priorisiert prüfen.",Garantie-Reklamation,Garantie-Reklamation,0.95
260,2024-05-10,Unsere FSL-300 macht komische Geräusche beim Fräsen. Ist das noch unter Garantie? Bitte um Rückmeldung.,"Guten Tag. Um den Status der Garantie prüfen zu können, benötigen wir bitte die genaue Seriennummer der FSL-300 sowie Ihre Bestellnummer. Bitte beschreiben Sie uns zudem so detailliert wie möglich, welche Art von Geräuschen auftreten.",Garantie-Reklamation,Garantie-Reklamation,1
261,2024-05-11,Fehlermeldung Hydraulik SNU-200. Hilfe dringend!!,"Guten Tag. Damit wir Ihnen schnellstmöglich helfen können, benötigen wir dringend die Seriennummer der SNU-200 und die genaue Fehlermeldung bzw. den Fehlercode. Bitte prüfen Sie parallel dazu die Druckanzeige am Manometer, sofern vorhanden.",Technische Fehlermeldung,Technische Fehlermeldung,1
262,2024-05-12,"Wo bleibt die FSL-300? Bestellt vor 2 Wochen, nix mehr gehört.","Guten Tag. Es tut mir leid, dass Sie bisher keine Informationen zum Versand erhalten haben. Um den Status der FSL-300 abzufragen, teilen Sie mir bitte Ihre Bestellnummer oder die Artikelnummer mit. Ich werde den aktuellen Lieferstatus dann sofort für Sie ermitteln.",Lieferstatus,Lieferstatus,1
263,2024-05-13,"Hallo, bezgl. Bestellung 44521 (CNCF-500) - ist die schon raus? Keine Info erhalten.",Guten Tag. Vielen Dank für Ihre Nachricht. Ich habe die Bestellung 44521 geprüft. Die CNCF-500 ist bereits für den Versand vorbereitet und wird voraussichtlich morgen durch unseren Spediteur abgeholt. Sie erhalten die Versandbestätigung direkt nach der Abholung.,Lieferstatus,Lieferstatus,1
264,2024-05-13,Status Lieferung SNU-200? Dringend!,"Guten Tag. Wir verstehen die Dringlichkeit. Damit wir den Status Ihrer SNU-200 prüfen können, benötigen wir zwingend die dazugehörige Bestellnummer oder die Seriennummer der Maschine. Vielen Dank für Ihre Mithilfe.",Lieferstatus,Lieferstatus,1
265,2024-05-13,Haben Sie für die DM-500 auch Werkzeugsets für die halbjährliche Wartung auf Lager? Wir brauchen dringend Ersatz für ein defektes Teil.,"Guten Tag, wir führen die entsprechenden Werkzeugsets für die DM-500. Bitte nennen Sie uns die Seriennummer Ihrer Maschine und das defekte Werkzeugteil (idealerweise die Artikelnummer), damit wir die Verfügbarkeit und den passenden Ersatz prüfen können.",Wartung,Ersatzteil-Anfrage,0.9
266,2024-05-14,"Guten Tag, ich möchte wissen, ob es für die SNU-200 ein neues Software-Update gibt. Die aktuelle Version scheint fehlerhaft zu sein, da sie beim Import von CAD-Daten ständig abstürzt.","Guten Tag. Wir prüfen gerne die Verfügbarkeit eines Updates für Ihre SNU-200. Bitte teilen Sie uns hierfür Ihre Seriennummer und die aktuell installierte Softwareversion mit. Wir empfehlen zudem, die Dateien vor dem Import auf korrekte Layer-Strukturen zu prüfen.",Software-Problem,Software-Problem,1
267,2024-05-14,Was ist mit der Wartung bei der CNCF-500? Wir haben die Maschine seit 3 Monaten und nichts gehört.,"Guten Tag, keine Sorge. Bei der CNCF-500 liegt der erste größere Wartungstermin üblicherweise nach den ersten 1.000 Betriebsstunden oder nach 6 Monaten an. Bitte prüfen Sie den aktuellen Betriebsstundenzähler an Ihrer Maschine.",Wartung,Wartung,1
268,2024-05-14,"Sehr geehrte Damen und Herren, wir haben vor zwei Wochen die CNCF-500 erhalten. Da unsere Bediener bisher nur mit älteren Modellen gearbeitet haben, würden wir gerne ein professionelles Training für unser Team buchen. Bitte senden Sie uns Informationen zu den Kosten und Terminen zu.","Vielen Dank für Ihre Anfrage. Gerne unterstützen wir Sie dabei, Ihr Team sicher in die Bedienung der CNCF-500 einzuführen. Um Ihnen ein passgenaues Angebot für die Schulung erstellen zu können, benötigen wir vorab die Seriennummer der Maschine sowie die Anzahl der teilnehmenden Mitarbeiter. Sobald uns diese Informationen vorliegen, lassen wir Ihnen unsere Modulübersicht und mögliche Terminvorschläge zukommen.",Schulung,Schulung,1
269,2024-05-16,"Hallo, ich habe eine Anfrage bezüglich der Lieferung der CNCF-500 (Art.-Nr. 99283). Wir haben bisher keine Versandmail erhalten. Ist das Gerät schon unterwegs?","Guten Tag. Vielen Dank für Ihre Nachricht. Ich habe den Status der CNCF-500 unter der Artikelnummer 99283 geprüft. Die Maschine befindet sich aktuell noch in der Endmontage und der Versand ist für die kommende Woche geplant. Sie erhalten automatisch eine Benachrichtigung, sobald die Ware unser Werk verlässt.",Lieferstatus,Lieferstatus,1
270,2024-05-16,"Status FSL-300, Bestellung ENDI-4412. Bitte melden!",Guten Tag. Vielen Dank für die Übermittlung der Bestellnummer. Ich habe die Bestellung ENDI-4412 geprüft. Die FSL-300 befindet sich aktuell in der Qualitätskontrolle und wird voraussichtlich am kommenden Mittwoch versendet. Sie erhalten dann eine automatische Versandbestätigung.,Lieferstatus,Lieferstatus,1
271,2024-05-17,"Moin, die CNCF-500 spinnt rum. Software hängt sich ständig auf. Ist das durch die Garantie abgedeckt?","Guten Tag. Softwarebedingte Probleme können unter die Garantie fallen, sofern kein Fremdeingriff vorliegt. Bitte teilen Sie uns die aktuelle Softwareversion der CNCF-500 sowie die Seriennummer des Steuerungsmoduls mit. Wir werden die Fehlerprotokolle dann prüfen.",Garantie-Reklamation,Software-Problem,0.9
272,2024-05-19,Hydraulik druck Problem bei SNU-200. Druck schwankt stark. Hilfe!,"Guten Tag, bei Schwankungen im Hydraulikdruck der SNU-200 empfehlen wir, den Hydraulikölstand sowie die Temperatur des Mediums zu kontrollieren. Bitte senden Sie uns zur weiteren Analyse die Artikelnummer der verbauten Hydraulikpumpe und die Seriennummer des Geräts zu.",Technische Fehlermeldung,Technische Fehlermeldung,0.95
273,2024-05-19,brauche info zu wartung snu-200. welches intervall? art nr 445566 ist die maschine.,"Guten Tag, vielen Dank für die Information. Die von Ihnen genannte Artikelnummer bezieht sich auf das Modell, für die genaue Bestimmung der Wartungsintervalle benötigen wir jedoch zwingend die individuelle Seriennummer der SNU-200. Bitte lassen Sie uns diese zukommen, damit wir Ihnen den passenden Plan erstellen können.",Wartung,Wartung,1
274,2024-05-20,"Ersatzteil gesucht. CNCF-500. Was kostet das Spindellager? Ohne Angabe der Nummer, schickt mir mal ne Liste.","Guten Tag. Da die CNCF-500 in verschiedenen Konfigurationen gebaut wurde, können wir Ihnen ohne spezifische Angaben leider keine Liste senden. Bitte nennen Sie uns die Seriennummer Ihrer Maschine oder die exakte Artikelnummer des benötigten Spindellagers, damit wir Ihnen ein korrektes Angebot erstellen können.",Ersatzteil-Anfrage,Ersatzteil-Anfrage,1
275,2024-05-20,"Hydraulik-Alarm bei FSL-300. Alles andere scheint okay zu sein, aber die Warnung bleibt.","Guten Tag. Wenn die restlichen Funktionen stabil laufen, könnte ein Sensorfehler vorliegen. Bitte prüfen Sie die Steckverbindungen des Hydraulik-Drucksensors. Für eine weiterführende Analyse senden Sie uns bitte die Seriennummer der FSL-300 und die Softwareversion.",Technische Fehlermeldung,Technische Fehlermeldung,0.95
276,2024-05-20,Fehler bei DM-500. Spindel wird zu heiß. Maschine geht ständig auf Stopp. Was tun??,"Guten Tag, wir haben Ihre Anfrage zur Übertemperatur der Spindel bei der DM-500 erhalten. Bitte prüfen Sie umgehend, ob die Kühlmittelzufuhr der Spindel korrekt arbeitet und die Filter nicht verstopft sind. Um Ihnen gezielt helfen zu können, benötigen wir bitte die genaue Seriennummer Ihrer Maschine sowie die exakte Fehlernummer, die auf dem Display erscheint. Sobald uns diese Daten vorliegen, können wir die entsprechenden Service-Dokumente für Sie bereitstellen.",Technische Fehlermeldung,Technische Fehlermeldung,0.95
277,2024-05-21,Problem mit Hydraulik bei SNU-200. Druck zu niedrig. Hilfe benötigt.,"Guten Tag. Bitte prüfen Sie den Ölstand im Tank sowie die Dichtungen der Zylinder auf Leckagen. Falls keine Leckage ersichtlich ist, senden Sie uns bitte die Seriennummer der SNU-200 und den exakten Druckwert, der am System angezeigt wird.",Technische Fehlermeldung,Technische Fehlermeldung,0.95
278,2024-05-21,"Moin, die SNU-200 macht Probleme mit der Achsbewegung. Bestell-Nr: 772-B. Bitte um Info zum Garantieprozess.",Guten Tag. Für die Prüfung der Achsbewegung bei der SNU-200 benötigen wir bitte die Seriennummer der Maschine sowie eine detaillierte Fehlerbeschreibung (wann genau tritt der Fehler auf?). Wir leiten den Prozess nach Erhalt der Informationen sofort ein.,Garantie-Reklamation,Garantie-Reklamation,0.9
279,2024-05-22,"Hallo, unsere FSL-300 macht Probleme, scheint ein Lager zu sein. Habt ihr das auf Lager oder wie lange dauert die Lieferung?","Guten Tag, es tut uns leid zu hören, dass Ihre FSL-300 technische Probleme bereitet. Um das passende Lager zu identifizieren, benötigen wir bitte die Seriennummer Ihrer Maschine sowie, falls vorhanden, die Teilenummer des defekten Lagers. Nach Erhalt dieser Daten prüfen wir die Lagerbestände und informieren Sie über die Lieferzeit.",Ersatzteil-Anfrage,Ersatzteil-Anfrage,0.85
280,2024-05-22,Fehler bei FSL-300. Software hängt sich ständig auf. Artikelnummer 90-FSL. Bitte prüfen.,"Guten Tag. Für die Prüfung des Softwareproblems an der FSL-300 benötigen wir bitte zusätzlich die Seriennummer der Maschine sowie die aktuell installierte Softwareversion. Sobald diese Informationen vorliegen, können wir die weitere Abwicklung im Rahmen der Garantie prüfen.",Garantie-Reklamation,Software-Problem,0.95
281,2024-05-23,"Guten Tag, ich habe eine Anfrage bezüglich der FSL-300. Wir haben die Versandbestätigung nicht erhalten. Ist die Maschine schon raus?","Guten Tag, vielen Dank für Ihre Nachfrage. Um den Versandstatus der FSL-300 genau prüfen zu können, benötigen wir bitte Ihre Bestellnummer oder die zugehörige Rechnungsnummer. Sobald uns diese Informationen vorliegen, leiten wir die Abfrage bei unserem Logistikpartner ein.",Lieferstatus,Lieferstatus,1
282,2024-05-23,CNCF-500 Spindel wird zu heiß. Was tun?,"Guten Tag. Bei einer Überhitzung der Spindel an der CNCF-500 empfehlen wir, die Maschine sofort abzuschalten und die Kühlung sowie die Schmierstoffversorgung zu kontrollieren. Bitte senden Sie uns zur technischen Prüfung die Seriennummer der Maschine und die genaue Fehlermeldung zu.",Technische Fehlermeldung,Technische Fehlermeldung,0.9
283,2024-05-23,"SCS-100 Spindel dreht nicht mehr richtig. Bestellung 7762. Bitte schnell erledigen, die Produktion steht!","Guten Tag, wir verstehen die Dringlichkeit. Damit wir die Prüfung beschleunigen können, benötigen wir bitte noch die Seriennummer der SCS-100. Wir werden den Vorgang nach Erhalt der Daten priorisiert an unsere Technik weiterleiten, um die Garantieabwicklung zu prüfen.",Garantie-Reklamation,Technische Fehlermeldung,0.85
284,2024-05-23,"Moin, wir haben hier die HP-150 stehen. Kann man da auch ein Training für die Softwareversion 4.2 buchen? Art-Nr 99821.","Moin, vielen Dank für Ihre Anfrage. Ja, wir führen spezifische Schulungen für die Softwareversion 4.2 der HP-150 durch. Um den Termin mit der technischen Abteilung abzustimmen, benötigen wir bitte noch die Seriennummer der HP-150. Wir melden uns dann umgehend bei Ihnen.",Schulung,Schulung,1
285,2024-05-27,REKLAMATION: SNU-200 (Bestellnr: 998822) - Motor überhitzt massiv. Wir erwarten eine kostenlose Instandsetzung im Rahmen der Garantie.,Guten Tag. Wir haben Ihre Meldung zur Überhitzung der SNU-200 registriert. Bitte senden Sie uns zur technischen Bewertung Fotos der Temperaturanzeige (falls vorhanden) sowie die Seriennummer des Motors zu. Wir werden den Sachverhalt prüfen und Sie über die weiteren Schritte der Garantierichtlinien informieren.,Garantie-Reklamation,Garantie-Reklamation,1
286,2024-05-28,Lieferung SNU-200 ausstehend. Bitte um Rückmeldung zum Liefertermin.,"Guten Tag. Um Ihnen einen präzisen Liefertermin für die SNU-200 nennen zu können, benötige ich bitte Ihre Bestellnummer. Ich werde dann umgehend die Verfügbarkeit und den Versandstatus in unserer Logistik anfragen.",Lieferstatus,Lieferstatus,1
287,2024-05-28,"FSL-300 Ersatzteil Anfrage. Typ: Schalter, Ref-Nr: 99882. Preis?",Guten Tag. Vielen Dank für Ihre Anfrage. Gerne erstellen wir Ihnen ein Angebot für den Schalter mit der Referenznummer 99882 für die FSL-300. Wir prüfen die Verfügbarkeit und senden Ihnen die Preisinformationen sowie die Lieferzeit kurzfristig zu.,Ersatzteil-Anfrage,Ersatzteil-Anfrage,1
288,2024-05-28,"Servus, wie oft muss die FSL-300 gewartet werden? Haben die Maschine seit 2 Jahren nicht angefasst.","Guten Tag. Die Wartungsintervalle der FSL-300 sind sowohl an die Laufzeit als auch an die Betriebsdauer gebunden. Da die letzte Wartung bereits zwei Jahre zurückliegt, empfehlen wir eine Überprüfung der Komponenten. Bitte senden Sie uns die Seriennummer, damit wir den aktuellen Wartungsstatus prüfen können.",Wartung,Wartung,0.95
289,2024-06-01,"Sehr geehrte Damen und Herren, an unserer CNCF-500 tritt seit heute Morgen wiederholt die Warnung 'Hydraulikdruck kritisch' auf. Das System meldet einen zu niedrigen Druckwert im Bereich der Zylindersteuerung. Wir haben bereits die Füllstände geprüft, aber der Fehler bleibt bestehen. Bitte um kurzfristige Rückmeldung zur Fehlerbehebung. Mit freundlichen Grüßen, Technischer Leiter der Metallbau GmbH.","Sehr geehrte Damen und Herren, vielen Dank für Ihre Nachricht. Dass die Warnung trotz Prüfung der Füllstände weiterhin besteht, deutet auf eine Unregelmäßigkeit im Druckregelventil oder eine Undichtigkeit im System hin. Bitte führen Sie als ersten Schritt eine Sichtprüfung aller Hydraulikschläuche auf äußere Beschädigungen durch. Sollte dies keine Auffälligkeiten ergeben, senden Sie uns bitte die Seriennummer Ihrer Maschine sowie den aktuellen Log-Auszug aus dem Diagnosemenü zu, damit wir die genaue Druckkurve analysieren können. Weitere Details zur Fehlerdiagnose finden Sie auch im Handbuch im Downloadbereich unseres Portals.",Technische Fehlermeldung,Technische Fehlermeldung,1
290,2024-06-03,Haben Sie ein Update für die HP-150? Die Software ist nach dem letzten Windows-Update total instabil und stürzt ständig ab.,"Guten Tag. Betriebssystem-Updates können gelegentlich zu Inkompatibilitäten mit der Maschinensoftware führen. Bitte teilen Sie uns die genaue Modellnummer Ihrer HP-150 und die aktuelle Softwareversion mit. Wir werden dann prüfen, ob ein spezifisches Patch-Update für Ihr System bereitsteht.",Software-Problem,Software-Problem,1
291,2024-06-03,"Moin, unsere FSL-300 zickt rum. Wenn ich versuche ne DXF reinzuladen, stürzt das ganze Programm ab. Kennen Sie das?","Moin. Ja, solche Probleme können bei Dateikonflikten auftreten. Bitte prüfen Sie, ob die DXF-Datei nach aktuellen Standards (R14 oder höher) gespeichert wurde. Um die Kompatibilität mit Ihrer FSL-300 zu prüfen, benötigen wir zudem die Seriennummer Ihres Steuerungsmoduls.",Software-Problem,Software-Problem,0.95
292,2024-06-03,Software Update SCS-100 funktioniert nicht. Fehler beim Installieren.,"Guten Tag. Damit wir Ihnen bei der Installation des Updates für die SCS-100 helfen können, benötigen wir die genaue Fehlermeldung sowie die aktuelle Softwareversion. Bitte stellen Sie sicher, dass vor der Installation alle laufenden Prozesse beendet wurden.",Software-Problem,Software-Problem,1
293,2024-06-04,SCS-100 läuft nicht mehr richtig. Fehler bei Start. Bitte Hilfe.,"Guten Tag. Um Ihnen bei der SCS-100 behilflich zu sein, benötigen wir weitere Details. Bitte nennen Sie uns die Seriennummer des Geräts und beschreiben Sie den genauen Fehler beim Startvorgang (z.B. Fehlermeldung im Display). Ohne diese Angaben können wir keine Garantieprüfung einleiten.",Garantie-Reklamation,Technische Fehlermeldung,0.85
294,2024-06-05,unser fsl-300 software macht Probleme nach update. dxf files laden geht nicht mehr. bitte hilfe.,"Hallo, vielen Dank für Ihre Meldung. Damit wir Ihnen helfen können, benötigen wir bitte die genaue Softwareversion und die Seriennummer Ihrer FSL-300. Bitte prüfen Sie auch, ob der Fehler auch bei anderen Dateiformaten auftritt.",Software-Problem,Software-Problem,0.95
295,2024-06-05,Rechnungsadresse muss anders sein. Bitte korrigieren für die Bestellung 88291-X.,"Guten Tag, wir haben Ihre Anfrage zur Korrektur der Rechnungsadresse für die Bestellung 88291-X erhalten. Bitte teilen Sie uns die vollständige neue Anschrift inklusive der korrekten Firmenbezeichnung und der USt-IdNr. mit, damit wir die Dokumente neu erstellen können.",Sonstiges,Sonstiges,1
296,2024-06-05,"Hallo, wir brauchen ne neue Rechnungsadr. Bitte ändern für die letzte Lieferung der FSL-300. Danke.","Guten Tag. Gerne führen wir die Änderung der Rechnungsadresse für Sie durch. Um den Vorgang korrekt zuzuordnen, benötigen wir bitte die entsprechende Rechnungsnummer oder Ihre Kundennummer sowie die vollständige neue Anschrift.",Sonstiges,Sonstiges,1
297,2024-06-06,"Sehr geehrte Damen und Herren, bezüglich unserer Bestellung vom 12.03. (SCS-100, Bestell-ID: ENDI-9921) wollten wir nachfragen, ob der Versand bereits eingeleitet wurde, da der angegebene Liefertermin bereits überschritten ist.",Guten Tag. Vielen Dank für Ihre Nachricht. Wir bedauern die Verzögerung bei der Lieferung der SCS-100. Wir prüfen intern die Gründe für den Lieferverzug und informieren Sie schnellstmöglich über den neuen voraussichtlichen Liefertermin.,Lieferstatus,Lieferstatus,1
298,2024-06-06,"Moin, wir brauchen für die HP-150 neue Filterelemente. Habt ihr die auf Lager? Bitte um Preisangabe.",Moin. Vielen Dank für Ihre Anfrage. Gerne prüfen wir die Verfügbarkeit der Filterelemente für die HP-150. Könnten Sie uns bitte die genaue Artikelnummer der Filter oder die Seriennummer der Maschine mitteilen? Wir erstellen Ihnen dann umgehend ein Angebot mit Angabe der aktuellen Lieferzeit.,Ersatzteil-Anfrage,Ersatzteil-Anfrage,1
299,2024-06-06,"Sehr geehrte Damen und Herren, im Rahmen einer Wartung an der CNCF-500 ist uns aufgefallen, dass die Hydraulikdichtung verschlissen ist. Bitte senden Sie uns ein Angebot für das passende Ersatzteil zu. Maschine-ID: 5544-B.","Guten Tag. Vielen Dank für Ihre Anfrage. Wir erstellen gerne ein Angebot für die Hydraulikdichtung Ihrer CNCF-500 (ID 5544-B). Um sicherzugehen, dass wir die exakte Dichtungsspezifikation für Ihr Modell treffen, prüfen wir dies anhand der Maschinen-ID und melden uns zeitnah mit dem Angebot bei Ihnen.",Ersatzteil-Anfrage,Ersatzteil-Anfrage,0.95
300,2024-06-06,"Guten Tag, wir haben bei der SNU-200 (Bestellnr. 88293-X) ein Problem mit der Hydraulik. Es erscheint die Meldung 'Hydraulikdruck außerhalb Toleranz'. Was ist jetzt zu tun?","Guten Tag. Bitte kontrollieren Sie zuerst den Ölstand im Hydrauliktank und suchen Sie das Gehäuse nach sichtbaren Leckagen ab. Falls keine Leckage vorliegt, prüfen Sie, ob das Ventil korrekt angesteuert wird. Falls die Meldung erneut erscheint, teilen Sie uns bitte die Softwareversion Ihrer SNU-200 mit.",Technische Fehlermeldung,Technische Fehlermeldung,0.95
301,2024-06-06,DXF import geht nicht bei DM-500. Fehlermeldung beim Laden der Datei. Hilfe!,"Hallo. Damit wir den Fehler beim DXF-Import an Ihrer DM-500 analysieren können, senden Sie uns bitte die betroffene Datei sowie einen Screenshot der genauen Fehlermeldung zu. Bitte nennen Sie uns auch die installierte Softwareversion.",Software-Problem,Software-Problem,0.95
302,2024-06-06,Ihre Anleitung zur Wartung der HP-150 ist unklar. Wo finde ich die Liste der benötigten Spezialwerkzeuge?,"Guten Tag, es tut uns leid, dass die Anleitung unklar erscheint. Eine vollständige Liste der erforderlichen Spezialwerkzeuge inklusive der jeweiligen Artikelnummern ist im Handbuch im Downloadbereich hinterlegt. Sollten Sie die Seriennummer Ihrer HP-150 zur Hand haben, können wir Ihnen die Liste auch direkt per E-Mail schicken.",Wartung,Wartung,0.9
303,2024-06-08,"Sehr geehrte Support-Abteilung, im Rahmen unserer Projektplanung müssen wir wissen, wann die SCS-100 (Bestellnummer: 88271-B) bei uns eintrifft. Der angekündigte Termin ist bereits verstrichen.","Guten Tag. Bitte entschuldigen Sie die Verzögerung bei der SCS-100. Wir kontaktieren umgehend unsere Produktionsplanung, um die Ursache für den Lieferverzug zu ermitteln, und informieren Sie über den neuen Lieferzeitraum.",Lieferstatus,Lieferstatus,1
304,2024-06-08,"Guten Tag, bitte senden Sie uns ein Angebot über die Ersatzteile für die DM-500 Wartungspaket Typ B. Danke.","Sehr geehrte Damen und Herren, vielen Dank für Ihre Anfrage. Gerne erstellen wir Ihnen ein Angebot für das Wartungspaket Typ B für die DM-500. Bitte lassen Sie uns noch die Seriennummer Ihrer Maschine zukommen, damit wir sicherstellen können, dass die Komponenten exakt zu Ihrem Modell passen.",Ersatzteil-Anfrage,Ersatzteil-Anfrage,1
305,2024-06-08,Spezialwerkzeug für FSL-300 Wartung? Brauche Liste.,Hallo. Eine Liste der für die Wartung der FSL-300 erforderlichen Spezialwerkzeuge finden Sie direkt in der technischen Dokumentation im Downloadbereich unseres Portals. Dort ist unter dem Punkt 'Instandhaltung' alle benötigten Artikelnummern aufgeführt.,Wartung,Wartung,0.85
306,2024-06-08,"Sehr geehrte Damen und Herren, wir haben die neue DM-500 letzte Woche erhalten. Könnten Sie uns bitte mitteilen, wie wir eine fachgerechte Inbetriebnahme sowie eine Einweisung für unsere Techniker organisieren können? Vielen Dank im Voraus.","Sehr geehrte Damen und Herren, vielen Dank für Ihre Nachricht. Gerne unterstützen wir Sie bei der Inbetriebnahme Ihrer DM-500. Um Ihnen passende Schulungsmodule anbieten zu können, benötigen wir vorab die Seriennummer der Maschine sowie die Anzahl der teilnehmenden Mitarbeiter. Sobald uns diese Daten vorliegen, lassen wir Ihnen eine Übersicht der verfügbaren Termine und Konditionen zukommen.",Schulung,Schulung,1
307,2024-06-09,Reklamation SCS-100. Spindel defekt. Sende bitte Infos zum Prozess.,"Guten Tag, für die Bearbeitung Ihrer Reklamation zur SCS-100 benötigen wir bitte die Seriennummer des Geräts sowie die dazugehörige Bestellnummer. Nach Erhalt dieser Daten leiten wir die Prüfung des Garantiefalls ein.",Garantie-Reklamation,Garantie-Reklamation,0.95
308,2024-06-09,"Sehr geehrte Damen und Herren, wir haben Probleme mit der Softwareversion 4.2 auf unserer DM-500. Es kommt ständig zu Abstürzen während des Programmlaufs. Ist das ein Garantiefall?","Guten Tag, Softwarebedingte Störungen können verschiedene Ursachen haben. Bitte lassen Sie uns die vollständige Seriennummer der DM-500 sowie das entsprechende Fehlerprotokoll (Log-File) zukommen. Wir prüfen dann, ob ein Software-Update oder ein Hardware-Austausch im Rahmen der Garantie erforderlich ist.",Garantie-Reklamation,Software-Problem,0.9
309,2024-06-10,Wann kommt die SCS-100? Die Frist ist abgelaufen. Unzufrieden mit dem Service.,"Guten Tag. Wir bedauern die entstandenen Unannehmlichkeiten sehr. Damit ich die Verzögerung der SCS-100 untersuchen und Ihnen eine schnelle Lösung anbieten kann, nennen Sie mir bitte Ihre Bestellnummer. Wir werden den Versandstatus umgehend priorisiert prüfen.",Lieferstatus,Lieferstatus,1
310,2024-06-10,"Sehr geehrte Kollegen, bezüglich der HP-150 benötigen wir Ersatz für den Drucksensor (Bestellnr. 445-X). Können Sie uns mitteilen, wann wir mit der Lieferung rechnen können?","Guten Tag, vielen Dank für Ihre Anfrage. Wir prüfen gerne die aktuelle Lieferzeit für den Drucksensor mit der Bestellnummer 445-X für Ihr Modell HP-150. Wir werden die Bestände prüfen und Ihnen die voraussichtliche Lieferzeit umgehend mitteilen.",Ersatzteil-Anfrage,Ersatzteil-Anfrage,0.95
311,2024-06-10,"Fehlermeldung Spindel Überhitzung bei DM-500. Keine Seriennummer zur Hand, aber Modell ist DM-500.","Guten Tag. Um Ihnen bei der Überhitzung der Spindel an der DM-500 helfen zu können, benötigen wir zwingend die Seriennummer der Maschine. Bitte halten Sie diese bereit, damit wir die spezifischen technischen Daten und die korrekte Ersatzteilversorgung prüfen können. Bitte kontrollieren Sie in der Zwischenzeit die Kühlmittelstände.",Technische Fehlermeldung,Technische Fehlermeldung,0.95
312,2024-06-11,"Brauche Angebot für HP-150, Schutzkappe, Nr 100293. Senden Sie das zeitnah?",Guten Tag. Wir haben Ihre Anfrage für die Schutzkappe (Art.-Nr. 100293) für die HP-150 erhalten. Wir erstellen das Angebot und prüfen die aktuelle Lieferzeit. Sie erhalten die Informationen in Kürze.,Ersatzteil-Anfrage,Ersatzteil-Anfrage,1
313,2024-06-12,"Sehr geehrte Support-Abteilung, bezüglich unserer Bestellung Nr. 88291 (SNU-200) stellt sich die Frage nach den zyklischen Wartungsaufgaben. Können Sie uns hierzu eine Übersicht der zu erledigenden Schritte zukommen lassen?","Sehr geehrte Damen und Herren, vielen Dank für Ihre Anfrage. Gerne senden wir Ihnen eine Übersicht der zyklischen Wartungsschritte für die SNU-200 zu. Die detaillierte Checkliste finden Sie zudem jederzeit im Downloadbereich unseres Kundenportals, sofern Sie die Seriennummer der Einheit zur Identifikation bereithalten.",Wartung,Wartung,0.9
314,2024-06-13,Kann man schon sehen wann die CNCF-500 kommt? Keine Info erhalten.,"Guten Tag. Gerne sehe ich für Sie nach, wann die CNCF-500 geliefert wird. Bitte nennen Sie mir hierfür Ihre Bestellnummer oder die Seriennummer der Maschine, damit ich den Vorgang in unserem System aufrufen kann.",Lieferstatus,Lieferstatus,1
315,2024-06-13,"Sehr geehrte Damen und Herren, wir möchten Sie bitten, die Rechnungsanschrift für unsere laufenden Wartungsverträge der SCS-100 Modelle auf die 'ENDI Partner GmbH' in Berlin zu ändern. Die Details entnehmen Sie bitte dem Anhang.","Guten Tag. Wir haben Ihren Wunsch bezüglich der Änderung der Rechnungsanschrift für die Wartungsverträge erhalten. Um die Änderung systemseitig korrekt vorzunehmen, benötigen wir bitte noch die entsprechenden Vertragsnummern oder die Seriennummern der SCS-100 Modelle.",Sonstiges,Sonstiges,1
316,2024-06-14,"Moin, wir müssen die SCS-100 warten. Haben wir das passende Werkzeug dafür oder müssen wir was nachbestellen? Artikelnummer vom Set fehlt mir gerade.","Moin, das hängt davon ab, welches Wartungskit Sie bei der Erstanschaffung gewählt haben. Bitte nennen Sie uns Ihre Bestellnummer oder die Seriennummer der SCS-100, damit wir prüfen können, ob das benötigte Spezialwerkzeug in Ihrem Bestand enthalten ist.",Wartung,Wartung,0.85
317,2024-06-14,Was ist mit der Wartung bei der FSL-300? Haben wir da was verpasst? Die Maschine läuft aber noch ganz normal.,"Guten Tag, um den aktuellen Wartungsstatus Ihrer FSL-300 beurteilen zu können, benötigen wir bitte die Seriennummer der Maschine sowie den aktuellen Zählerstand der Betriebsstunden. Anhand dieser Daten können wir prüfen, ob ein Wartungsintervall bereits überschritten wurde oder bald ansteht.",Wartung,Wartung,0.9
318,2024-06-14,"Sehr geehrte Damen und Herren, wir müssen eine Reklamation für unsere DM-500 anmelden. Die Software Version 2.1 zeigt ständig Systemfehler an. Wie läuft der Prozess zur Reparatur im Rahmen der Garantie ab?","Guten Tag. Für die Bearbeitung der Software-Reklamation benötigen wir bitte die Seriennummer der Maschine sowie einen Screenshot der spezifischen Fehlermeldungen. Nach Erhalt der Daten prüfen wir, ob ein Software-Update oder ein Hardware-Austausch im Rahmen der Garantie erforderlich ist.",Garantie-Reklamation,Garantie-Reklamation,0.95
319,2024-06-15,SNC-200 hat Problem mit Sensor. Druck zu hoch. Bitte checken.,"Guten Tag. Bitte prüfen Sie, ob das Druckbegrenzungsventil korrekt angesprochen hat und ob die Sensoreinheit auf Verschmutzung reagiert. Da die genaue Modellbezeichnung (SNU-200 oder SNC-200?) nicht eindeutig ist, senden Sie uns bitte die Seriennummer und die genaue Fehlermeldung zu.",Technische Fehlermeldung,Technische Fehlermeldung,0.85
320,2024-06-15,Hydraulik Druck zu niedrig bei FSL-300. Maschine steht still. Dringend!!!,"Guten Tag, wir haben Ihr Anliegen als dringend eingestuft. Bitte kontrollieren Sie als ersten Schritt den Hydraulikölstand und suchen Sie nach sichtbaren Leckagen an den Zylindern. Für eine detaillierte Fehleranalyse benötigen wir die Seriennummer der FSL-300 sowie die Softwareversion der Steuerung.",Technische Fehlermeldung,Technische Fehlermeldung,0.95
321,2024-06-15,FSL-300 kaputt. Motor macht komische Geräusche. Was ist der Prozess für Garantie?,Guten Tag. Der Prozess für eine Garantierückmeldung sieht wie folgt aus: Zunächst benötigen wir die Seriennummer der FSL-300 und eine detaillierte Fehlerbeschreibung. Nach Prüfung durch unsere Fachabteilung entscheiden wir über die weitere Vorgehensweise (Reparatur oder Austausch der Komponente).,Garantie-Reklamation,Garantie-Reklamation,0.95
322,2024-06-16,"Sehr geehrte Damen und Herren, wir warten bereits seit zwei Wochen auf die Lieferung unserer bestellten CNCF-500. Bisher haben wir keinerlei Informationen zum Versand erhalten. Bitte teilen Sie uns den aktuellen Status mit. Mit freundlichen Grüßen, Müller GmbH.","Sehr geehrte Damen und Herren, vielen Dank für Ihre Nachricht. Wir prüfen den aktuellen Status Ihrer CNCF-500 umgehend. Damit wir den Vorgang direkt zuordnen können, benötigen wir bitte Ihre Bestellnummer oder die entsprechende Auftragsnummer. Sobald uns diese vorliegt, informieren wir Sie über den voraussichtlichen Liefertermin.",Lieferstatus,Lieferstatus,1
323,2024-06-16,"Sehr geehrte Damen und Herren, wir warten bereits seit drei Tagen auf die Versandbestätigung für unsere neue DM-500. Könnten Sie bitte den aktuellen Status prüfen?","Guten Tag. Gerne prüfe ich den Status Ihrer Lieferung. Damit ich den Vorgang eindeutig zuordnen kann, benötige ich bitte Ihre Bestellnummer oder die dazugehörige Kundennummer. Sobald mir diese vorliegt, informiere ich Sie umgehend über den Verbleib der Maschine.",Lieferstatus,Lieferstatus,1
324,2024-06-16,Wo bleibt die DM-500? Keine Info erhalten.,"Guten Tag. Um den Verbleib Ihrer DM-500 prüfen zu können, benötigen wir bitte Ihre Bestellnummer oder die entsprechende Auftragsnummer. Sobald uns diese vorliegt, leiten wir die Abfrage bei unserem Versanddienstleister ein.",Lieferstatus,Lieferstatus,1
325,2024-06-16,"Sehr geehrte ENDI-Technik, bei der Inbetriebnahme der SCS-100 (Bestell-Nr. 88291-X) erscheint die Meldung 'Druck zu hoch im System'. Wir bitten um Anleitung zur Behebung.","Sehr geehrte Damen und Herren, vielen Dank für Ihre Anfrage. Bitte prüfen Sie umgehend die Druckentlastungsventile auf fest sitzende Blockaden oder Verunreinigungen. Stellen Sie sicher, dass der Sicherheitsdruckbegrenzer korrekt eingestellt ist. Weitere technische Spezifikationen entnehmen Sie bitte dem Handbuch im Downloadbereich.",Technische Fehlermeldung,Technische Fehlermeldung,0.9
326,2024-06-17,Status Lieferung FSL-300 bitte. Bestell-Nr unbekannt.,"Guten Tag. Gerne prüfen wir den Status Ihrer FSL-300 für Sie. Da uns aktuell keine Referenznummer vorliegt, bitten wir Sie um die Zusendung der Bestellnummer oder der Kundennummer, damit wir die Sendung korrekt zuordnen können.",Lieferstatus,Lieferstatus,1
327,2024-06-17,Brauche Preis für HP-150 Sensorik. Artikel 992-B.,"Guten Tag, gerne senden wir Ihnen ein Angebot für den Sensor 992-B zu. Bitte nennen Sie uns zur Verifizierung der Passgenauigkeit noch die Seriennummer Ihrer HP-150.",Ersatzteil-Anfrage,Sonstiges,0.9
328,2024-06-17,DXF-Import schlägt fehl auf SNU-200. Software Version unbekannt. Hilfe benötigt.,"Guten Tag, um das Problem zu untersuchen, benötigen wir bitte die Seriennummer Ihrer SNU-200 sowie die genaue Softwareversion (zu finden unter 'Hilfe -> Info'). Bitte teilen Sie uns auch mit, ob eine Fehlermeldung erscheint.",Software-Problem,Software-Problem,0.95
329,2024-06-19,"Hallo, wir haben ein Problem mit der DM-500. Ein Sensor ist defekt. Was kostet der Ersatz und wann ist er da? Maschine ist ENDI-SN-2023-04.","Guten Tag. Um Ihnen den korrekten Preis und die Lieferzeit für den Sensor nennen zu können, benötigen wir bitte die genaue Sensor-Nummer oder die Bezeichnung aus dem Schaltplan Ihrer DM-500. Bitte lassen Sie uns diese Information zukommen.",Ersatzteil-Anfrage,Ersatzteil-Anfrage,0.9
330,2024-06-19,Haben wir für die FSL-300 eigentlich schon das Update für die DXF-Kompatibilität bekommen? Die aktuelle Version macht nur Probleme beim Einlesen.,"Guten Tag. Um Ihnen sagen zu können, ob ein spezifisches Update für Ihre FSL-300 bereitsteht, benötigen wir die aktuelle Softwareversion Ihres Systems. Bitte prüfen Sie diese im Menüpunkt 'Info' und teilen Sie uns diese sowie die Seriennummer mit.",Software-Problem,Software-Problem,0.95
331,2024-06-19,Wir haben Probleme mit dem Wartungsplan für die CNCF-500. Die Intervalle passen nicht zu unserer Schichtplanung. Gibt es da Spielraum oder Anpassungen?,"Guten Tag, die Wartungsintervalle basieren auf den technischen Spezifikationen des Herstellers zur Sicherung der Betriebssicherheit. Eine individuelle Anpassung ist nur nach Prüfung der spezifischen Einsatzbedingungen möglich. Bitte senden Sie uns die Seriennummer der CNCF-500 und eine Beschreibung Ihrer aktuellen Einsatzparameter zu, damit unsere Technik das prüfen kann.",Wartung,Wartung,0.8
332,2024-06-19,Intervall Wartung SNU-200. Bitte senden.,"Hallo. Damit wir Ihnen die korrekten Wartungsintervalle für die SNU-200 mitteilen können, benötigen wir bitte die Seriennummer Ihrer Maschine.",Wartung,Ersatzteil-Anfrage,0.7
333,2024-06-19,Kann man bei euch auch Schulungen für die CNCF-500 buchen? Brauchen Hilfe bei der Bedienung.,"Guten Tag, ja, wir bieten verschiedene Schulungsprogramme für unsere CNCF-500 an. Damit wir Ihnen das passende Modul anbieten können, lassen Sie uns bitte wissen, auf welchem Kenntnisstand Ihre Mitarbeiter aktuell sind und ob Sie eine Vor-Ort-Schulung oder ein Training in unserem Schulungszentrum bevorzugen.",Sonstiges,Schulung,1
334,2024-06-20,Haben Sie Ersatzteile für SNU-200? Brauche was für die Steuerung.,"Guten Tag. Gerne helfen wir Ihnen bei der Suche nach Ersatzteilen für die Steuerung Ihrer SNU-200. Damit wir das richtige Modul identifizieren können, benötigen wir bitte die genaue Bezeichnung der Steuerung oder die Seriennummer der Maschine. Bitte prüfen Sie auch die Versionsnummer der Software, falls diese auf dem Display angezeigt wird.",Ersatzteil-Anfrage,Ersatzteil-Anfrage,1
335,2024-06-20,"Preisanfrage: Ersatzteil für DM-500, Art-Nr 10-20-30. Wie lange dauert der Versand nach Hamburg?",Guten Tag. Wir erstellen Ihnen gerne ein Angebot für die Artikelnummer 10-20-30 zur DM-500. Die voraussichtliche Versanddauer nach Hamburg berechnen wir Ihnen direkt im Angebot mit. Wir melden uns in Kürze.,Ersatzteil-Anfrage,Ersatzteil-Anfrage,0.9
336,2024-06-20,Dringend!!! SCS-100 zeigt 'Hydraulik-Druck zu hoch' an. Maschine steht still. Hilfe!,"Guten Tag. Bitte fahren Sie die Maschine sicherheitshalber in den Not-Aus-Zustand, wenn der Druck kritische Werte erreicht. Überprüfen Sie bitte das Druckbegrenzungsventil auf Blockaden. Damit unsere Technik den Fall prüfen kann, senden Sie uns bitte die Artikelnummer des betroffenen Hydraulikmoduls und die Seriennummer der SCS-100.",Technische Fehlermeldung,Technische Fehlermeldung,1
337,2024-06-20,"Guten Tag, ich versuche gerade die Software auf der SCS-100 zu aktualisieren, aber der Vorgang bricht ständig ab. Was soll ich tun?","Guten Tag, das klingt nach einem Installationsfehler. Bitte prüfen Sie, ob ausreichend Speicherplatz auf der Festplatte vorhanden ist und ob eine stabile Internetverbindung besteht. Senden Sie uns bitte die genaue Fehlermeldung sowie Ihre Kundennummer zu, damit wir den Vorgang prüfen können.",Software-Problem,Software-Problem,1
338,2024-06-20,Brauchen Hilfe bei Inbetriebnahme SNU-200. Wer kann das machen?,"Guten Tag. Für die Inbetriebnahme Ihrer SNU-200 bieten wir technische Schulungen vor Ort oder remote an. Damit wir den Aufwand einschätzen können, teilen Sie uns bitte mit, ob die Maschine bereits physisch installiert ist und welche Softwareversion aktuell auf dem System läuft. Wir senden Ihnen dann umgehend die entsprechenden Unterlagen zu.",Schulung,Schulung,0.7
339,2024-06-21,"Gude, wo steck die DM-500? Keine Mail bekommen.","Guten Tag. Gerne helfe ich Ihnen weiter. Bitte senden Sie mir zur Identifizierung des Vorgangs Ihre Bestellnummer oder die Rechnungsnummer zu, damit ich den Versandstatus der DM-500 prüfen kann.",Lieferstatus,Lieferstatus,0.9
340,2024-06-21,"Hallo, ich versuche gerade die neue Version der Steuerung auf dem DM-500 aufzuspielen, aber das Update bricht immer bei 45% ab. Was soll ich machen? Artikelnummer 88-402.","Guten Tag. Ein Abbruch während des Update-Vorgangs kann verschiedene Ursachen haben, etwa eine instabile Verbindung oder unzureichenden Speicherplatz. Bitte stellen Sie sicher, dass die Stromversorgung stabil ist und der Download vollständig abgeschlossen wurde. Senden Sie uns bitte zusätzlich die aktuelle Firmware-Version und die genaue Fehlermeldung zu, falls diese angezeigt wird.",Software-Problem,Software-Problem,1
341,2024-06-21,"Sehr geehrte Damen und Herren, bezüglich unserer CNCF-500 (Bestellnummer: ENDI-99281) stellt sich die Frage, in welchen Abständen die Schmierung der Führungsschienen erfolgen muss. Über eine kurze Rückmeldung würden wir uns freuen.","Sehr geehrte Damen und Herren, vielen Dank für Ihre Anfrage. Für die CNCF-500 mit der Bestellnummer ENDI-99281 finden Sie die exakten Schmierintervalle in der Wartungstabelle des Handbuchs, welches Ihnen im Downloadbereich auf unserer Website zur Verfügung steht. Bitte beachten Sie dort die Hinweise zur Schmierstoffart.",Wartung,Wartung,0.95
342,2024-06-22,Brauche ich für die Wartung der FSL-300 spezielles Werkzeug oder geht das mit Standard-Satz?,"Hallo, für die routinemäßige Wartung der FSL-300 wird ein spezieller Kalibrierungs-Schlüssel benötigt, der nicht zum Standard-Werkzeugsatz gehört. Eine Liste der benötigten Spezialwerkzeuge ist in der Wartungsanleitung auf Seite 42 aufgeführt.",Wartung,Wartung,0.98
343,2024-06-22,"Sehr geehrte Support-Abteilung, im Rahmen unserer Qualitätsprüfung stellten wir fest, dass die Bauteile der DM-500 (Bestellung 2023-09-A) nicht die spezifizierte Präzision halten. Wir bitten um Prüfung einer Reklamation gemäß Garantierichtlinien.","Guten Tag. Vielen Dank für Ihre Nachricht. Um eine Abweichung von der Spezifikation technisch prüfen zu können, benötigen wir die Seriennummer der betroffenen DM-500 sowie die entsprechenden Messprotokolle. Nach Erhalt der Unterlagen werden wir die Prüfung im Rahmen Ihrer Garantiebedingungen veranlassen.",Garantie-Reklamation,Garantie-Reklamation,1
344,2024-06-23,Wo bleibt die DM-500? Keine Info bekommen.,"Guten Tag. Damit ich die Verzögerung der DM-500 prüfen kann, teilen Sie mir bitte Ihre Bestellnummer oder die Seriennummer der Maschine mit. Ich werde den Versandstatus dann umgehend für Sie abfragen.",Lieferstatus,Lieferstatus,0.95
345,2024-06-24,Status Anfrage: DM-500. Bestellung Nr. 9982. Ist das Teil schon im LKW?,"Guten Tag. Die DM-500 mit der Bestellnummer 9982 befindet sich aktuell in der Verladung. Die Abholung durch den Spediteur ist für heute Nachmittag terminiert. Sie erhalten die Versandbestätigung mit den Tracking-Details, sobald die Verladung abgeschlossen ist.",Lieferstatus,Lieferstatus,1
346,2024-06-24,Haben Sie ein Update für HP-150? Der Import von Zeichnungen klappt nicht mehr.,"Hallo. Um Ihnen die passende Update-Version für Ihre HP-150 nennen zu können, benötigen wir bitte die Artikelnummer Ihrer Steuerung sowie die aktuelle Softwareversion. Könnten Sie zudem spezifizieren, ob eine Fehlermeldung erscheint oder das Programm direkt schließt?",Software-Problem,Software-Problem,0.9
347,2024-06-24,"Sehr geehrte Damen und Herren, wir stellen fest, dass die Software unserer CNCF-500 (Bestellung Nr. 9920-Z) nach dem Starten des Import-Vorgangs für DXF-Dateien sofort das Betriebssystem verlässt. Dies ist geschäftskritisch. Wir erwarten eine zeitnahe Rückmeldung.","Sehr geehrte Damen und Herren, wir nehmen Ihr Anliegen sehr ernst. Um den Fehler einzugrenzen, bitten wir Sie, uns das Fehlerprotokoll (Logfile) sowie die Seriennummer der CNCF-500 zukommen zu lassen. Bitte prüfen Sie zudem, ob das Problem auch bei anderen Dateiformaten oder sehr kleinen DXF-Dateien auftritt.",Software-Problem,Software-Problem,1
348,2024-06-25,"Wir haben ein Problem mit der FSL-300. Ein Sensor scheint defekt zu sein, die Maschine verweigert den Dienst. Bitte um Rückruf.","Guten Tag. Gerne unterstützen wir Sie bei der Behebung des Sensorfehlers. Damit wir die passenden Ersatzteile oder Lösungsschritte bereithalten können, senden Sie uns bitte vorab die Seriennummer der FSL-300 und die genaue Bezeichnung des betroffenen Sensors (siehe Schaltplan oder Handbuch im Downloadbereich) zu.",Technische Fehlermeldung,Technische Fehlermeldung,0.9
349,2024-06-25,Wir haben bei der HP-150 ein Problem mit der Steuerung. Bitte um Prüfung der Garantie. Artikel: HP-150-V2.,"Guten Tag. Für die Prüfung der Steuerung bei der HP-150 benötigen wir bitte die Seriennummer der Maschine sowie die genaue Softwareversion, die aktuell installiert ist. Sobald uns diese Informationen vorliegen, prüfen wir den Garantiestatus.",Garantie-Reklamation,Garantie-Reklamation,0.95
350,2024-06-26,Betreff: Fehlende Versandbestätigung für Bestellung ENDI-5521 (Modell: DM-500). Warum wurde bisher nichts verschickt?,"Guten Tag. Wir prüfen gerne den Grund für die noch ausstehende Versandbestätigung Ihrer Bestellung ENDI-5521. Wir melden uns kurzfristig bei Ihnen, ob die DM-500 bereits für den Versand vorbereitet wurde.",Lieferstatus,Lieferstatus,1
351,2024-06-26,HP-150 hat Probleme mit der Software. Update schlägt fehl. Garantie?,"Guten Tag. Gerne prüfen wir, ob dieser Softwarefehler unter die Garantieleistung fällt. Damit wir dies tun können, benötigen wir die aktuelle Softwareversion sowie die Seriennummer Ihrer HP-150. Bitte halten Sie diese Informationen für den weiteren Prozess bereit.",Garantie-Reklamation,Software-Problem,0.8
352,2024-06-26,"Hallo, wir haben Probleme bei der Bedienung der SCS-100. Kann da mal jemand vorbeikommen und uns zeigen, wie das Teil richtig läuft? Das ist echt mühsam so.","Guten Tag, es tut uns leid zu hören, dass die Bedienung aktuell Schwierigkeiten bereitet. Gerne bieten wir Ihnen eine gezielte Anwenderschulung an. Bitte lassen Sie uns wissen, ob Sie eine Schulung direkt an Ihrem Standort oder eine Online-Einweisung bevorzugen. Für die Terminplanung benötigen wir zudem die Seriennummer Ihres Geräts.",Schulung,Schulung,1
353,2024-06-27,"Wir haben Probleme mit der HP-150. Die Software schließt sich einfach selbst, sobald wir eine Zeichnung laden wollen. Das ist extrem nervig, da wir Termindruck haben. Artikelnummer: 445-X9.","Guten Tag, wir bedauern die Unannehmlichkeiten und die daraus resultierende Verzögerung. Bitte führen Sie eine Systemdiagnose über das Einstellungsmenü der Software durch und senden Sie uns das Ergebnis zusammen mit der Seriennummer Ihrer HP-150 zu. So können wir gezielt nach Fehlern in der Datenbank suchen.",Software-Problem,Software-Problem,1
354,2024-06-28,"Hallo, unser FSL-300 ist defekt. Wir brauchen eine neue Dichtung für das Hydrauliksystem. Können Sie sagen, ob das Teil auf Lager ist?","Guten Tag, es tut uns leid zu hören, dass Ihre FSL-300 aktuell nicht einsatzbereit ist. Damit wir die korrekte Dichtung identifizieren und die Lagerbestände prüfen können, benötigen wir bitte die Seriennummer der Maschine sowie, falls vorhanden, die Artikelnummer der Dichtung aus Ihrem Handbuch.",Ersatzteil-Anfrage,Ersatzteil-Anfrage,1
355,2024-06-28,"Sehr geehrte ENDI-Technik, wir registrieren bei unserer SCS-100 eine kontinuierliche Übertemperaturmeldung im Bereich des Antriebs. Bitte um schnelle Rückmeldung.","Sehr geehrte Damen und Herren, vielen Dank für Ihre Nachricht. Bitte führen Sie umgehend einen Check der Lüfterfilter auf Verstopfung durch und stellen Sie sicher, dass die Luftzirkulation um das Gehäuse nicht behindert wird. Für eine tiefergehende Diagnose benötigen wir die Seriennummer der SCS-100 sowie die aktuelle Softwareversion Ihrer Steuerung.",Technische Fehlermeldung,Technische Fehlermeldung,1
356,2024-06-28,Inbetriebnahme HP-150. Wann kommt wer?,"Guten Tag. Für die Planung der Inbetriebnahme der HP-150 benötigen wir bitte Ihre Kundennummer oder die Bestellnummer sowie die Seriennummer der Maschine. Sobald uns diese Daten vorliegen, stimmen wir die Termine mit Ihnen ab.",Schulung,Sonstiges,0.9
357,2024-07-01,Haben Sie Schmierstofffilter für die SNU-200 da? Brauchen welche.,"Guten Tag, gerne prüfen wir die Verfügbarkeit der Schmierstofffilter für Ihre SNU-200. Bitte teilen Sie uns hierfür die Seriennummer Ihrer Maschine mit, damit wir sicherstellen können, dass die Filter exakt zu Ihrem Modell passen.",Ersatzteil-Anfrage,Ersatzteil-Anfrage,1
358,2024-07-01,Kann man die Software der CNCF-500 manuell updaten oder muss ein Techniker kommen? Die DXF-Funktion spinnt rum.,"Guten Tag. Viele Updates können über den Downloadbereich selbst durchgeführt werden. Um zu entscheiden, ob dies für Ihre CNCF-500 möglich ist oder ein Vor-Ort-Termin nötig wird, benötigen wir bitte die aktuelle Softwareversion und die Seriennummer Ihrer Maschine.",Software-Problem,Software-Problem,0.9
359,2024-07-01,"Hallo, aktivierung klappt nicht bei SNU-200. Code wird abgelehnt. Hilfe?","Hallo, vielen Dank für Ihre Anfrage. Um Ihnen bei der Aktivierung Ihrer SNU-200 weiterhelfen zu können, benötigen wir zusätzliche Details. Bitte senden Sie uns die entsprechende Bestellnummer der Softwarelizenz sowie die Seriennummer Ihrer Maschine zu. Wir prüfen dann umgehend, ob der Code korrekt mit Ihrer Hardware verknüpft wurde.",Lizenzaktivierung,Software-Problem,0.9
360,2024-07-01,"Rechnungsadresse ändern! Neue Anschrift: Am Strom 8, 90402 Nürnberg.","Guten Tag. Damit wir die Änderung vornehmen können, benötigen wir bitte noch Ihre Kundennummer oder eine Referenznummer zu Ihrem Kundenkonto.",Sonstiges,Sonstiges,1
361,2024-07-02,Preis für Schaltelement FSL-300 (Ref: 12-34-56).,"Guten Tag, vielen Dank für Ihre Anfrage. Gerne senden wir Ihnen ein Angebot für das Schaltelement mit der Referenznummer 12-34-56 für die FSL-300 zu. Wir geben dabei auch die aktuelle Lieferzeit an.",Ersatzteil-Anfrage,Sonstiges,0.95
362,2024-07-03,Aktivierungsschlag fehl bei FSL-300. Bitte um Rückruf.,"Guten Tag. Wir haben Ihre Anfrage zur fehlgeschlagenen Aktivierung der FSL-300 erhalten. Damit wir Sie telefonisch effizient unterstützen können, senden Sie uns bitte vorab Ihre Kundennummer und die betroffene Lizenznummer zu. So können wir die Daten bereits während des Gesprächs bereithalten.",Lizenzaktivierung,Technische Fehlermeldung,0.85
363,2024-07-04,"Guten Tag, wir haben am 12.03. die CNCF-500 bestellt (Ref: 7721-B). Warum kommt da nichts? Wir brauchen die Maschine dringend für ein Projekt.","Guten Tag. Ich verstehe die Dringlichkeit Ihres Projekts. Nach Prüfung der Referenz 7721-B kann ich Ihnen mitteilen, dass die CNCF-500 derzeit den Qualitätssicherungsprozess durchläuft. Der voraussichtliche Versand erfolgt am kommenden Montag. Wir bemühen uns um eine schnellstmögliche Abwicklung.",Lieferstatus,Lieferstatus,0.98
364,2024-07-05,Haben Sie Ersatzteile für SCS-100 vorrätig? Wir brauchen dringend Ersatz für die Komponente 55-90-Z.,Guten Tag. Wir prüfen sofort die Verfügbarkeit der Komponente 55-90-Z für die SCS-100. Wir setzen uns bezüglich der Lieferfähigkeit und eines Angebots umgehend mit Ihnen in Verbindung.,Ersatzteil-Anfrage,Ersatzteil-Anfrage,1
365,2024-07-05,Was muss bei der SNU-200 gewartet werden? Brauche Infos zu den Schritten.,"Guten Tag, die Wartung der SNU-200 umfasst unter anderem die Prüfung der mechanischen Komponenten, die Schmierung sowie die Kalibrierung der Sensoren. Eine detaillierte Schritt-für-Schritt-Anleitung erhalten Sie nach Übermittlung der Seriennummer Ihrer Maschine.",Wartung,Wartung,0.95
366,2024-07-06,Lieferstatus bitte! Artikel 992-B (SCS-100),Guten Tag. Gerne prüfen wir den Lieferstatus des Artikels 992-B. Bitte nennen Sie uns zur Identifizierung des Vorgangs noch Ihre Bestellnummer oder Ihren Firmennamen.,Lieferstatus,Lieferstatus,1
367,2024-07-07,Spindel zu heiß an SCS-100. Maschine macht komische Geräusche.,"Guten Tag. Bitte stoppen Sie die Maschine sofort, um Folgeschäden zu vermeiden. Die Geräusche in Kombination mit der Hitze könnten auf eine Lagerschädigung hindeuten. Bitte senden Sie uns die Seriennummer der SCS-100 und die aktuelle Softwareversion zu, damit unsere Techniker den Fall prüfen können.",Technische Fehlermeldung,Technische Fehlermeldung,0.95
368,2024-07-07,DXF Import Fehler bei SCS-100. Bitte Rückmeldung.,"Guten Tag, vielen Dank für Ihre Anfrage. Um Ihr Anliegen bearbeiten zu können, benötigen wir detailliertere Informationen zu dem Problem. Bitte nennen Sie uns die Seriennummer Ihrer SCS-100, die verwendete Softwareversion sowie eine genaue Beschreibung, was beim Importvorgang passiert (z. B. eine Fehlermeldung oder ein kompletter Systemstopp). Sobald uns diese Details vorliegen, leiten wir die Prüfung ein.",Software-Problem,Software-Problem,0.95
369,2024-07-07,Unterschiedliche Spannungen an der SNU-200 festgestellt. Gerät ist noch im Garantiezeitraum. Wie gehen wir vor?,"Guten Tag. Vielen Dank für Ihren Hinweis. Um die Fehlfunktion der SNU-200 untersuchen zu können, benötigen wir die Seriennummer des Geräts sowie die Messprotokolle der festgestellten Spannungsabweichungen. Sobald uns diese vorliegen, prüfen wir die Deckung durch die Garantie.",Garantie-Reklamation,Garantie-Reklamation,0.95
370,2024-07-07,HP-150 hat defekte Hydraulikleitung. Bestellnr 445-00. Bitte um Austausch im Rahmen der Gewährleistung.,"Guten Tag. Um den Austausch prüfen zu können, benötigen wir bitte die Seriennummer der HP-150 sowie Fotos der beschädigten Leitung. Wir werden den Fall nach Erhalt der Unterlagen technisch bewerten.",Garantie-Reklamation,Garantie-Reklamation,0.95
371,2024-07-08,"Update-Frage: Reicht Version 2.4 für die CNCF-500 aus oder müssen wir auf 3.0 gehen, um die neuen DXF-Standards zu unterstützen?","Guten Tag, für die volle Unterstützung aktueller DXF-Standards empfehlen wir das Update auf Version 3.0. Bitte gleichen Sie die Systemanforderungen in der Versionsübersicht im Downloadbereich mit Ihrer Hardware ab, um sicherzustellen, dass die CNCF-500 die Anforderungen erfüllt.",Software-Problem,Software-Problem,0.9
372,2024-07-09,Habe ne Bestellung für CNCF-500 aber keine Mail über Versand erhalten. Bitte prüfen.,"Guten Tag. Ich prüfe das gerne für Sie. Bitte lassen Sie mir hierzu Ihre Bestellnummer zukommen, damit ich den Versandstatus der CNCF-500 direkt im System abgleichen kann.",Lieferstatus,Lieferstatus,1
373,2024-07-09,Ist die FSL-300 schon unterwegs? Haben noch keine Bestätigung erhalten.,"Guten Tag. Gerne prüfen wir den Versandstatus Ihrer FSL-300. Bitte lassen Sie uns hierzu Ihre Bestellnummer zukommen, damit wir den aktuellen Stand der Logistik für Sie abrufen können.",Lieferstatus,Lieferstatus,1
374,2024-07-09,SCS-100 druck zu niedrig. Sensor scheint defekt. Was jetzt?,"Guten Tag. Wenn der Drucksensor an der SCS-100 fehlerhafte Werte liefert, kann dies verschiedene Ursachen haben. Bitte führen Sie einen Reset der Steuerung durch und prüfen Sie, ob die Sensorkabel fest sitzen. Bitte senden Sie uns für eine Prüfung der Hardware die Seriennummer und die genaue Fehlermeldung (Code) zu.",Technische Fehlermeldung,Technische Fehlermeldung,0.85
375,2024-07-09,"DM-500 hat Übertemp-Warnung. Alles gecheckt, scheint nichts zu helfen. Hilfe!","Guten Tag. Damit wir den Fehler eingrenzen können, benötigen wir die Seriennummer der DM-500 und die genaue Temperaturanzeige in Grad Celsius. Bitte teilen Sie uns zudem mit, welche Komponenten Sie bereits geprüft haben (z.B. Lüfter, Kühlmittel, Umgebungstemperatur).",Technische Fehlermeldung,Technische Fehlermeldung,1
376,2024-07-11,Haben Sie die HP-150 schon rausgeschickt? Hab noch keine Mail bekommen.,Guten Tag. Gerne prüfen wir den Versandstatus Ihrer HP-150. Bitte senden Sie uns hierzu Ihre Bestellnummer oder die Rechnungsnummer zu. Wir werden den Status der Versandbestätigung dann umgehend für Sie kontrollieren.,Lieferstatus,Lieferstatus,1
377,2024-07-11,"Guten Tag, bei unserer SCS-100 wird ständig eine Warnung wegen Übertemperatur angezeigt. Die Maschine läuft zwar noch, aber die Präzision lässt nach. Wir wissen nicht genau, welcher Bereich betroffen ist, nur dass die Warnleuchte rot blinkt. Können Sie uns helfen?","Guten Tag, vielen Dank für Ihre Nachricht. Eine sinkende Präzision bei gleichzeitiger Übertemperaturwarnung kann auf verschiedene thermische Instabilitäten im Maschinenbett oder in den Antriebskomponenten hinweisen. Um die Ursache einzugrenzen, benötigen wir bitte die Seriennummer der SCS-100 sowie die exakte Bezeichnung der Fehlermeldung, die im Displayfenster angezeigt wird. Bitte prüfen Sie parallel die Umgebungstemperatur und die Funktion der internen Lüfter. Eine detaillierte Anleitung zur thermischen Überwachung finden Sie im Handbuch im Downloadbereich.",Technische Fehlermeldung,Technische Fehlermeldung,1
378,2024-07-12,Wie oft muss die SNU-200 gewartet werden? Wir haben die Maschine jetzt seit 6 Monaten im Einsatz.,"Guten Tag, die Wartungsintervalle der SNU-200 richten sich nach den Betriebsstunden, nicht nach dem Kalenderdatum. Bitte prüfen Sie den aktuellen Stundenstand im Display der Steuerung und vergleichen Sie diesen mit den Vorgaben im Handbuch.",Wartung,Wartung,1
379,2024-07-12,"Moin, die neue Lizenz für die HP-150 lässt sich einfach nicht freischalten. Wir haben den Key mehrmals eingegeben, aber es klappt nicht. Schickt uns mal einen neuen oder so.","Guten Tag. Es ist ärgerlich, dass die Freischaltung der HP-150 Software nicht wie gewünscht funktioniert. Bevor wir einen Austausch des Keys in Betracht ziehen, benötigen wir bitte Ihre Bestellnummer sowie die Seriennummer der HP-150. Bitte prüfen Sie zudem, ob die Maschine eine aktive Internetverbindung für die Lizenzprüfung hat.",Lizenzaktivierung,Software-Problem,0.95
380,2024-07-13,Lieferverzug bei DM-500 (Bestell-Nr. ENDI-99281). Bitte Rückmeldung!,Guten Tag. Vielen Dank für Ihre Anfrage zur Bestellung ENDI-99281. Wir prüfen derzeit den Status der DM-500 in unserer Logistikabteilung. Wir melden uns schnellstmöglich mit einem Update zum voraussichtlichen Liefertermin bei Ihnen.,Lieferstatus,Lieferstatus,1
381,2024-07-14,"Hallo, die SNU-200 sollte eigentlich gestern da sein. Nichts passiert. Bitte um Info.","Guten Tag, vielen Dank für Ihre Meldung. Ich werde den Verbleib Ihrer SNU-200 sofort prüfen. Bitte nennen Sie mir Ihre Bestellnummer, damit ich den Status beim Versanddienstleister abfragen kann. Ich melde mich schnellstmöglich bei Ihnen zurück.",Lieferstatus,Lieferstatus,1
382,2024-07-14,Dringend!!! Ersatzteil für SNU-200 benötigt. Sensor Typ B-44. Haben Sie das auf Lager? Unsere Produktion steht still!,"Guten Tag, wir verstehen die Dringlichkeit Ihrer Situation. Damit wir die Verfügbarkeit des Sensors Typ B-44 für Ihre SNU-200 sofort prüfen können, benötigen wir bitte die Seriennummer Ihres Geräts. Wir werden die Lagerbestände unmittelbar nach Erhalt Ihrer Information priorisiert abfragen.",Ersatzteil-Anfrage,Ersatzteil-Anfrage,1
383,2024-07-14,"Sehr geehrte Support-Abteilung, bei der Inbetriebnahme der neuen FSL-300 (Bestellnr. 99283-X) erscheint die Meldung 'Hydraulikdruck kritisch'. Wir benötigen dringend eine Anleitung zur Fehlerbehebung.","Guten Tag. Wir bedauern die Unannehmlichkeiten bei der Inbetriebnahme. Bitte prüfen Sie zunächst die korrekte Einstellung des Druckreglers gemäß den Spezifikationen im Handbuch im Downloadbereich. Um die Kompatibilität der Komponenten zu prüfen, lassen Sie uns bitte zusätzlich die Seriennummer der Maschine zukommen.",Technische Fehlermeldung,Technische Fehlermeldung,0.95
384,2024-07-14,"Haben Sie ein Update für die DM-500 Software? Die aktuelle Version scheint instabil zu sein, oft geht die Kiste einfach aus.","Guten Tag, um Ihnen die passende Update-Version nennen zu können, benötigen wir die aktuelle Versionsnummer Ihrer Software sowie die Seriennummer der DM-500. Bitte prüfen Sie vorab, ob alle Systemtreiber auf dem aktuellsten Stand sind.",Software-Problem,Software-Problem,1
385,2024-07-14,"Sehr geehrte Damen und Herren, bezüglich unserer HP-150 (Bestell-Nr. 88291-X) stellt sich die Frage, ob die jährliche Generalüberholung zwingend nach 12 oder 14 Monaten erfolgen muss?","Sehr geehrte Damen und Herren, für die HP-150 ist ein Intervall von exakt 12 Monaten vorgesehen, um die Gewährleistungsansprüche und die Betriebssicherheit zu gewährleisten. Eine Verschiebung auf 14 Monate wird nicht empfohlen.",Wartung,Wartung,0.9
386,2024-07-16,Keine Info zu Bestellung erhalten. Betrifft Modell FSL-300.,"Guten Tag, vielen Dank für Ihren Hinweis. Damit ich die fehlende Versandbestätigung für Ihre FSL-300 finden kann, benötigen wir bitte Ihre Bestellnummer oder die zugehörige Kundennummer. Wir melden uns umgehend nach Erhalt der Daten bei Ihnen.",Lieferstatus,Lieferstatus,1
387,2024-07-16,Problem mit HP-150. DXF Import geht nicht. Software stürzt ab. Hilfe benötigt.,"Guten Tag. Wir helfen Ihnen gerne weiter. Bitte nennen Sie uns zur Identifikation Ihres Systems die Seriennummer der HP-150 und teilen Sie uns mit, welche Fehlermeldung (falls vorhanden) beim Absturz erscheint.",Software-Problem,Software-Problem,1
388,2024-07-16,Wartungsintervall für FSL-300? Brauchen Infos wann was gemacht werden muss.,"Guten Tag, für die Ermittlung der korrekten Wartungsintervalle der FSL-300 benötige ich bitte die Seriennummer Ihres Geräts sowie die aktuelle Betriebsstundenzahl. Die Intervalle können je nach Auslastung und Konfiguration variieren. Sobald uns diese Daten vorliegen, erstellen wir Ihnen eine Übersicht.",Wartung,Wartung,1
389,2024-07-17,"Hallo, ich hab keine Mail wegen dem Versand von der SNU-200 bekommen. Kann mal wer gucken ob die schon raus ist? Art-Nr 44-X.","Guten Tag. Gerne prüfen wir den Versandstatus der SNU-200 für Sie. Damit wir den Vorgang korrekt zuordnen können, benötigen wir zusätzlich zur Artikelnummer bitte noch Ihre Bestellnummer oder die Kundennummer Ihres Unternehmens.",Lieferstatus,Lieferstatus,1
390,2024-07-17,"Hallo, brauche Angebot für Ersatzteil zu CNCF-500. Artikelnummer 4455-XY. Danke.","Guten Tag, vielen Dank für Ihre Nachricht. Wir haben die Artikelnummer 4455-XY für die CNCF-500 in unserem System aufgenommen. Wir erstellen Ihnen umgehend ein Angebot und informieren Sie gleichzeitig über die aktuelle Lieferzeit.",Ersatzteil-Anfrage,Ersatzteil-Anfrage,1
391,2024-07-18,Wo bleibt die DM-500? Bisher keine Info erhalten.,"Guten Tag, um den aktuellen Status Ihrer DM-500 prüfen zu können, benötige ich bitte Ihre Bestellnummer oder die entsprechende Projektnummer. Bitte lassen Sie mir diese Informationen zukommen, damit ich die Verzögerung umgehend für Sie klären kann.",Lieferstatus,Lieferstatus,1
392,2024-07-18,"Hallo, wir haben hier ein Problem mit der FSL-300. Das Display ist schwarz. Wir haben das Gerät erst vor einem Jahr gekauft, müsste also noch unter Garantie fallen. Bitte um Rückmeldung.","Guten Tag. Dass das Display der FSL-300 nicht reagiert, ist ärgerlich. Bitte prüfen Sie vorab, ob die Stromversorgung stabil ist, wie im Handbuch im Downloadbereich beschrieben. Für die weitere Bearbeitung der Reklamation benötigen wir zudem die Seriennummer des Geräts und den Kaufbeleg bzw. die Bestellnummer.",Garantie-Reklamation,Garantie-Reklamation,0.95
393,2024-07-18,Unsere FSL-300 macht komische Geräusche beim Fräsen. Maschine ist noch in Garantie. Was müssen wir tun? Art-Nr 88-X.,"Guten Tag, wir helfen Ihnen gerne weiter. Damit wir den Vorgang zuordnen können, senden Sie uns bitte die vollständige Seriennummer der FSL-300 sowie Ihre Kundennummer zu. Sobald uns diese Daten vorliegen, prüfen wir den Garantieanspruch.",Garantie-Reklamation,Garantie-Reklamation,0.9
394,2024-07-19,Unsere DM-500 zeigt Übertemperatur an. Wir wissen nicht warum. Bitte um Rückruf.,"Guten Tag. Gerne unterstützen wir Sie. Um den Vorfall vorzubereiten, bitten wir Sie vorab, die Seriennummer der DM-500 und die genaue Fehlermeldung bereitzuhalten. Bitte prüfen Sie in der Zwischenzeit, ob die Kühlkreisläufe frei von Blockaden sind.",Technische Fehlermeldung,Technische Fehlermeldung,0.95
395,2024-07-19,"Sehr geehrte ENDI-Technik, bei der Inbetriebnahme unserer HP-150 (Bestellnr. END-9921) erscheint die Meldung 'Hydraulik-Temperatur kritisch'. Bitte um Instruktionen.","Guten Tag. Vielen Dank für Ihre Nachricht. Bei der Meldung 'Hydraulik-Temperatur kritisch' an der HP-150 sollten Sie den Betrieb sofort unterbrechen, um Schäden zu vermeiden. Prüfen Sie bitte die Temperatur des Hydrauliköls und die Funktion des Wärmetauschers. Wir erwarten gerne Ihre Rückmeldung zur Seriennummer der Maschine für eine tiefergehende Prüfung.",Technische Fehlermeldung,Technische Fehlermeldung,0.95
396,2024-07-19,Betreff: Anfrage Trainingsmodul für SNU-200 Serie. Wir benötigen für unsere Instandhaltung eine Vertiefungsschulung bezüglich der Softwaresteuerung. Bitte um Rückmeldung.,"Sehr geehrte Damen und Herren, vielen Dank für Ihr Interesse an unseren vertiefenden Trainings. Um das passende Modul für Ihre Instandhaltung auszuwählen, teilen Sie uns bitte die aktuelle Softwareversion Ihrer SNU-200 mit. Wir prüfen dann die Verfügbarkeit unserer Spezialisten für diesen Bereich.",Schulung,Schulung,1
397,2024-07-19,"Moin, unser DM-500 macht Zicken. Die neue Software will einen Aktivierungscode, aber der Code aus der Rechnung (Art.-Nr. 440-X) wird als fehlerhaft markiert. Das ist echt nervig, wir haben Termindruck. Bitte schnell lösen!","Moin, vielen Dank für Ihre Nachricht. Wir verstehen, dass der Zeitdruck aufgrund der anstehenden Termine hoch ist. Wir werden uns der Sache sofort annehmen. Um die Lizenzprüfung für Ihre DM-500 beschleunigen zu können, benötigen wir bitte die Seriennummer der Maschine sowie die exakte Software-Versionsnummer. Wir prüfen dann sofort, ob ein Synchronisationsfehler bei der Umstellung auf das neue Lizenzmodell vorliegt.",Lizenzaktivierung,Software-Problem,1
398,2024-07-20,"Hallo, kann man mal sehen wo die HP-150 bleibt? Keine Info seit Bestellung.","Guten Tag. Um den Verbleib Ihrer HP-150 ermitteln zu können, benötigen wir bitte Ihre Bestellnummer oder die Seriennummer des Geräts. Vielen Dank für Ihre Mithilfe.",Lieferstatus,Lieferstatus,1
399,2024-07-20,Fehler Druck zu niedrig bei FSL-300. Maschine steht. Was tun?,"Guten Tag. Bitte prüfen Sie umgehend den Füllstand des Hydrauliköls sowie die Dichtigkeit der Zuleitungen am System. Sollte der Druck weiterhin unter dem Sollwert liegen, teilen Sie uns bitte die Seriennummer der FSL-300 mit, damit wir die entsprechenden technischen Unterlagen aufrufen können.",Technische Fehlermeldung,Technische Fehlermeldung,0.9
400,2024-07-20,"Sehr geehrte Kollegen, bei unserer CNCF-500 (Art-Nr. 445-B) ist die Kühlmittelpumpe ausgefallen. Wir befinden uns noch im Garantiezeitraum. Bitte teilen Sie uns mit, ob wir das Teil einsenden müssen oder ein Techniker kommt.","Guten Tag. Vielen Dank für die detaillierten Angaben. Wir werden den Vorfall bezüglich der Kühlmittelpumpe prüfen. Bitte lassen Sie uns noch die Seriennummer der CNCF-500 zukommen. Nach der technischen Einschätzung werden wir Ihnen mitteilen, ob eine Reparatur vor Ort oder ein Einsenden des Bauteils erforderlich ist.",Garantie-Reklamation,Garantie-Reklamation,0.95
401,2024-07-21,Unsere DM-500 macht komische Geräusche beim Fräsen. Garantie noch aktiv? Was müssen wir tun?,"Guten Tag. Geräuschentwicklungen können verschiedene Ursachen haben. Damit wir prüfen können, ob dies unter die Garantieleistung fällt, senden Sie uns bitte die vollständige Bestellnummer und die Seriennummer der DM-500 zu. Bitte beschreiben Sie zudem, bei welcher Drehzahl die Geräusche auftreten.",Garantie-Reklamation,Garantie-Reklamation,0.95
402,2024-07-21,Die DM-500 (Art. 11-002) zeigt einen Defekt an der Spindel. Wir sind noch innerhalb der 24-Monats-Frist. Wie ist der Ablauf für den Austausch?,"Guten Tag. Bei einem Defekt an der Spindel der DM-500 prüfen wir zunächst die Ursache, um festzustellen, ob ein Austausch im Rahmen der Garantie möglich ist. Bitte senden Sie uns die Seriennummer der Maschine und eine detaillierte Fehlerbeschreibung. Wir leiten dann die notwendigen Prüfschritte ein.",Garantie-Reklamation,Garantie-Reklamation,0.98
403,2024-07-22,"Anfrage Ersatzteil: FSL-300, Sensorik-Modul, SN: 44321-B. Preis bitte.",Guten Tag. Vielen Dank für die detaillierten Angaben. Wir prüfen die Verfügbarkeit des Sensorik-Moduls für die FSL-300 (SN: 44321-B) und lassen Ihnen zeitnah ein Angebot zukommen.,Ersatzteil-Anfrage,Ersatzteil-Anfrage,1
404,2024-07-23,"Wir benötigen für unsere DM-500 einen neuen Drucksensor. Können Sie uns ein Angebot schicken? Die Seriennummer ist nicht lesbar, aber die Maschine ist Modell DM-500, Version 2.1.","Guten Tag, vielen Dank für die Informationen zur Maschinenversion. Da die Seriennummer nicht lesbar ist, benötigen wir zur eindeutigen Identifizierung des Drucksensors bitte die Artikelnummer des Sensors selbst oder ein Foto der installierten Komponente. Sobald uns diese Details vorliegen, erstellen wir Ihnen gerne ein Angebot.",Ersatzteil-Anfrage,Ersatzteil-Anfrage,1
405,2024-07-25,"Sehr geehrte Damen und Herren, wir benötigen dringend Informationen zum Verbleib der SNU-200. Die geplante Inbetriebnahme ist gefährdet, da die Maschine noch nicht geliefert wurde. Bitte um Rückmeldung.","Sehr geehrte Damen und Herren, wir verstehen die Dringlichkeit bezüglich Ihrer Inbetriebnahme. Bitte senden Sie uns Ihre Bestellnummer zu, damit wir den aktuellen Standort der SNU-200 und den voraussichtlichen Ankunftstermin beim Spediteur für Sie ermitteln können.",Lieferstatus,Lieferstatus,0.95
406,2024-07-25,Brauche Preis für HP-150 Verschleißteil. Ref-Nummer 992-B.,"Guten Tag, vielen Dank für Ihre Anfrage. Wir werden den Preis für das Verschleißteil mit der Referenznummer 992-B für die HP-150 prüfen und Ihnen zeitnah ein Angebot zusenden.",Ersatzteil-Anfrage,Ersatzteil-Anfrage,1
407,2024-07-25,Maschine HP-150 hat Problem. Spindel macht komische Geräusche und Warnung kommt. Keine Nr. zur Hand.,"Guten Tag. Um Ihnen helfen zu können, benötigen wir zwingend die Seriennummer der HP-150, da wir sonst keinen Zugriff auf Ihre spezifische Konfiguration haben. Bitte teilen Sie uns zudem die exakte Fehlermeldung mit, die auf dem Display erscheint.",Technische Fehlermeldung,Technische Fehlermeldung,0.9
408,2024-07-25,CNCF-500 Druck zu niedrig. Keine Ahnung was los ist. Artikelnummer 112233.,"Guten Tag. Bitte prüfen Sie die Dichtungen der Hydraulikleitungen sowie den Ölstand im Reservoir. Damit wir den Fehler spezifizieren können, benötigen wir zudem die Seriennummer der CNCF-500 und den aktuellen Druckwert in bar, der im Display angezeigt wird.",Technische Fehlermeldung,Technische Fehlermeldung,0.85
409,2024-07-26,Wo bleibt die FSL-300? Keine Info erhalten.,"Guten Tag. Um den Lieferstatus der FSL-300 für Sie abrufen zu können, benötige ich bitte die zugehörige Bestellnummer oder die Kundennummer Ihres Unternehmens. Vielen Dank für Ihre Mithilfe.",Lieferstatus,Lieferstatus,1
410,2024-07-26,"Moin, kurze Frage: Ist die FSL-300 schon unterwegs? Bestellung 4450-A. Danke!","Moin. Ich habe Ihre Bestellung 4450-A geprüft. Die FSL-300 wurde gestern verladen. Die Versandbestätigung mit den Tracking-Daten sollte Ihnen bereits vorliegen; bitte prüfen Sie gegebenenfalls auch Ihren Spam-Ordner. Falls nichts angekommen ist, geben Sie uns kurz Bescheid.",Lieferstatus,Lieferstatus,1
411,2024-07-26,"Software geht ständig zu bei DXF Import!! Maschine DM-500, Art-Nr 88291. Was ist da los??","Guten Tag, es tut mir leid zu hören, dass es bei Ihrer DM-500 zu Systemabstürzen kommt. Damit wir den Fehler analysieren können, bitten wir Sie um folgende Angaben: Welche Softwareversion nutzen Sie aktuell? Tritt der Absturz unmittelbar nach dem Auswählen der Datei oder erst während des Ladevorgangs auf? Bitte prüfen Sie vorab, ob die DXF-Datei nach aktuellen Standards gespeichert wurde. Wir erwarten Ihre Rückmeldung zur weiteren Fehlerdiagnose.",Software-Problem,Software-Problem,1
412,2024-07-27,"Sehr geehrte Damen und Herren, wir warten nun schon seit über zwei Wochen auf die Lieferung unserer CNCF-500 (Bestellnummer: ENDI-99283). Bisher haben wir keinerlei Versandbestätigung erhalten. Könnten Sie bitte den aktuellen Status prüfen?","Guten Tag. Vielen Dank für Ihre Nachricht. Ich habe den Status Ihrer Bestellung ENDI-99283 geprüft. Die CNCF-500 befindet sich aktuell in der Endmontage und der Versand ist für kommenden Donnerstag geplant. Sobald die Ware unser Haus verlässt, erhalten Sie automatisch eine Versandbestätigung per E-Mail inklusive Tracking-Daten.",Lieferstatus,Lieferstatus,1
413,2024-07-27,"Guten Tag, wir haben die SCS-100 vor 10 Tagen bestellt, aber noch keine Versandbestätigung im Posteingang gefunden. Könnten Sie das bitte prüfen?","Guten Tag, vielen Dank für Ihre Anfrage. Wir haben den Status der SCS-100 geprüft. Die Maschine wurde bereits verpackt und wartet auf die Abholung durch den Spediteur. Die Versandbestätigung mit den Tracking-Details wird Ihnen innerhalb der nächsten 24 Stunden automatisch zugestellt.",Lieferstatus,Lieferstatus,1
414,2024-07-28,"Sehr geehrte Damen und Herren, wir mussten heute Morgen feststellen, dass die CNCF-500 in unserer Fertigung einen Lagerschaden aufweist. Da das Gerät erst vor acht Monaten geliefert wurde, gehe ich von einem Garantiefall aus. Bitte teilen Sie uns das weitere Vorgehen mit.","Guten Tag. Es tut uns leid zu hören, dass Ihre CNCF-500 einen Defekt aufweist. Um die Prüfung einzuleiten, benötigen wir bitte die Seriennummer der Maschine sowie ein kurzes Video oder Fotos des Schadens. Sobald uns diese Informationen vorliegen, prüfen wir die Deckung durch die Garantie und melden uns bezüglich der Reparaturabwicklung bei Ihnen.",Garantie-Reklamation,Garantie-Reklamation,1
415,2024-08-01,Status zur Lieferung der CNCF-500 bitte! Dringend!,"Guten Tag. Um Ihr Anliegen schnellstmöglich bearbeiten zu können, teilen Sie uns bitte Ihre Bestellnummer oder die Seriennummer der Maschine mit. Ohne diese Angaben können wir den Sendungsstatus in unserem System nicht zuordnen.",Lieferstatus,Lieferstatus,1
416,2024-08-01,Unsere FSL-300 ist im Stillstand. Wir brauchen die Steuerungseinheit. Was kostet die und wann ist die da?,"Guten Tag, vielen Dank für Ihre Anfrage. Um Ihnen ein präzises Angebot sowie die Lieferzeit für die Steuerungseinheit der FSL-300 nennen zu können, benötigen wir bitte die Seriennummer der Maschine sowie die Versionsnummer der installierten Software. Diese Informationen finden Sie auf dem Typenschild oder im Handbuch im Downloadbereich.",Ersatzteil-Anfrage,Ersatzteil-Anfrage,0.9
417,2024-08-01,"Fehler bei SNU-200, Spindel meldet Problem. Was ist zu tun?","Guten Tag. Bitte nennen Sie uns zur Identifikation der Maschine die Seriennummer der SNU-200 sowie den genauen Fehlercode. Wir empfehlen, zunächst die Spindel auf mechanische Blockaden zu prüfen und die Schmierintervalle gemäß der Dokumentation im Downloadbereich zu kontrollieren.",Technische Fehlermeldung,Technische Fehlermeldung,0.95
418,2024-08-01,"Schulung SCS-100, Software v3.1. Bitte Angebot.","Guten Tag, vielen Dank für die Details. Wir erstellen Ihnen gerne ein Angebot für eine Schulung der SCS-100 bezüglich der Softwareversion 3.1. Bitte ergänzen Sie Ihre Anfrage noch um die Seriennummer der Maschine und die Anzahl der gewünschten Teilnehmer.",Schulung,Schulung,1
419,2024-08-01,Wir haben unsere Firmierung geändert. Die Rechnungsanschrift muss nun auf 'Müller Metallbau GmbH' statt 'Müller & Söhne' lauten. Bitte um Bestätigung.,Guten Tag. Wir führen die Änderung gerne durch. Bitte senden Sie uns zur Verifizierung noch die neue vollständige Anschrift sowie Ihre Kundennummer zu.,Sonstiges,Sonstiges,1
420,2024-08-02,Haben Sie Sensoren für die SNU-200 da? Irgendwas mit 55-B. Brauche schnell Quote.,"Guten Tag, um Ihnen ein korrektes Angebot erstellen zu können, benötigen wir eine präzisere Angabe zum Sensor. Bitte prüfen Sie die Artikelnummer auf dem Bauteil oder geben Sie uns die vollständige Seriennummer der SNU-200 an. Sobald uns diese Informationen vorliegen, lassen wir Ihnen die Quote zukommen.",Ersatzteil-Anfrage,Ersatzteil-Anfrage,1
421,2024-08-02,Dringend! Unsere CNCF-500 hat eine Übertemperatur-Meldung im Bereich der Hydraulik. Die Produktion steht komplett still! Hilfe!,"Guten Tag. Bitte schalten Sie die Maschine zur Sicherheit sofort ab und lassen Sie das System abkühlen. Prüfen Sie in der Zwischenzeit, ob der externe Kühlkreislauf ordnungsgemäß arbeitet. Bitte senden Sie uns für die weitere Bearbeitung die Seriennummer der CNCF-500 und die genaue Fehlermeldung inklusive Fehlercode zu.",Technische Fehlermeldung,Technische Fehlermeldung,1
422,2024-08-02,Software-Aktivierung schlägt fehl. DM-500. Was tun?,"Guten Tag. Um Ihnen gezielt helfen zu können, benötigen wir weitere Details: Welche Fehlermeldung erscheint genau? Bitte nennen Sie uns zudem die installierte Softwareversion und die Seriennummer Ihrer DM-500.",Lizenzaktivierung,Software-Problem,1
423,2024-08-05,"Sehr geehrte Damen und Herren, bezüglich unserer Bestellung der CNCF-500 (Art-Nr: 445-00-22) haben wir bisher keine Versandmitteilung erhalten. Können Sie den Status bitte verifizieren?","Sehr geehrte Damen und Herren, vielen Dank für Ihre Anfrage. Ich habe die Artikelnummer 445-00-22 geprüft. Die Maschine ist bereits für den Versand vorbereitet und wird morgen früh durch unseren Logistikpartner abgeholt. Die Versandbestätigung wird Ihnen automatisch per E-Mail zugestellt, sobald das Paket das Werk verlässt.",Lieferstatus,Lieferstatus,1
424,2024-08-05,"Guten Tag, ich möchte gerne ein Angebot für ein Set Dichtungen für die SCS-100 anfordern. Bitte um Zusendung der Unterlagen per Mail.","Guten Tag, vielen Dank für Ihre Anfrage. Damit wir Ihnen das korrekte Dichtungssatz-Angebot für die SCS-100 erstellen können, benötigen wir bitte die Seriennummer Ihrer Maschine. Sobald uns diese vorliegt, senden wir Ihnen die gewünschten Unterlagen zu.",Ersatzteil-Anfrage,Ersatzteil-Anfrage,1
425,2024-08-06,Fehler 099 bei HP-150. Was bedeutet das?,"Guten Tag. Der Fehlercode 099 bezieht sich auf eine Unregelmäßigkeit im hydraulischen Drucksystem. Bitte prüfen Sie die Zuleitungen auf Blockaden. Um Ihnen die exakte Fehlerbeschreibung und Lösungsschritte zuzusenden, benötigen wir die Seriennummer Ihrer HP-150.",Technische Fehlermeldung,Technische Fehlermeldung,0.9
426,2024-08-06,"Sehr geehrte Damen und Herren, wir haben seit heute Morgen massive Probleme mit unserer Software auf der CNCF-500. Jedes Mal, wenn wir versuchen, eine DXF-Datei zu laden, friert das gesamte System ein und wir müssen die Maschine neu starten. Können Sie uns hier zeitnah helfen?","Guten Tag. Dass der Importprozess zu einem Systemstillstand führt, ist ärgerlich. Um die Ursache einzugrenzen, benötigen wir bitte die genaue Softwareversion, die auf Ihrer CNCF-500 installiert ist, sowie die exakte Dateigröße der betroffenen DXF-Datei. Bitte prüfen Sie vorab, ob der Fehler auch bei anderen DXF-Dateien auftritt, um einen Defekt der Datei auszuschließen.",Software-Problem,Software-Problem,1
427,2024-08-07,"Können Sie mir sagen, ob die HP-150 auch mit Softwareversion 4.2 kompatibel ist? Keine Info im Handbuch gefunden.","Guten Tag, die Kompatibilität der HP-150 mit der Softwareversion 4.2 prüfen wir gerne für Sie. Um eine präzise Auskunft zu geben, benötigen wir bitte die genaue Seriennummer Ihrer Maschine. Wir melden uns umgehend mit den technischen Details bei Ihnen.",Sonstiges,Sonstiges,0.9
428,2024-08-08,"Guten Tag, wir haben die SCS-100 bestellt, aber bisher gar nichts gehört. Keine Mail, kein Tracking, nichts. Bitte um Rückmeldung.","Sehr geehrte Damen und Herren, vielen Dank für Ihre Nachricht. Es tut mir leid, dass Sie bisher keine Informationen zum Versandstatus Ihrer SCS-100 erhalten haben. Ich werde den Versandstatus umgehend prüfen. Bitte nennen Sie mir hierfür Ihre Bestellnummer, damit ich den Vorgang direkt im System aufrufen kann.",Lieferstatus,Lieferstatus,1
429,2024-08-08,HP-150 Sensor geht nicht. Fehlermeldung 102. Seriennr 992831.,"Guten Tag, danke für die Angaben. Fehler 102 deutet bei der HP-150 oft auf einen Kommunikationsfehler zwischen Sensor und Steuerung hin. Bitte prüfen Sie die Steckverbindungen des Sensors auf festen Sitz und Korrosion. Sollte der Fehler bestehen bleiben, benötigen wir ein Foto der Verkabelung.",Technische Fehlermeldung,Technische Fehlermeldung,0.9
430,2024-08-08,Wir brauchen dringend das Werkzeug für die Wartung der CNCF-500. Haben Sie das auf Lager? Artikelnummer ist unbekannt.,"Guten Tag. Um Ihnen die korrekten Werkzeuge anbieten zu können, benötigen wir zwingend die Seriennummer Ihrer CNCF-500. Da die Werkzeugsets je nach Baujahr variieren können, können wir ohne diese Information keine genaue Auskunft über die Verfügbarkeit geben.",Wartung,Ersatzteil-Anfrage,0.8
431,2024-08-08,"Guten Tag, wir haben Probleme mit der neuen Lizenzierung für unseren FSL-300 (Bestell-Nr. ENDI-99283). Seit dem letzten Update lässt sich die Software nicht mehr freischalten. Der Key scheint nicht zu funktionieren. Können Sie das bitte prüfen? Besten Dank.","Guten Tag, vielen Dank für Ihre Meldung. Wir haben den Vorgang zur Lizenzumstellung für die FSL-300 aufgenommen. Damit wir den Fehler eingrenzen können, führen Sie bitte vorab folgende Schritte durch: 1. Prüfen Sie, ob keine Leerzeichen vor oder nach dem Code eingegeben wurden, 2. Stellen Sie sicher, dass die Maschine eine aktive Internetverbindung für den Abgleich mit unserem Server hat. Sollte das Problem weiterhin bestehen, lassen Sie uns bitte die genaue Fehlermeldung sowie die installierte Softwareversion zukommen.",Lizenzaktivierung,Software-Problem,1
432,2024-08-09,"Guten Tag, ich habe eine Frage zur Kompatibilität. Wir nutzen aktuell die Version 4.2 auf dem SNU-200. Gibt es für dieses Modell bereits ein Update, das die Stabilität beim Dateieimport verbessert? Die aktuelle Version ist sehr instabil.","Guten Tag. Vielen Dank für Ihre Anfrage. Wir prüfen gerne, welche verfügbaren Versionen für Ihr Modell SNU-200 vorliegen. Bitte lassen Sie uns zur Verifizierung noch die vollständige Seriennummer der Maschine zukommen. Wir empfehlen generell, regelmäßig die Updates im Downloadbereich unserer Website zu prüfen.",Software-Problem,Software-Problem,0.9
433,2024-08-10,"Wir haben die Maschine (Modell SNU-200) bestellt, aber der LKW ist nicht aufgefahren. Wo bleibt die Ware?","Guten Tag. Es tut uns leid zu hören, dass die Lieferung der SNU-200 nicht wie geplant erfolgt ist. Bitte nennen Sie uns Ihre Bestellnummer, damit wir den Verbleib der Ware und den Status der Spedition prüfen können.",Lieferstatus,Lieferstatus,1
434,2024-08-10,Brauche Angebot für DM-500 Teile. Also Sensoren und so. Bitte schnell!,"Guten Tag, gerne erstellen wir Ihnen ein Angebot für die benötigten Sensoren Ihrer DM-500. Damit wir die korrekten Komponenten auswählen können, bitten wir Sie um die Seriennummer der Maschine sowie eine Liste der benötigten Sensortypen oder Artikelnummern. Wir bearbeiten Ihre Anfrage nach Erhalt der Daten schnellstmöglich.",Ersatzteil-Anfrage,Ersatzteil-Anfrage,1
435,2024-08-10,"Guten Tag, ich würde gerne ein Angebot für folgende Teile anfordern: 1x Lagerring HP-150 (Art. Nr. 55-001) und 1x Schmierstofffilter (Art. Nr. 12-99).","Guten Tag, vielen Dank für Ihre Anfrage. Wir erstellen Ihnen gerne ein Angebot für den Lagerring sowie den Schmierstofffilter. Bitte geben Sie uns noch die Seriennummer Ihrer HP-150 an, damit wir sicherstellen können, dass die Teile zur aktuellen Maschinenkonfiguration passen.",Ersatzteil-Anfrage,Ersatzteil-Anfrage,1
436,2024-08-10,"SCS-100 Spindel läuft unruhig, Warnung erscheint. Seriennummer unbekannt, Modell SCS-100.","Guten Tag. Um Ihnen weiterhelfen zu können, ist die Angabe der Seriennummer zwingend erforderlich, da die Wartungshistorie und die Konfiguration davon abhängen. Bitte suchen Sie das Typenschild an der Maschine auf. Sobald uns diese vorliegt, können wir den Fehler mit der Spindel untersuchen.",Technische Fehlermeldung,Technische Fehlermeldung,0.95
437,2024-08-11,Wann kommt die CNCF-500? Bestellnr 900212. Keine Info!,"Guten Tag, vielen Dank für Ihre Nachricht. Wir haben den Status der Bestellung 900212 geprüft. Die CNCF-500 ist bereits auf dem Transportweg. Die Anlieferung wird voraussichtlich innerhalb der nächsten zwei Werktage erfolgen.",Lieferstatus,Lieferstatus,1
438,2024-08-12,"Hallo, ich habe am 12.03. die FSL-300 bestellt (Art-Nr: 99-821-X). Leider ist bisher nichts angekommen und ich habe auch keine Versandbestätigung erhalten. Können Sie bitte prüfen, ob das Paket schon unterwegs ist?","Guten Tag, vielen Dank für Ihre Anfrage. Ich habe den Vorgang zur Artikelnummer 99-821-X geprüft. Die Maschine befindet sich aktuell noch in der Endmontage und wird voraussichtlich in den nächsten drei Werktagen für den Versand vorbereitet. Sie erhalten automatisch eine E-Mail, sobald das Frachtgut unser Werk verlässt.",Lieferstatus,Lieferstatus,1
439,2024-08-12,Ersatzteil für HP-150 gesucht. Welche Infos brauchen Sie von mir?,"Guten Tag, um Ihnen effizient weiterhelfen zu können, benötigen wir bitte folgende Informationen: 1. Die Seriennummer der HP-150, 2. Die genaue Bezeichnung oder Artikelnummer des Ersatzteils sowie 3. Idealerweise ein Foto des Defekts oder des Typenschilds. Sobald uns diese Daten vorliegen, erstellen wir Ihnen gerne ein Angebot.",Ersatzteil-Anfrage,Ersatzteil-Anfrage,1
440,2024-08-12,"Können Sie mir sagen, ob das Teil 55-B für die CNCF-500 lieferbar ist? Wir brauchen es dringend für die Produktion.","Guten Tag. Wir verstehen, dass die Verfügbarkeit für Ihren Produktionsablauf kritisch ist. Um das Teil 55-B eindeutig Ihrer Maschine zuordnen zu können, benötigen wir bitte die Seriennummer Ihrer CNCF-500. Sobald uns diese vorliegt, prüfen wir den Bestand und melden uns sofort mit einer Auskunft zu Preis und Lieferzeit bei Ihnen.",Ersatzteil-Anfrage,Ersatzteil-Anfrage,0.9
441,2024-08-12,"Die Software auf unserer DM-500 ist total instabil seit dem letzten Mal, als wir was geändert haben. DXF laden geht gar nicht mehr, alles bricht ab. Was ist da los?","Guten Tag, bitte teilen Sie uns mit, welche Änderungen (z.B. Installation weiterer Software oder Hardware-Komponenten) vorgenommen wurden. Wir benötigen zudem die aktuelle Versionsnummer Ihrer DM-500-Steuerung, um eine Inkompatibilität auszuschließen.",Software-Problem,Software-Problem,1
442,2024-08-13,"Sehr geehrte Damen und Herren, leider ist die für letzte Woche angekündigte Lieferung der DM-500 (Bestellung: 440921) bisher nicht bei uns eingetroffen. Wir benötigen dringend eine Rückmeldung zum Versandstatus.","Guten Tag. Wir entschuldigen uns für die entstandene Verzögerung der DM-500 aus der Bestellung 440921. Wir klären derzeit mit dem Logistikpartner, wo sich die Sendung befindet, und werden Sie zeitnah über den aktuellen Standort informieren.",Lieferstatus,Lieferstatus,1
443,2024-08-13,"Guten Tag, für unsere CNCF-500 benötigen wir kurzfristig eine neue Dichtung für die Hydraulikleitung (Art-Nr. 882-B). Ist das Teil aktuell auf Lager?","Guten Tag, vielen Dank für Ihre Nachricht. Wir prüfen umgehend die Lagerbestände der Dichtung mit der Artikelnummer 882-B für die CNCF-500. Wir melden uns innerhalb der nächsten Stunde mit einer Auskunft zur Verfügbarkeit und der voraussichtlichen Lieferzeit bei Ihnen.",Ersatzteil-Anfrage,Ersatzteil-Anfrage,1
444,2024-08-13,Schulung für FSL-300 gesucht. Was kostet das?,"Hallo. Die Kosten für eine Schulung an der FSL-300 hängen von der Dauer und dem Ort des Trainings ab. Bitte nennen Sie uns die Seriennummer der Maschine und geben Sie an, ob das Training bei Ihnen im Haus oder in unserem Zentrum stattfinden soll, damit wir Ihnen ein Angebot erstellen können.",Schulung,Schulung,1
445,2024-08-14,Lieferstatus SNU-200? Danke.,"Guten Tag. Damit wir Ihnen Informationen zum Status der SNU-200 geben können, benötigen wir bitte Ihre Bestellnummer oder die zugehörige Auftragsnummer. Vielen Dank für Ihre Mithilfe.",Lieferstatus,Lieferstatus,1
446,2024-08-14,"Können Sie mir sagen, wie lange die Lieferung für das Ersatzteil ART-112 (für DM-500) dauert? Wir brauchen es so schnell wie möglich.","Guten Tag, gerne prüfen wir die aktuelle Lieferzeit für den Artikel ART-112. Bitte lassen Sie uns hierfür die Seriennummer Ihrer DM-500 zukommen, damit wir die Kompatibilität und die logistische Abwicklung prüfen können.",Ersatzteil-Anfrage,Lieferstatus,0.9
447,2024-08-14,Kann man die Aktivierung der DM-500 nicht irgendwie überspringen? Der Key wird ständig abgelehnt.,"Guten Tag. Eine Umgehung der Lizenzprüfung ist technisch nicht möglich. Damit wir den Fehler bei Ihrer DM-500 beheben können, prüfen Sie bitte zuerst, ob die Internetverbindung zum Aktivierungsserver stabil ist. Sollte das Problem bestehen bleiben, lassen Sie uns bitte die Lizenznummer und die Seriennummer der Maschine zukommen.",Lizenzaktivierung,Software-Problem,0.9
448,2024-08-14,Lizenz geht nicht bei FSL-300. Code wird als ungültig angezeigt. Bitte um Rückmeldung.,"Guten Tag. Vielen Dank für Ihre Nachricht. Damit wir das Problem mit der FSL-300 lösen können, senden Sie uns bitte Ihren Aktivierungscode sowie die entsprechende Bestellnummer zu. Wir werden den Code dann gegen unsere Datenbank prüfen.",Lizenzaktivierung,Software-Problem,1
449,2024-08-15,"Sehr geehrte Damen und Herren, bezüglich unserer Bestellung der DM-500 (Bestellnummer: ENDI-7765) bitte ich um Mitteilung, wann mit der Anlieferung zu rechnen ist. Eine Versandbestätigung steht noch aus.","Sehr geehrte Damen und Herren, vielen Dank für Ihre Nachricht. Die DM-500 aus der Bestellung ENDI-7765 wurde heute Morgen für den Versand freigegeben. Die Versandbestätigung inklusive der Lieferdokumente wird Ihnen im Laufe des heutigen Tages per E-Mail zugehen.",Lieferstatus,Lieferstatus,1
450,2024-08-15,SCS-100 zeigt Fehlercode E-402 an. Was bedeutet das?,Guten Tag. Der Fehlercode E-402 bezieht sich bei der SCS-100 auf eine Unregelmäßigkeit im Spindeldrehzahlbereich. Bitte geben Sie uns zur weiteren Unterstützung die Seriennummer Ihres Geräts an. Wir empfehlen zudem einen Abgleich der Parameter mit der Anleitung im Downloadbereich.,Technische Fehlermeldung,Technische Fehlermeldung,1
451,2024-08-16,"Ändert Rechnungsadr. Neu: Logistikzentrum Nord, 22301 Hamburg. Betrifft alle laufenden Aufträge.",Hallo. Wir haben Ihren Änderungswunsch notiert. Bitte lassen Sie uns zur eindeutigen Zuordnung noch Ihre Kundennummer oder eine aktuelle Bestellnummer zukommen.,Sonstiges,Sonstiges,1
452,2024-08-17,DXF Import Fehler. HP-150. Hilfe benötigt.,"Guten Tag. Damit wir Ihnen bei der HP-150 helfen können, benötigen wir bitte mehr Details. Bitte nennen Sie uns die Seriennummer der Maschine, die installierte Softwareversion und beschreiben Sie kurz, ob eine Fehlermeldung erscheint oder das Programm einfach ohne Meldung schließt.",Software-Problem,Software-Problem,0.9
453,2024-08-17,Fehler beim Import von DXF-Dateien in die SCS-100. Die Software zeigt 'Unexpected Error' und schließt sich. Artikelnr 88-234.,"Hallo, vielen Dank für die Information. 'Unexpected Error' kann verschiedene Ursachen haben. Bitte prüfen Sie, ob die DXF-Datei Sonderzeichen in den Layer-Namen enthält. Senden Sie uns bitte zusätzlich die Seriennummer der SCS-100 und die installierte Softwareversion zu.",Software-Problem,Software-Problem,1
454,2024-08-19,"Moin, kurze Frage: Ist die CNCF-500 schon unterwegs? Hab bisher keine Bestätigung erhalten. Danke.","Guten Tag. Gerne schauen wir nach, ob die CNCF-500 bereits unser Lager verlassen hat. Bitte lassen Sie uns hierfür Ihre Bestellnummer zukommen, damit wir den Status direkt im System aufrufen können.",Lieferstatus,Lieferstatus,1
455,2024-08-19,"Sehr geehrte Damen und Herren, wir warten nun schon seit über zwei Wochen auf die Lieferung unserer bestellten CNCF-500 (Bestell-Nr. ENDI-99283). Können Sie uns bitte mitteilen, wann wir mit der Ankunft der Maschine rechnen können?","Guten Tag. Vielen Dank für Ihre Nachricht. Wir prüfen den aktuellen Status Ihrer CNCF-500 umgehend in unserem Logistiksystem. Bitte gedulden Sie sich einen Moment, wir melden uns mit einem konkreten Liefertermin bei Ihnen zurück.",Lieferstatus,Lieferstatus,1
456,2024-08-19,Die CNCF-500 ist defekt. Wir haben die Maschine erst vor 3 Monaten erhalten (Bestellung 100293). Wie bekommen wir die zur Reparatur?,"Guten Tag. Es tut uns leid, dass die CNCF-500 Probleme bereitet. Bitte senden Sie uns zur Eröffnung eines Reklamationsfalls die Seriennummer der Maschine sowie eine Liste der betroffenen Komponenten zu. Wir informieren Sie dann über die weiteren Schritte zur Reparatur.",Garantie-Reklamation,Garantie-Reklamation,0.9
457,2024-08-19,"Hallo, wir ziehen um. Rechnungsadresse ändern für alle Maschinen (SNU-200 etc.).","Guten Tag. Wir führen die Adressänderung gerne durch. Bitte senden Sie uns die neue Anschrift sowie Ihre Kundennummer oder eine Referenznummer zu, damit wir den Vorgang abschließen können.",Sonstiges,Sonstiges,1
458,2024-08-20,"Hallo, wo stehste mit der Lieferung DM-500? Alles noch nicht da.","Guten Tag. Um Ihnen eine Auskunft zum Lieferstatus der DM-500 geben zu können, benötigen wir die zugehörige Bestellnummer. Bitte teilen Sie uns diese mit, damit wir den Verbleib der Maschine klären können.",Lieferstatus,Lieferstatus,1
459,2024-08-20,Software Update für FSL-300 fehlgeschlagen. Fehlermeldung: Error 0x004. Was tun?,"Guten Tag, der Fehler 0x004 deutet oft auf Schreibrechte oder fehlende Berechtigungen hin. Bitte führen Sie die Installation als Administrator aus. Senden Sie uns zudem die Seriennummer Ihrer FSL-300 und die aktuelle Softwareversion zu, damit wir den Fall technisch prüfen können.",Software-Problem,Software-Problem,1
460,2024-08-20,"Guten Tag, wir haben gestern die Software-Umstellung auf das neue Lizenzmodell durchgeführt. Nun erhalten wir bei der Anmeldung an der DM-500 den Hinweis 'Key nicht registriert'. Wie gehen wir vor?","Guten Tag. Dies ist ein bekanntes Phänomen nach der Umstellung. Bitte vergleichen Sie die in Ihrer Bestätigungsmail aufgeführte Lizenznummer exakt mit der Eingabe am Terminal der DM-500. Falls die Nummern identisch sind, senden Sie uns bitte ein Foto des Bildschirms mit der Fehlermeldung, damit wir den Aktivierungsprozess manuell anstoßen können.",Lizenzaktivierung,Software-Problem,0.9
461,2024-08-20,"Sehr geehrte Damen und Herren, wir planen eine Umstrukturierung unserer Logistikabteilung. Könnten Sie die Rechnungsadresse für unsere CNCF-500 Anlagen aktualisieren?","Sehr geehrte Damen und Herren, vielen Dank für Ihre Nachricht. Um die Rechnungsadresse für Ihre Anlagen korrekt zu ändern, teilen Sie uns bitte die neue Anschrift sowie Ihre Kundennummer mit.",Sonstiges,Sonstiges,0.95
462,2024-08-21,Die Spindel der DM-500 macht komische Geräusche und zeigt jetzt einen Fehler. Was ist da los?,"Guten Tag. Die Kombination aus Geräuschen und einer Fehlermeldung deutet auf ein mechanisches oder elektrisches Problem der Spindel hin. Bitte teilen Sie uns die Seriennummer der DM-500 sowie den exakten Fehlercode mit, der im Display erscheint. Prüfen Sie bitte auch, ob die Spindel während des Betriebs ungewöhnlich heiß wird.",Technische Fehlermeldung,Technische Fehlermeldung,0.9
463,2024-08-21,Wartungsplan SCS-100. Seriennr 12345. Bitte senden.,Guten Tag. Vielen Dank für die Angabe der Seriennummer. Wir haben den entsprechenden Wartungsplan für Ihre SCS-100 identifiziert. Sie können diesen ab sofort in unserem Downloadbereich unter der entsprechenden Seriennummer abrufen.,Wartung,Wartung,1
464,2024-08-21,"Hallo, ich versuche gerade die Software für die SNU-200 zu installieren, aber bei der Lizenzfreischaltung kommt ständig ein Error. Was soll ich machen?","Hallo. Bitte prüfen Sie zunächst, ob die Softwareversion exakt mit dem erworbenen Lizenztyp übereinstimmt. Sollte der Fehler weiterhin bestehen, senden Sie uns bitte einen Screenshot der Fehlermeldung und die Artikelnummer Ihrer Software-Lizenz zu.",Lizenzaktivierung,Software-Problem,1
465,2024-08-22,"Moin, wo steckt eigentlich die SNU-200? Laut Plan sollte die gestern kommen. Keine Info von euch.","Moin, vielen Dank für Ihre Nachricht. Bitte nennen Sie uns Ihre Bestellnummer, damit wir prüfen können, wo sich die SNU-200 aktuell befindet und warum die Lieferung nicht wie geplant erfolgt ist. Wir kümmern uns dann sofort darum.",Lieferstatus,Lieferstatus,1
466,2024-08-22,"Wir benötigen kurzfristig Ersatz für den Sensor SNU-200, Modul 4. Bitte um Preisangabe und Info zur Verfügbarkeit.","Guten Tag, gerne prüfen wir die Verfügbarkeit des Sensors für das SNU-200 Modul 4. Bitte teilen Sie uns für die Erstellung des Angebots noch die Seriennummer der Einheit sowie die genaue Artikelnummer des Sensors mit.",Ersatzteil-Anfrage,Ersatzteil-Anfrage,1
467,2024-08-23,Lizenzproblem HP-150. Code: 123-ABC-456 (funktioniert nicht).,"Guten Tag. Vielen Dank für die Angabe des Codes. Wir haben die Nummer 123-ABC-456 in unserem System geprüft. Bitte teilen Sie uns noch mit, für welches Modell (Seriennummer) dieser Code vorgesehen war und welche Fehlermeldung das System ausgibt, damit wir den Fehler korrigieren können.",Lizenzaktivierung,Software-Problem,0.95
468,2024-08-25,Haben Sie die HP-150 schon verschickt? Hab nichts gehört.,"Guten Tag. Wir prüfen gerne den Versandstatus der HP-150 für Sie. Bitte teilen Sie uns dazu Ihre Bestellnummer oder den Namen des Bestellers mit, damit wir den Vorgang zuordnen können.",Lieferstatus,Lieferstatus,1
469,2024-08-26,"Sehr geehrte Damen und Herren, im Rahmen einer Wartung an der DM-500 ist uns aufgefallen, dass die Hydraulikschläuche verschlissen sind. Bitte senden Sie uns ein Angebot über einen Satz Ersatzschläuche zu.","Guten Tag. Gerne unterbreiten wir Ihnen ein Angebot für die Hydraulikschläuche Ihrer DM-500. Um die korrekten Maße und Druckfestigkeiten zu gewährleisten, benötigen wir bitte die Seriennummer Ihrer Maschine sowie die genaue Bezeichnung der Hydraulikgruppe aus Ihrem Handbuch.",Ersatzteil-Anfrage,Ersatzteil-Anfrage,0.9
470,2024-08-26,SCS-100 meldet Druck zu hoch. Haben wir schon mal gehabt. Was ist neu?,"Guten Tag. Um festzustellen, warum der Fehler an der SCS-100 erneut auftritt, benötigen wir bitte die Seriennummer der Maschine und den aktuellen Fehlercode. Bitte prüfen Sie, ob die Druckentlastungsventile korrekt angesprochen haben und ob die Systemkonfiguration unverändert ist.",Technische Fehlermeldung,Technische Fehlermeldung,0.95
471,2024-08-27,Wie läuft das mit dem Training für die DM-500 ab? Müssen wir die Maschine selbst aufbauen oder machen Sie das?,"Guten Tag, die Inbetriebnahme und die damit verbundene Schulung können wir als Paket anbieten, bei dem unsere Techniker die Erstinstallation vornehmen und im Anschluss die Einweisung durchführen. Bitte senden Sie uns die Seriennummer der DM-500 zu, damit wir ein entsprechendes Angebot erstellen können.",Schulung,Schulung,0.95
472,2024-08-28,"Sehr geehrte Damen und Herren, wir warten nun schon seit über zwei Wochen auf die Lieferung unserer bestellten DM-500 Fräsmaschine. Bisher haben wir keinerlei Versandbestätigung erhalten. Könnten Sie bitte den aktuellen Status prüfen?","Guten Tag. Es tut uns leid, dass die Information zum Versand Ihrer DM-500 bisher nicht bei Ihnen eingegangen ist. Um den Status Ihrer Sendung umgehend prüfen zu können, benötigen wir bitte Ihre Bestellnummer. Sobald uns diese vorliegt, werden wir den Status bei unserer Logistikabteilung abfragen.",Lieferstatus,Lieferstatus,1
473,2024-08-28,"Preisanfrage: Lagerring für SNU-200, Art-Nr: 10-99-A. Verfügbar?","Guten Tag, vielen Dank für Ihre Anfrage. Wir prüfen die Verfügbarkeit des Lagerrings (Art-Nr. 10-99-A) für die SNU-200 sofort. Wir senden Ihnen im Anschluss ein Angebot mit Angabe der Lieferzeit zu.",Ersatzteil-Anfrage,Ersatzteil-Anfrage,0.9
474,2024-08-28,"Sehr geehrte ENDI-Support-Abteilung, im Rahmen unserer Qualitätsmanagement-Zertifizierung müssen wir die Bedienung unserer SCS-100 nachweisen. Bieten Sie zertifizierte Trainingsprogramme an, die dokumentiert werden können?","Sehr geehrte Damen und Herren, vielen Dank für Ihre Anfrage. Ja, wir bieten strukturierte Schulungsprogramme für die SCS-100 an, die den Anforderungen an eine dokumentierte Unterweisung entsprechen. Bitte lassen Sie uns wissen, ob Sie eine Schulung für die reine Bedienung oder auch für die Wartung und Fehlerdiagnose wünschen. Wir lassen Ihnen dann einen entsprechenden Ablaufplan zukommen.",Schulung,Schulung,1
475,2024-09-01,"Hallo, wir haben die SCS-100 bestellt (Art-Nr. 99821). Können wir dazu ein Schulungspaket buchen? Oder ist das bei der Lieferung schon dabei?","Guten Tag. Vielen Dank für Ihre Bestellung. Standardmäßig ist eine ausführliche Bedienungsanleitung im Handbuch im Downloadbereich enthalten, jedoch keine persönliche Schulung. Gerne unterbreiten wir Ihnen ein Angebot für ein passendes Schulungspaket zur SCS-100. Bitte bestätigen Sie uns kurz die Anzahl der zu schulenden Personen.",Schulung,Schulung,1
476,2024-09-01,"Müssen Rechnungsadresse anpassen. Neue Anschrift: Gewerbegebiet Süd, 76133 Karlsruhe. Danke.","Hallo. Wir haben Ihren Auftrag zur Adressänderung erhalten. Bitte senden Sie uns noch Ihre Kundennummer oder eine Bestellnummer zu, damit wir die Änderung zuordnen können.",Sonstiges,Sonstiges,1
477,2024-09-02,"Hallo, wir haben ein Problem mit der DM-500. Ein Sensor scheint defekt zu sein. Wir brauchen Ersatz. Was kostet der Spaß und wann ist das Teil da?","Guten Tag. Es tut uns leid zu hören, dass eine Komponente Ihrer DM-500 ausgefallen ist. Damit wir Ihnen das korrekte Ersatzteil und die Preise nennen können, benötigen wir die genaue Bezeichnung des Sensors oder die entsprechende Fehlermeldung aus dem Display sowie die Seriennummer Ihrer DM-500. Sobald uns diese Details vorliegen, erstellen wir Ihnen umgehend ein Angebot.",Ersatzteil-Anfrage,Ersatzteil-Anfrage,0.95
478,2024-09-02,"Hallo, ich brauche Hilfe beim Wartungsplan für die SCS-100. Ich finde ihn nicht.","Guten Tag, gerne helfen wir Ihnen weiter. Damit ich Ihnen das richtige Dokument zuordnen kann, teilen Sie uns bitte die Seriennummer der SCS-100 sowie die installierte Softwareversion mit. Alternativ finden Sie die Standard-Wartungspläne auch jederzeit in unserem Downloadbereich auf der Website.",Wartung,Wartung,0.9
479,2024-09-02,Schulung für SNU-200 nötig. Was kostet das?,"Guten Tag, die Kosten für eine Schulung der SNU-200 hängen von der Dauer und dem Ort der Durchführung ab. Bitte nennen Sie uns die Seriennummer Ihrer Maschine und die gewünschte Teilnehmerzahl, damit wir Ihnen ein unverbindliches Angebot erstellen können.",Schulung,Schulung,1
480,2024-09-02,Fehler bei Aktivierung SCS-100. Key wird als falsch angezeigt. Bitte prüfen.,"Guten Tag. Gerne prüfen wir das für Sie. Bitte senden Sie uns zur Identifikation des Vorgangs die zugehörige Bestellnummer und den Aktivierungsschlüssel zu, damit wir diesen im System abgleichen können.",Lizenzaktivierung,Software-Problem,0.9
481,2024-09-03,"Guten Tag, ich finde keine Versandbestätigung für die CNCF-500. Ist das Teil schon unterwegs?","Guten Tag. Um den Versandstatus der CNCF-500 zu prüfen, benötigen wir bitte Ihre Bestellnummer oder die Seriennummer der Maschine. Sobald uns diese vorliegt, können wir nachsehen, ob die Sendung bereits das Werk verlassen hat.",Lieferstatus,Lieferstatus,1
482,2024-09-04,"Habe Probleme mit der HP-150. DXF Dateien lassen sich nicht öffnen, Software schließt sich sofort. Artikelnummer 445-90.","Guten Tag. Vielen Dank für die Artikelnummer. Um den Fehler bei Ihrer HP-150 zu analysieren, benötigen wir bitte noch die Seriennummer der Maschine und die installierte Softwareversion. Bitte prüfen Sie zudem, ob der Fehler auch bei anderen DXF-Dateien auftritt.",Software-Problem,Software-Problem,1
483,2024-09-05,"Sehr geehrte Damen und Herren, im Rahmen einer Wartung an der SNU-200 haben wir festgestellt, dass die Dichtung am Auslass verschlissen ist. Bitte senden Sie uns ein Angebot für den Ersatz sowie Informationen zur voraussichtlichen Lieferzeit zu.","Sehr geehrte Damen und Herren, vielen Dank für Ihre Anfrage. Damit wir Ihnen das passende Dichtungssatz-Angebot für Ihre SNU-200 erstellen können, benötigen wir bitte die Seriennummer der Maschine sowie die Artikelnummer der Dichtung, wie sie in der Ersatzteilliste im Downloadbereich aufgeführt ist.",Ersatzteil-Anfrage,Ersatzteil-Anfrage,0.9
484,2024-09-05,"Hallo, ich versuche gerade die Software für den SNU-200 freizuschalten, aber das System meldet einen Fehler beim Validierungsprozess. Was kann ich tun?",Guten Tag. Für eine gezielte Analyse des Validierungsfehlers benötigen wir bitte die vollständige Bestellnummer Ihrer Software sowie den exakten Wortlaut der Fehlermeldung. Sie finden zudem erste allgemeine Hinweise zur Aktivierung im Handbuch im Downloadbereich.,Lizenzaktivierung,Software-Problem,1
485,2024-09-06,Wo steckt die FSL-300? Lieferung steht aus.,"Guten Tag, um Ihre Anfrage bearbeiten zu können, benötige ich bitte weitere Details wie die Bestellnummer oder die Kundennummer. Ohne diese Angaben kann ich den Status der FSL-300 leider nicht im System lokalisieren.",Lieferstatus,Lieferstatus,1
486,2024-09-08,"Hallo, kurze Frage zur DM-500. Wurde die schon auf die Palette geladen? Keine Mail bekommen.","Guten Tag. Wir prüfen gerne den Ladestatus Ihrer DM-500. Bitte nennen Sie uns Ihre Bestellnummer, damit wir in unserem Versandmodul nachsehen können, ob die Verladungsbestätigung bereits vorliegt.",Lieferstatus,Lieferstatus,1
487,2024-09-09,unserer FSL-300 macht Fehler. garantie bitte prüfen. art 88-X.,"Guten Tag, um die Garantie für Ihre FSL-300 prüfen zu können, benötigen wir bitte die Seriennummer des Geräts sowie eine genauere Beschreibung des Fehlers. Vielen Dank.",Garantie-Reklamation,Garantie-Reklamation,1
488,2024-09-10,"Betreff: Lieferstatus DM-500. Wir haben die Maschine bestellt, aber noch nichts zum Versand gehört. Bitte prüfen Sie das mal. Artikel: 1002-X.","Guten Tag. Vielen Dank für Ihre Anfrage. Ich habe die Artikelnummer 1002-X geprüft. Die DM-500 befindet sich derzeit in der Qualitätsprüfung. Der geplante Versandtermin ist für übermorgen. Sie erhalten eine Versandbestätigung, sobald die Maschine unser Haus verlässt.",Lieferstatus,Lieferstatus,1
489,2024-09-10,"Sehr geehrte Damen und Herren, wir planen gerade die Instandhaltung für das kommende Quartal. Könnten Sie uns bitte den aktuellen Wartungsplan für unsere DM-500 zusenden? Wir müssen wissen, welche Intervalle einzuhalten sind.","Sehr geehrte Damen und Herren, gerne lassen wir Ihnen die entsprechenden Unterlagen zukommen. Damit wir Ihnen den exakten Plan für Ihre spezifische Konfiguration der DM-500 senden können, benötigen wir bitte noch die Seriennummer Ihrer Maschine. Sobald uns diese vorliegt, senden wir Ihnen die Dokumentation umgehend zu.",Wartung,Wartung,1
490,2024-09-11,Status zu Bestellung 44021? Keine Info erhalten.,"Guten Tag, vielen Dank für Ihre Nachricht. Damit ich die Bestellung 44021 korrekt zuordnen kann, teilen Sie mir bitte kurz mit, um welches Maschinenmodell es sich handelt. Ich werde den Versandstatus dann umgehend für Sie prüfen.",Lieferstatus,Lieferstatus,1
491,2024-09-11,DM-500 Druck zu hoch. Was machen wir?,"Guten Tag, bitte prüfen Sie umgehend, ob das Zuführventil blockiert ist oder ob ein Defekt am Druckregler vorliegt. Um Ihnen spezifische Anweisungen geben zu können, benötigen wir die Seriennummer Ihrer DM-500 und die genaue Fehlermeldung im Display.",Technische Fehlermeldung,Technische Fehlermeldung,0.9
492,2024-09-12,"Sehr geehrte Support-Abteilung, bei der Inbetriebnahme unserer neuen CNCF-500 (Bestell-Nr. 88293-X) tritt ein Problem beim DXF-Import auf. Das System verliert die Verbindung zur Software und stürzt ab. Bitte um Unterstützung.","Sehr geehrte Damen und Herren, vielen Dank für Ihre Nachricht. Um den Fehler bei Ihrer CNCF-500 (Bestell-Nr. 88293-X) zu beheben, bitten wir Sie, die DXF-Datei sowie die installierte Softwareversion zu prüfen. Bitte teilen Sie uns mit, ob der Absturz bei jeder Datei oder nur bei spezifischen Formaten auftritt.",Software-Problem,Software-Problem,0.95
493,2024-09-12,Fehler beim Import von Dateien. Software stürzt ab. Modell SCS-100. Hilfe benötigt.,"Guten Tag, vielen Dank für Ihre Meldung. Um das Problem zu lösen, benötigen wir bitte die exakte Softwareversion Ihres SCS-100 sowie die Dateigröße der betroffenen DXF-Datei. Bitte prüfen Sie auch, ob der Absturz bei allen Dateien oder nur bei einer spezifischen auftritt.",Software-Problem,Software-Problem,0.95
494,2024-09-12,"Gibt es für die FSL-300 spezielle Wartungsintervalle, wenn man sie im Schichtbetrieb nutzt? Danke.","Guten Tag. Ja, bei intensivem Schichtbetrieb verkürzen sich die Intervalle im Vergleich zum Standardbetrieb. Bitte senden Sie uns die Seriennummer Ihrer FSL-300 zu, damit wir Ihnen die angepassten Intervalle für Ihre Nutzungsart berechnen können.",Wartung,Wartung,1
495,2024-09-13,Wo bleibt die DM-500? Keine Info erhalten.!,"Guten Tag. Um Ihr Anliegen prüfen zu können, benötigen wir bitte die entsprechende Bestellnummer oder die Seriennummer der DM-500. Bitte lassen Sie uns diese Informationen kurz zukommen, damit wir den Lieferstatus umgehend abfragen können.",Lieferstatus,Lieferstatus,1
496,2024-09-13,"Betreff: Anfrage Trainingskurs für CNCF-500. Sehr geehrte Damen und Herren, im Rahmen unserer Prozessoptimierung planen wir, die Bedienkompetenz unserer Mitarbeiter an der CNCF-500 zu erhöhen. Bitte senden Sie uns Informationsmaterial zu Ihren Trainingsangeboten für dieses Modell zu. Mit freundlichen Grüßen, Produktionsleitung.","Sehr geehrte Damen und Herren, vielen Dank für Ihr Interesse an unseren Schulungsprogrammen. Wir bieten spezialisierte Trainings für die CNCF-500 an, die sowohl die grundlegende Bedienung als auch fortgeschrittene Programmierfunktionen abdecken. Wir senden Ihnen gerne eine detaillierte Leistungsbeschreibung zu. Bitte teilen Sie uns dazu kurz mit, ob die Schulung bei Ihnen vor Ort oder in unserem Schulungszentrum stattfinden soll.",Schulung,Schulung,1
497,2024-09-13,Lizenz geht nicht!! Code wird nicht angenommen bei FSL-300. Hilfe!,"Guten Tag. Um Ihnen bei der Fehlersuche zu helfen, benötigen wir weitere Informationen. Bitte nennen Sie uns die genaue Fehlermeldung, die beim Versuch der Aktivierung erscheint, sowie die Artikelnummer Ihrer Softwarelizenz.",Lizenzaktivierung,Software-Problem,0.95
498,2024-09-15,"Guten Tag, wir haben die SNU-200 im Einsatz. Ein Hydraulikschlauch ist undicht. Können Sie uns den passenden liefern? Preis und Dauer bitte.","Guten Tag. Um den korrekten Hydraulikschlauch für Ihre SNU-200 zu finden, benötigen wir bitte die genaue Maßeinheit (Länge/Durchmesser) oder die Artikelnummer des Schlauchs. Bitte geben Sie uns auch die Seriennummer der Maschine an.",Ersatzteil-Anfrage,Ersatzteil-Anfrage,1
499,2024-09-15,DM-500 Wartung. Was ist die nächste Aufgabe laut Plan? Keine Seriennummer zur Hand gerade.,"Guten Tag. Ohne die Seriennummer der DM-500 können wir leider keinen spezifischen Wartungsplan für Ihre Maschine aufrufen. Bitte lassen Sie uns die Nummer zukommen, sobald Sie diese griffbereit haben, damit wir Ihnen die nächsten Schritte nennen können.",Wartung,Wartung,1
500,2024-09-16,SCS-100 Sensor kaputt. Schick mal Ersatz. Was kostet das?,"Guten Tag, vielen Dank für Ihre Nachricht. Damit wir Ihnen den korrekten Ersatzsensor für den SCS-100 anbieten können, benötigen wir bitte die Seriennummer des Geräts bzw. der Maschine. Sobald uns diese vorliegt, senden wir Ihnen umgehend ein Angebot zu.",Ersatzteil-Anfrage,Ersatzteil-Anfrage,0.9
501,2024-09-16,"Sensorfehler an FSL-300, ständig wiederkehrend. Nervt total.","Guten Tag. Wir verstehen, dass wiederkehrende Fehlermeldungen den Produktionsfluss stören. Um die Ursache für den wiederkehrenden Sensorfehler zu finden, benötigen wir die Seriennummer der FSL-300 und die genaue Fehlernummer. Bitte prüfen Sie, ob die Kabelwege durch Vibrationen beschädigt sein könnten.",Technische Fehlermeldung,Technische Fehlermeldung,0.95
502,2024-09-16,"Adressänderung! Ab sofort nur noch: Logistikzentrum Nord, Hafenweg 4, Hamburg. Betrifft alle Bestellungen der SNU-200.","Vielen Dank für die Information. Wir haben die neue Lieferadresse notiert. Damit wir sicherstellen können, dass auch alle bestehenden Serviceverträge und die Maschinenregistrierung der SNU-200 korrekt hinterlegt sind, teilen Sie uns bitte Ihre Kundennummer oder die Seriennummer der betroffenen Geräte mit.",Sonstiges,Sonstiges,1
503,2024-09-17,Was kostet ein Sensor für die SCS-100? Die Nummer auf dem Teil ist 44-90-X.,"Guten Tag, vielen Dank für die Angabe der Teilenummer. Wir prüfen umgehend den Preis für den Sensor (Art.-Nr. 44-90-X) für die SCS-100 und lassen Ihnen ein entsprechendes Angebot zukommen.",Ersatzteil-Anfrage,Ersatzteil-Anfrage,1
504,2024-09-17,"Wir haben hier eine SNU-200 stehen, die läuft nicht mehr richtig, weil ein Kleinteil gebrochen ist. Ich weiß nicht genau, wie das Teil heißt. Können Sie helfen?","Guten Tag, das bedauern wir zu hören. Gerne unterstützen wir Sie bei der Identifizierung des defekten Teils. Bitte senden Sie uns ein Foto des beschädigten Bauteils sowie die Seriennummer der SNU-200 Maschine zu. Wir werden dann versuchen, das passende Ersatzteil für Sie zu ermitteln.",Ersatzteil-Anfrage,Ersatzteil-Anfrage,0.85
505,2024-09-18,Hydraulikdruck bei DM-500 ist im Keller. Maschine läuft nicht mehr.,"Guten Tag. Ein massiver Druckabfall kann verschiedene Ursachen haben, von einer defekten Pumpe bis hin zu einem Leck im System. Bitte prüfen Sie zuerst den Ölstand und suchen Sie das System nach austretender Flüssigkeit ab. Für eine technische Bewertung benötigen wir die Seriennummer der DM-500 und den exakten Druckwert laut Anzeige.",Technische Fehlermeldung,Technische Fehlermeldung,0.9
506,2024-09-18,"Guten Tag, wir müssten demnächst die Wartung an unserer DM-500 vornehmen. Können Sie uns bitte den aktuellen Wartungsplan zukommen lassen?","Guten Tag. Gerne senden wir Ihnen den entsprechenden Wartungsplan zu. Damit wir die Dokumentation exakt auf Ihre Maschine abstimmen können, benötigen wir bitte noch die Seriennummer Ihrer DM-500. Sobald uns diese vorliegt, lassen wir Ihnen die Unterlagen zukommen.",Wartung,Wartung,1
507,2024-09-18,"Sehr geehrte Damen und Herren, für die anstehende Instandhaltung der SNU-200 (Bestell-Nr. 88291-X) benötigen wir spezielles Werkzeug, das nicht im Standard-Set enthalten ist. Können Sie uns die Artikelnummern für die benötigten Spezialwerkzeuge nennen?","Sehr geehrte Damen und Herren, vielen Dank für Ihre Anfrage. Für die Wartung der SNU-200 werden spezifische Kalibrierungswerkzeuge benötigt. Eine vollständige Liste der erforderlichen Spezialwerkzeuge inklusive der jeweiligen Artikelnummern ist in der Wartungsanleitung unter dem Kapitel 'Werkzeugliste' aufgeführt. Sie können diese Dokumentation jederzeit im Downloadbereich abrufen.",Wartung,Ersatzteil-Anfrage,0.8
508,2024-09-18,"Bitte Rechnungsadresse für die SCS-100 Anlage aktualisieren. Neue Adresse: Logistikzentrum 2, 60306 Frankfurt.","Guten Tag. Wir haben Ihren Wunsch erhalten. Um die Änderung für Ihre SCS-100 korrekt zu hinterlegen, benötigen wir bitte noch Ihre Kundennummer oder Ihre Bestellnummer.",Sonstiges,Sonstiges,1
509,2024-09-21,SCS-100 Kabelbruch. Brauche neues Kabel. Wie lange Lieferzeit?,"Guten Tag, um das passende Kabel für Ihre SCS-100 zu identifizieren, benötigen wir bitte die genaue Artikelnummer des Kabels oder die Seriennummer Ihrer Maschine. Nach Erhalt dieser Information können wir Ihnen die aktuelle Lieferzeit nennen.",Ersatzteil-Anfrage,Ersatzteil-Anfrage,0.95
510,2024-09-21,"Hallo, unsere CNCF-500 zeigt ständig 'Sensor Fehler 04' an. Das nervt extrem, wir können nicht arbeiten. Bitte schnell melden!","Guten Tag, wir verstehen die Unannehmlichkeiten durch den Produktionsausfall. Bitte führen Sie einen Neustart der Steuerung durch und prüfen Sie, ob der Sensor mechanisch blockiert oder verschmutzt ist. Damit wir den Fehler remote diagnostizieren können, senden Sie uns bitte die vollständige Seriennummer der Maschine zu.",Technische Fehlermeldung,Technische Fehlermeldung,1
511,2024-09-22,Dringend!! SCS-100 Lager defekt. Ersatzteil Art-Nr 445-01 verfügbar? Wir brauchen es bis übermorgen!,"Guten Tag. Wir verstehen die Dringlichkeit Ihres Anliegens. Wir prüfen sofort den Lagerbestand des Lagers (Art.-Nr. 445-01) für die SCS-100. Bitte beachten Sie, dass wir die Lieferzeit erst verbindlich bestätigen können, wenn die Bestellung final eingegangen ist. Wir melden uns in Kürze mit der Verfügbarkeitsauskunft und einem Angebot bei Ihnen.",Ersatzteil-Anfrage,Ersatzteil-Anfrage,1
512,2024-09-22,Druck zu hoch bei FSL-300. Anlage steht. Bitte um sofortigen Support!,"Guten Tag. Wir verstehen die Dringlichkeit. Bitte prüfen Sie umgehend die Druckregler und stellen Sie sicher, dass kein Ventil blockiert ist. Damit wir Ihnen die passenden Schritte aus der technischen Dokumentation nennen können, benötigen wir bitte die Seriennummer Ihrer FSL-300.",Technische Fehlermeldung,Technische Fehlermeldung,0.9
513,2024-09-22,CNCF-500 Fehlermeldung Hydraulikdruck. Bitte um Anleitung.,Guten Tag. Für eine passende Anleitung benötigen wir die Seriennummer Ihrer CNCF-500 und den exakten Wortlaut der Fehlermeldung. Bitte prüfen Sie vorab die Druckanzeige am Manometer und vergleichen Sie diese mit den Sollwerten im Handbuch im Downloadbereich.,Technische Fehlermeldung,Technische Fehlermeldung,0.95
514,2024-09-22,"Guten Tag, wir versuchen die neue Software auf der FSL-300 zu aktivieren, aber der Prozess bricht ständig ab. Wir wissen nicht warum.","Guten Tag. Um die Ursache für den Abbruch zu finden, benötigen wir die Seriennummer der FSL-300, die Softwareversion sowie eine Beschreibung, an welcher Stelle der Prozess genau abbricht. Bitte prüfen Sie auch die Netzwerkverbindung der Maschine.",Lizenzaktivierung,Software-Problem,1
515,2024-09-23,"Hallo, an der FSL-300 (Bestell-Nr. 88291) kommt ständig 'Druck zu niedrig' als Meldung. Das nervt, weil die Produktion steht. Bitte um schnelle Rückmeldung.","Guten Tag. Es tut uns leid, dass es zu einem Produktionsstopp kommt. Bitte kontrollieren Sie zunächst die Zuleitungen auf Undichtigkeiten und prüfen Sie den Füllstand des Hydrauliköls. Sollte der Fehler bestehen bleiben, senden Sie uns bitte ein Foto der Fehlermeldung und die aktuelle Softwareversion zu.",Technische Fehlermeldung,Technische Fehlermeldung,1
516,2024-09-23,Software spinnt. DXF geht nicht rein.,"Guten Tag. Um Ihnen weiterhelfen zu können, benötigen wir detailliertere Informationen: Um welches Maschinenmodell handelt es sich (z.B. DM-500, FSL-300)? Welche Softwareversion nutzen Sie und welche Fehlermeldung wird beim Import angezeigt?",Software-Problem,Software-Problem,0.95
517,2024-09-24,"Sehr geehrte Damen und Herren, wir benötigen dringend ein Update zum Lieferstatus der SCS-100 (Bestellnr. 44001). Wir haben noch keine Versandunterlagen erhalten.","Guten Tag. Ich habe die Bestellung 44001 geprüft. Die SCS-100 ist bereits versandfertig vorbereitet. Die Versandunterlagen werden Ihnen automatisch per E-Mail zugestellt, sobald die Ware unser Werk verlässt, was voraussichtlich morgen erfolgen wird.",Lieferstatus,Lieferstatus,1
518,2024-09-24,Fehler beim Import von DXF auf CNCF-500. Software schließt sich einfach. Keine Fehlermeldung sichtbar. Suchen Sie mal.,"Guten Tag. Ein plötzliches Schließen der Software ohne Fehlermeldung erschwert die Diagnose. Bitte prüfen Sie, ob die installierten Grafiktreiber auf dem Steuerungsrechner aktuell sind. Bitte lassen Sie uns zudem die Seriennummer der CNCF-500 zukommen, damit wir die Konfiguration prüfen können.",Software-Problem,Software-Problem,1
519,2024-09-24,Kann man die Software der DM-500 einfach aktualisieren oder muss da ein Techniker kommen? Aktuell stürzt das Teil ständig ab.,"Guten Tag. Ob ein Vor-Ort-Termin notwendig ist, hängt von der Fehlerursache ab. Bitte geben Sie uns zunächst die Seriennummer der DM-500 und die aktuelle Softwareversion durch. Viele Software-Probleme lassen sich über die bereitgestellten Updates im Downloadbereich lösen.",Software-Problem,Software-Problem,0.9
520,2024-09-24,REKLAMATION: CNCF-500 Spindel defekt! Maschine steht still! Wir brauchen sofort Hilfe unter der Bestell-Nr. 99822-X.,"Guten Tag. Wir verstehen die Dringlichkeit Ihres Anliegens. Damit wir die Reklamation für die CNCF-500 bearbeiten können, senden Sie uns bitte die Seriennummer der Spindel sowie eine genaue Fehlermeldung des Steuerungsdisplays zu. Wir werden den Vorgang dann umgehend priorisieren.",Garantie-Reklamation,Garantie-Reklamation,0.85
521,2024-09-24,"Guten Tag, wir haben die neue Softwareversion auf der CNCF-500 installiert. Bei der Aktivierung erhalten wir jedoch den Hinweis, dass der Code bereits verwendet wurde, obwohl dies das erste Mal ist. Bitte prüfen!","Guten Tag. Dies sollte im Regelfall nicht vorkommen. Bitte senden Sie uns den entsprechenden Aktivierungscode sowie die Bestellnummer Ihrer Software-Lizenz zu. Wir werden prüfen, ob der Key fälschlicherweise bereits im System hinterlegt wurde.",Lizenzaktivierung,Software-Problem,0.95
522,2024-09-25,Wann muss die FSL-300 gewartet werden? Brauche Infos zu den Intervallen.,"Guten Tag, die Wartungsintervalle der FSL-300 hängen von der täglichen Auslastung und der Betriebsstundenzahl ab. Um Ihnen eine präzise Auskunft geben zu können, teilen Sie uns bitte die aktuelle Betriebsstundenzahl sowie die Seriennummer der Maschine mit.",Wartung,Wartung,1
523,2024-09-25,"Wir haben hier eine HP-150 stehen und die Wartung steht an. Sagen Sie mir mal, welches Werkzeug ich genau brauche, um die Spindel zu prüfen. Die Anleitung ist unklar.","Guten Tag, für die Prüfung der Spindel an der HP-150 ist ein spezifisches Kalibrierungswerkzeug erforderlich. Um Ihnen die exakte Artikelnummer des benötigten Werkzeugs nennen zu können, benötige ich bitte die Seriennummer Ihrer Maschine. In der Zwischenzeit finden Sie detaillierte technische Zeichnungen der Werkzeuganforderungen im Handbuch im Downloadbereich.",Wartung,Wartung,0.9
524,2024-09-26,"Sehr geehrte ENDI-Support-Abteilung, bei unserer FSL-300 (Bestellnummer: END-99283-X) tritt sporadisch die Meldung 'Sensor-Fehler 04' auf. Könnten Sie uns hierzu eine Anleitung zur Fehlerbehebung zusenden?","Guten Tag. Vielen Dank für Ihre Nachricht. Den entsprechenden Abschnitt zur Fehlerbehebung für den Sensor-Fehler 04 finden Sie in Ihrem technischen Handbuch im Downloadbereich auf unserer Website. Sollte die Reinigung des Sensors keine Besserung bringen, lassen Sie uns bitte die aktuelle Softwareversion der FSL-300 zukommen.",Technische Fehlermeldung,Technische Fehlermeldung,0.95
525,2024-09-27,Brauche Angebot für Ersatzteil bei SNU-200. Die Nummer ist 992-X-12. Ist das lieferbar?,Guten Tag. Wir haben die Artikelnummer 992-X-12 in unserem System für das Modell SNU-200 hinterlegt. Wir prüfen sofort die aktuelle Verfügbarkeit und senden Ihnen ein Angebot inklusive der Lieferzeit zu.,Ersatzteil-Anfrage,Ersatzteil-Anfrage,1
526,2024-09-27,"Grüß Gott, wir müssten an der FSL-300 ein Teil tauschen. Könnten Sie uns bitte die Preise für den Verschleißsatz mitteilen? Die Maschine hat die Nummer ENDI-FSL-882.",Guten Tag. Gerne erstellen wir Ihnen ein Angebot für den Verschleißsatz Ihrer FSL-300 (Seriennummer ENDI-FSL-882). Wir prüfen die Verfügbarkeit der Komponenten und senden Ihnen die Preisaufstellung zeitnah zu.,Ersatzteil-Anfrage,Ersatzteil-Anfrage,0.95
527,2024-09-28,"Sehr geehrte Damen und Herren, bezüglich unserer Bestellung der SCS-100 vom letzten Monat: Wir haben bisher keinen Liefertermin erhalten. Bitte informieren Sie uns über den aktuellen Stand.",Guten Tag. Bitte nennen Sie uns für die Zuordnung Ihrer Anfrage die genaue Bestellnummer oder die Kundennummer. Ohne diese Daten können wir den Status der SCS-100 leider nicht in unserem System abrufen.,Lieferstatus,Lieferstatus,1
528,2024-09-28,SCS-100 Sensor Fehler. Knallt nur noch. Hilfe.,"Guten Tag. Wir nehmen Ihre Meldung ernst. Bitte beschreiben Sie uns genauer, was mit 'knallt nur noch' gemeint ist (akustisches Signal oder mechanische Schläge?) und nennen Sie uns den exakten Fehlercode am Display. Bitte übermitteln Sie uns zudem die Seriennummer der SCS-100.",Technische Fehlermeldung,Technische Fehlermeldung,0.8
529,2024-09-28,SCS-100 Wartung. Brauche Werkzeug-Liste. Artikelnummern bitte.,"Hallo. Gerne stellen wir Ihnen eine Liste der benötigten Werkzeuge zusammen. Bitte lassen Sie uns hierfür die Seriennummer Ihrer SCS-100 zukommen, da es je nach Baujahr Unterschiede im Werkzeugsatz geben kann.",Wartung,Wartung,1
530,2024-10-01,SCS-100 druckfehler. Alles andere ok. Bitte um Rückruf.,"Guten Tag, um die Ursache des Druckfehlers bei Ihrer SCS-100 zu finden, benötigen wir vorab die Seriennummer und den genauen Fehlercode. Bitte prüfen Sie die Dichtungen der Hauptleitung auf sichtbare Defekte. Sobald uns diese Daten vorliegen, können wir die nächsten Schritte mit Ihnen abstimmen.",Technische Fehlermeldung,Technische Fehlermeldung,0.7
531,2024-10-01,"Software update auf CNCF-500 gemacht, jetzt Lizenz-Fehler. Was ist das neue System?","Guten Tag. Durch die Umstellung auf das neue Lizenzmodell wird die Software nun über einen spezifischen Aktivierungsschlüssel validiert. Wenn die Aktivierung der CNCF-500 fehlschlägt, liegt meist eine Diskrepanz zwischen dem Key und der installierten Version vor. Bitte senden Sie uns Ihren Kaufbeleg oder die Lizenznummer, damit wir den Vorgang abgleichen können.",Lizenzaktivierung,Software-Problem,0.95
532,2024-10-02,SCS-100 Kabelbaum kaputt. Was kostet der und wann kommt der? Liefrzeit wichtig!,"Guten Tag. Wir prüfen gerne die Verfügbarkeit und den Preis für den Kabelbaum Ihrer SCS-100. Bitte lassen Sie uns die Seriennummer der Maschine zukommen, da es je nach Baujahr unterschiedliche Kabelkonfigurationen geben kann. Wir senden Ihnen das Angebot inklusive Lieferzeit direkt nach Erhalt der Daten zu.",Ersatzteil-Anfrage,Ersatzteil-Anfrage,0.9
533,2024-10-03,"Sehr geehrte Damen und Herren, wir warten seit geraumer Zeit auf die Lieferung unserer CNCF-500 (Bestellnummer: ENDI-99283). Könnten Sie uns bitte mitteilen, wann mit der Ankunft der Maschine zu rechnen ist?","Sehr geehrte Damen und Herren, vielen Dank für Ihre Nachricht. Ich habe den Status Ihrer Bestellung ENDI-99283 geprüft. Die CNCF-500 befindet sich aktuell in der Endmontage und wird voraussichtlich in der nächsten Kalenderwoche an Ihren Standort versandt. Sobald die Spedition die Ware übernimmt, erhalten Sie automatisch eine Versandbestätigung inklusive Tracking-Daten.",Lieferstatus,Lieferstatus,1
534,2024-10-03,Ist das neue Software-Paket für den SCS-100 schon da? Unsere aktuelle Version macht beim DXF-Import nur noch Probleme und stürzt ab.,"Guten Tag, das aktuelle Software-Paket ist bereits im Downloadbereich verfügbar. Wir empfehlen Ihnen, das Update durchzuführen, da dies bekannte Stabilitätsprobleme beim Import behebt. Bitte stellen Sie sicher, dass Sie vor dem Update eine Sicherung Ihrer Konfigurationsdaten erstellt haben.",Software-Problem,Software-Problem,0.95
535,2024-10-04,Inbetriebnahme DM-500. Bitte Info zu Ablauf.,"Guten Tag, für die Inbetriebnahme der DM-500 folgen wir einem standardisierten Prozess, der die technische Erstprüfung und die Bedienereinweisung umfasst. Damit wir den Ablauf konkretisieren können, senden Sie uns bitte die Seriennummer der Maschine sowie Ihre bevorzugten Zeitfenster zu.",Schulung,Sonstiges,0.8
536,2024-10-05,"Sehr geehrte Damen und Herren, wir benötigen für unsere CNCF-500 dringend einen neuen Antriebsriemen. Könnten Sie uns hierzu ein unverbindliches Angebot zukommen lassen? Die Seriennummer der Maschine lautet ENDI-99283-X.","Guten Tag. Gerne erstellen wir Ihnen ein Angebot für den passenden Antriebsriemen Ihrer CNCF-500. Damit wir die exakte Spezifikation prüfen können, benötigen wir bitte noch die Artikelnummer des alten Riemens oder ein Foto des Typenschilds der Maschine. Sobald uns diese Information vorliegt, senden wir Ihnen die Kalkulation umgehend zu.",Ersatzteil-Anfrage,Ersatzteil-Anfrage,1
537,2024-10-05,"Sehr geehrte Damen und Herren, an unserer DM-500 tritt seit heute Morgen wiederholt die Warnung 'Übertemperatur Spindel' auf. Wir benötigen dringend eine Lösung, da der Produktionsplan steht. Mit freundlichen Grüßen, Müller Fertigungstechnik.","Sehr geehrte Damen und Herren, vielen Dank für Ihre Nachricht. Um die Ursache der Überhitzung einzugrenzen, prüfen Sie bitte zunächst die Kühlmittelzufuhr sowie die Filterreinigung der Spindelkühlung. Bitte teilen Sie uns zudem die Seriennummer Ihrer DM-500 sowie den aktuellen Softwarestand mit, damit wir die Fehlerprotokolle abgleichen können. Weitere Details finden Sie auch im Handbuch im Downloadbereich.",Technische Fehlermeldung,Technische Fehlermeldung,0.95
538,2024-10-05,"Hallo ENDI-Support, wir haben hier ein Problem mit der SNU-200. Sensor meldet 'Error 404: Signalverlust'. Keine Ahnung was das bedeutet, wir müssen dringend weiterproduzieren. Hilfe!","Hallo, vielen Dank für Ihre Meldung. Der Fehler 'Signalverlust' deutet meist auf eine Unterbrechung in der Verkabelung oder einen Defekt am entsprechenden Sensor hin. Bitte prüfen Sie zuerst, ob die Steckverbindungen am Sensor und am Steuerungsmodul fest sitzen und keine Korrosion aufweisen. Damit wir die Hardware-Komponenten identifizieren können, teilen Sie uns bitte noch die Seriennummer der SNU-200 und die installierte Softwareversion mit. Wir werden die Anfrage dann umgehend priorisieren.",Technische Fehlermeldung,Technische Fehlermeldung,0.95
539,2024-10-05,FSL-300 Spindel dreht nicht mehr. Was tun? Garantie?,"Guten Tag. Damit wir die Spindel der FSL-300 prüfen können, senden Sie uns bitte die Seriennummer der Maschine sowie eine genaue Fehlerbeschreibung zu. Bitte prüfen Sie vorab, ob die Fehlermeldung im Display erscheint und teilen Sie uns diese mit.",Garantie-Reklamation,Garantie-Reklamation,0.85
540,2024-10-05,Können Sie uns Hilfe zur Inbetriebnahme der DM-500 geben? Die Anleitung im Handbuch ist etwas zu knapp gehalten für unsere neuen Azubis.,"Guten Tag. Es ist absolut nachvollziehbar, dass eine praktische Einweisung gerade für Auszubildende wertvoll ist. Wir bieten spezielle Einführungskurse an, die über die rein schriftliche Dokumentation im Handbuch hinausgehen. Bitte senden Sie uns die Seriennummer Ihrer DM-500 zu, damit wir Ihnen ein Angebot für eine praxisnahe Schulung erstellen können.",Schulung,Schulung,0.9
541,2024-10-05,"Sehr geehrte Support-Abteilung, im Rahmen der Software-Aktualisierung unserer FSL-300 Maschinen tritt ein Problem bei der Lizenzfreischaltung auf. Der Code wird nicht akzeptiert. Können Sie das prüfen?","Guten Tag. Wir unterstützen Sie gerne bei der Behebung. Bitte übermitteln Sie uns die betroffene Seriennummer der FSL-300 sowie den Aktivierungscode, den Sie verwenden möchten, damit wir die Gültigkeit im System verifizieren können.",Lizenzaktivierung,Software-Problem,1
542,2024-10-06,"Guten Tag, bei der CNCF-500 (Art.-Nr. CNC-990) ist die Schutzeinrichtung defekt. Das Bauteil scheint einen Materialfehler zu haben. Wie läuft der Austausch im Rahmen der Garantie ab?","Guten Tag, vielen Dank für Ihre Meldung. Bitte lassen Sie uns Fotos des Defekts an der Schutzeinrichtung sowie die Seriennummer der Maschine zukommen. Nach der technischen Begutachtung des Schadensbildes informieren wir Sie über die weiteren Schritte zur Instandsetzung.",Garantie-Reklamation,Garantie-Reklamation,1
543,2024-10-07,DM-500 zeigt Übertemp an. Filter ist sauber. Was jetzt?,"Guten Tag, wenn die Filter bereits gereinigt wurden, prüfen Sie bitte die Funktion der Kühlmittelpumpe sowie den Durchfluss der Kühlkanäle. Bitte lassen Sie uns die Seriennummer Ihrer DM-500 zukommen, damit wir prüfen können, ob ein Software-Update für die Temperaturüberwachung verfügbar ist.",Technische Fehlermeldung,Technische Fehlermeldung,0.9
544,2024-10-08,Fehler bei Lizenz-Aktivierung der SCS-100. Der Key wird nicht akzeptiert.,"Guten Tag, vielen Dank für Ihren Hinweis. Damit wir die Aktivierung Ihrer SCS-100 unterstützen können, fehlen uns leider noch einige wichtige Informationen. Bitte ergänzen Sie Ihre Anfrage um folgende Angaben: 1. Die Seriennummer der Maschine, 2. Die Bestellnummer der Softwarelizenz und 3. Die genaue Fehlermeldung, die beim Versuch der Aktivierung angezeigt wird. Nach Erhalt dieser Daten werden wir die Prüfung direkt einleiten.",Lizenzaktivierung,Software-Problem,1
545,2024-10-09,Dringend!!! Ersatzteil für CNCF-500 benötigt. Lieferung bis Freitag möglich? Teilnummer 1002-99.,"Guten Tag, wir verstehen die Dringlichkeit Ihres Anliegens. Wir prüfen sofort die Verfügbarkeit der Artikelnummer 1002-99 für die CNCF-500 und die Möglichkeit einer Express-Lieferung bis Freitag. Wir melden uns schnellstmöglich mit einer Rückmeldung bei Ihnen.",Ersatzteil-Anfrage,Ersatzteil-Anfrage,1
546,2024-10-09,Brauche Angebot für Sensor SCS-100. Was ist die Lieferzeit?,"Guten Tag, vielen Dank für Ihre Nachricht. Um die aktuelle Verfügbarkeit und die genaue Lieferzeit des SCS-100 Sensors prüfen zu können, benötigen wir bitte die genaue Artikelnummer oder die Seriennummer der Maschine, in der der Sensor verbaut ist. Nach Erhalt dieser Daten melden wir uns sofort bei Ihnen.",Ersatzteil-Anfrage,Ersatzteil-Anfrage,0.9
547,2024-10-09,"Software Crash bei SCS-100 nach Update!! Das geht so nicht, wir stehen still!",Guten Tag. Wir verstehen die Dringlichkeit Ihres Anliegens. Bitte senden Sie uns umgehend die Seriennummer der SCS-100 sowie das Logfile des Absturzes zu. So können wir die Fehlerursache unmittelbar prüfen. Informationen zu Patch-Versionen finden Sie zudem im Handbuch im Downloadbereich.,Software-Problem,Software-Problem,1
548,2024-10-09,Haben die DM-500 Maschinen eigentlich jährliche Wartungsintervalle oder geht das nach Stunden? Wir wollen keine Garantie verlieren.,"Guten Tag. Die Wartungsintervalle der DM-500 sind hybrid definiert – sowohl feste Zeitintervalle als auch Betriebsstunden spielen eine Rolle. Um eine präzise Auskunft für Ihr spezifisches Modell zu geben, benötigen wir bitte die Seriennummer Ihrer Maschine. Die genauen Vorgaben finden Sie zudem in der Wartungsübersicht im Downloadbereich.",Wartung,Wartung,0.9
549,2024-10-10,"Sehr geehrte Kollegen, wir benötigen für unsere HP-150 ein neues Druckventil (Art. 77-A). Können Sie uns mitteilen, ob dieses Teil sofort versandbereit ist?","Guten Tag. Vielen Dank für Ihre Anfrage. Wir prüfen umgehend den Lagerstatus des Druckventils (Art. 77-A) für die HP-150. Wir lassen Ihnen zeitnah ein Angebot zukommen, in dem wir auch den aktuellen Lagerbestand und die voraussichtliche Versandbereitschaft bestätigen.",Ersatzteil-Anfrage,Ersatzteil-Anfrage,1
550,2024-10-10,"Sehr geehrte Damen und Herren, für unsere CNCF-500 benötigen wir dringend einen neuen Antriebsriemen. Können Sie uns hierfür ein Angebot unterbreiten? Die Typennummer des Riemens ist ART-9928.","Sehr geehrte Damen und Herren, vielen Dank für Ihre Anfrage. Gerne erstellen wir Ihnen ein Angebot für den Antriebsriemen (ART-9928) für Ihre CNCF-500. Um die exakte Spezifikation sicherzustellen, benötigen wir bitte noch die Seriennummer Ihrer Maschine. Sobald uns diese vorliegt, senden wir Ihnen die Kalkulation zu.",Ersatzteil-Anfrage,Ersatzteil-Anfrage,1
551,2024-10-10,Wartungsplan für SCS-100? Dringend!,"Guten Tag. Um Ihnen den korrekten Wartungsplan für die SCS-100 zuzusenden, benötigen wir zwingend die Seriennummer Ihrer Maschine. Bitte lassen Sie uns diese kurzfristig zukommen.",Wartung,Wartung,1
552,2024-10-11,"Sehr geehrte Damen und Herren, wir haben eine Bestellung aufgegeben (Nr. 55432), aber das Ersatzteil für die SNU-200 fehlt im Paket. Bitte prüfen Sie das.","Guten Tag, es tut uns leid, dass Ihre Lieferung unvollständig bei Ihnen angekommen ist. Wir werden den Vorgang zur Bestellung 55432 umgehend intern prüfen. Bitte lassen Sie uns zur Beschleunigung den Lieferschein sowie ein Foto des erhaltenen Pakets zukommen. Wir melden uns schnellstmöglich mit einer Lösung bei Ihnen.",Ersatzteil-Anfrage,Lieferstatus,0.9
553,2024-10-11,Wir benötigen für unsere HP-150 eine neue Steuerplatine. Bitte um Angebot und Info zur Lieferfrist. Seriennummer: 2023-HP-004.,Guten Tag. Vielen Dank für Ihre Anfrage. Wir erstellen derzeit ein Angebot für die Steuerplatine Ihrer HP-150 (Seriennummer 2023-HP-004) und klären parallel die aktuelle Lieferzeit mit unserer Logistik. Sie erhalten die Unterlagen in Kürze.,Ersatzteil-Anfrage,Ersatzteil-Anfrage,1
554,2024-10-11,"bitte Rechnungsadr ändern auf: Logistikzentrum Nord, Werkstraße 5, 44141 Dortmund","Guten Tag, wir haben Ihren Änderungswunsch notiert. Damit wir die Änderung korrekt zuordnen können, benötigen wir bitte die entsprechende Bestellnummer oder die Seriennummer der betroffenen Anlage (z.B. FSL-300 oder SNU-200).",Sonstiges,Sonstiges,1
555,2024-10-11,"Bitte Rechnungsadresse ändern auf: Tech-Solutions Ltd, Industrial Way 5, UK.","Guten Tag. Um die Änderung in unserem System vorzunehmen, benötigen wir bitte noch Ihre Kundennummer oder eine Referenz zu einem Ihrer bestehenden Kundenkonten.",Sonstiges,Sonstiges,1
556,2024-10-12,Spindel-Warnung an DM-500 (Art.-Nr. 55421). Gerät läuft nicht mehr.,"Guten Tag. Bitte prüfen Sie, ob die Spindelkühlung aktiv ist und ob die Lüfter frei von Staub sind. Um den Fehler im System zu lokalisieren, benötigen wir bitte die Seriennummer der DM-500 sowie den exakten Text der Fehlermeldung.",Technische Fehlermeldung,Technische Fehlermeldung,0.95
557,2024-10-13,Brauche Werkzeug für Wartung DM-500. Welche Art?,"Guten Tag, für die Wartung der DM-500 ist spezialisiertes Kalibrierwerkzeug sowie ein Satz Drehmomentschlüssel mit ENDI-Zulassung erforderlich. Bitte nennen Sie uns die Seriennummer Ihrer Maschine, damit wir Ihnen die genaue Werkzeugliste inklusive der Artikelnummern zusenden können.",Wartung,Wartung,0.9
558,2024-10-13,"Hallo, wir versuchen gerade die Software auf unserer SNU-200 zu aktivieren, aber es kommt immer eine Fehlermeldung bezüglich des Aktivierungscodes. Können Sie das prüfen?","Guten Tag. Gerne unterstützen wir Sie bei der Aktivierung der Software für die SNU-200. Um die Ursache einzugrenzen, teilen Sie uns bitte mit, welche spezifische Fehlermeldung angezeigt wird und welche Softwareversion aktuell installiert ist. Wir prüfen dann den Status Ihres Keys im System.",Lizenzaktivierung,Software-Problem,1
559,2024-10-14,"Sehr geehrte Damen und Herren, leider müssen wir feststellen, dass die für unsere Produktion kritische SCS-100 nicht zum vereinbarten Termin eingetroffen ist. Wir benötigen dringend ein Update zum Verzug. Vielen Dank im Voraus.","Sehr geehrte Damen und Herren, wir bedauern die Verzögerung bei der Lieferung der SCS-100 sehr. Aufgrund einer kurzfristigen Lieferverzögerung bei einer Komponente hat sich der Versand leider um wenige Tage verschoben. Wir setzen alles daran, die Maschine schnellstmöglich zu versenden und halten Sie über den Fortschritt auf dem Laufenden.",Lieferstatus,Lieferstatus,1
560,2024-10-14,Druck zu hoch bei CNCF-500. Maschine steht still. Bitte schnell reagieren.,"Guten Tag. Bitte stellen Sie sicher, dass das Druckentlastungsventil ordnungsgemäß funktioniert und prüfen Sie die Sensordaten auf Plausibilität. Damit wir den Fall priorisieren können, senden Sie uns bitte die Seriennummer der CNCF-500 sowie den exakten Wert des gemessenen Überdrucks.",Technische Fehlermeldung,Technische Fehlermeldung,0.95
561,2024-10-14,Fehler beim DXF-Import auf FSL-300. Programm geht einfach aus. Keine Info was los ist.,"Hallo. Ein plötzlicher Programmabbruch ohne Fehlermeldung deutet oft auf einen Speicherfehler hin. Bitte prüfen Sie die Dateigröße der DXF und senden Sie uns die Seriennummer Ihrer FSL-300 sowie die aktuelle Softwareversion zu, damit wir die Kompatibilität prüfen können.",Software-Problem,Software-Problem,0.95
562,2024-10-15,Fehlermeldung Sensor bei Maschine. Keine Nummer parat. Hilfe!,"Guten Tag, wir helfen Ihnen gerne weiter. Damit wir das Problem identifizieren können, benötigen wir jedoch die Modellbezeichnung, die Seriennummer der Maschine sowie den exakten Wortlaut oder den Fehlercode der Meldung.",Technische Fehlermeldung,Technische Fehlermeldung,0.9
563,2024-10-16,"Sehr geehrte Damen und Herren, unsere DM-500 zeigt seit heute Morgen beim Anfahren eine Warnung bezüglich der Spindeltemperatur an. Können Sie uns hier weiterhelfen?","Guten Tag. Dass die Spindel eine Übertemperatur meldet, kann verschiedene Ursachen haben, etwa eine mangelnde Kühlmittelzufuhr oder eine mechanische Reibung. Bitte prüfen Sie zunächst den Füllstand des Kühlmittels und die Funktion der Kühlmittelpumpe. Um die Ursache genauer eingrenzen zu können, benötigen wir bitte die Seriennummer Ihrer Maschine sowie die genaue Fehlernummer aus dem Display.",Technische Fehlermeldung,Technische Fehlermeldung,0.95
564,2024-10-17,"Moin, wir brauchen Ersatzteil für HP-150. Welche Lieferzeit habt ihr aktuell?","Guten Tag. Damit wir Ihre Anfrage bearbeiten können, benötigen wir bitte die genaue Bezeichnung des Ersatzteils sowie die Seriennummer Ihrer HP-150. Ohne diese Angaben können wir keine Verfügbarkeit prüfen.",Ersatzteil-Anfrage,Ersatzteil-Anfrage,0.95
565,2024-10-17,SCS-100 Sensor defekt. Lieferzeit???,"Guten Tag. Um Ihnen die Lieferzeit für den Sensor Ihrer SCS-100 nennen zu können, benötigen wir bitte die Artikelnummer des defekten Bauteils oder die Seriennummer der Maschine. Vielen Dank für Ihre Mithilfe.",Ersatzteil-Anfrage,Ersatzteil-Anfrage,0.85
566,2024-10-17,"Moin, unser FSL-300 macht Probleme. Wir brauchen wohl ein Ersatzteil für die Spindel. Könnt ihr mal schauen, was das kostet und wie lange das dauert?","Moin, vielen Dank für Ihre Anfrage. Um Ihnen die Kosten und die Lieferzeit für die Spindelkomponente der FSL-300 nennen zu können, benötigen wir bitte die Seriennummer Ihrer Maschine sowie – falls vorhanden – die Teilenummer des defekten Bauteils. Wir prüfen die Verfügbarkeit dann sofort für Sie.",Ersatzteil-Anfrage,Ersatzteil-Anfrage,0.95
567,2024-10-17,Fehler bei FSL-300. Druck zu niedrig. Was tun?,"Guten Tag. Um Ihnen bei der Fehlermeldung 'Druck zu niedrig' an der FSL-300 helfen zu können, benötigen wir bitte die genaue Fehlernummer aus dem Display sowie Ihre Kundennummer oder Seriennummer. Prüfen Sie vorab bitte, ob die Hauptdruckleitung auf Leckagen untersucht wurde.",Technische Fehlermeldung,Technische Fehlermeldung,0.9
568,2024-10-17,"Moin, hab hier 'ne SCS-100 und die neue Software lässt sich nicht aktivieren. Key wird abgelehnt. Was soll ich machen?",Guten Tag. Bitte senden Sie uns die genaue Fehlermeldung sowie die Bestellnummer Ihrer Software zu. Eine Liste der häufigsten Fehlerquellen finden Sie zudem im Handbuch im Downloadbereich.,Lizenzaktivierung,Software-Problem,0.95
569,2024-10-18,"Problem bei Aktivierung. Keine Seriennummer zur Hand, aber es geht um die neue Software für SCS-100.","Guten Tag. Um Ihnen bei der SCS-100 weiterhelfen zu können, ist die Angabe der Seriennummer zwingend erforderlich, da die Lizenz direkt an die Hardware gekoppelt ist. Bitte lassen Sie uns diese sowie den verwendeten Aktivierungscode zukommen.",Lizenzaktivierung,Software-Problem,0.9
570,2024-10-19,Status SNU-200??,"Guten Tag. Damit ich Ihnen Auskunft zum Status der SNU-200 geben kann, benötige ich bitte Ihre Bestellnummer oder die Seriennummer der Maschine. Ohne diese Angaben kann ich keine Abfrage in unserem System vornehmen.",Lieferstatus,Lieferstatus,0.7
571,2024-10-19,"Support! Die CNCF-500 meldet ständig 'Druck zu niedrig' im Hydrauliksystem. Das nervt, wir müssen liefern!","Guten Tag. Wir verstehen die Dringlichkeit Ihrer Situation. Bitte kontrollieren Sie zuerst die Füllstände des Hydraulikflüssigkeit und suchen Sie nach sichtbaren Leckagen an den Leitungen. Bitte senden Sie uns zur weiteren Prüfung die Seriennummer der Maschine sowie den aktuellen Druckwert, der im System angezeigt wird.",Technische Fehlermeldung,Technische Fehlermeldung,1
572,2024-10-20,"Sehr geehrte Damen und Herren, wir haben die Software-Lizenz für unser SCS-100 Modell erhalten, jedoch wird beim Eingabevorgang der Code als 'ungültig' markiert. Wir benötigen dringend eine Lösung, da die Produktion stillsteht.","Guten Tag. Wir verstehen die Dringlichkeit aufgrund des Produktionsstillstands. Bitte senden Sie uns umgehend die Lizenznummer sowie die Seriennummer der SCS-100 zu. Wir werden eine Prioritätsprüfung veranlassen, um die Aktivierung so schnell wie möglich zu ermöglichen.",Lizenzaktivierung,Software-Problem,1
573,2024-10-20,"Guten Tag, wir benötigen für unsere Buchhaltung eine Bescheinigung über die gezahlten Beträge des letzten Kalenderjahres.","Sehr geehrte Damen und Herren, gerne erstellen wir Ihnen eine entsprechende Aufstellung. Bitte nennen Sie uns hierfür Ihre Kundennummer, damit wir den entsprechenden Zeitraum für Ihr Konto abrufen können.",Sonstiges,Sonstiges,1
574,2024-10-22,HP-150 meldet Spindel-Warnung. Keine Ahnung warum. Was soll ich machen?,"Guten Tag. Um Ihnen helfen zu können, benötigen wir nähere Informationen. Bitte nennen Sie uns die Seriennummer der HP-150 und beschreiben Sie den genauen Wortlaut der Warnmeldung im Display. Prüfen Sie vorab, ob die Spindel frei von Fremdkörpern läuft.",Technische Fehlermeldung,Technische Fehlermeldung,0.9
575,2024-10-23,Status Lieferung HP-150??,"Guten Tag. Um Ihnen Auskunft zum Status der HP-150 geben zu können, benötigen wir bitte Ihre Bestellnummer oder die dazugehörige Seriennummer der Maschine.",Lieferstatus,Lieferstatus,1
576,2024-10-23,"Guten Tag, wir haben vor kurzem die CNCF-500 bei Ihnen in Betrieb genommen. Könnten Sie uns bitte den detaillierten Wartungsplan für die ersten 24 Monate zukommen lassen?","Sehr geehrte Damen und Herren, vielen Dank für Ihre Nachricht. Gerne unterstützen wir Sie bei der Planung. Den vollständigen Wartungsplan inklusive der Intervalle finden Sie im Handbuch im Downloadbereich unseres Kundenportals. Sollten Sie spezifische Service-Pakete wünschen, lassen Sie es uns wissen.",Wartung,Wartung,0.9
577,2024-10-24,"Sehr geehrte Damen und Herren, wir haben versucht, die neue Software auf unserer DM-500 zu aktivieren, aber das System akzeptiert den Key einfach nicht. Können Sie uns hier weiterhelfen?","Guten Tag. Dass die Aktivierung Ihres Lizenzschlüssels fehlschlägt, bedauern wir. Um die Ursache einzugrenzen, benötigen wir bitte die genaue Fehlermeldung, die beim Versuch angezeigt wird, sowie die Seriennummer Ihrer DM-500. Sobald uns diese Informationen vorliegen, prüfen wir den Status Ihres Keys umgehend.",Lizenzaktivierung,Software-Problem,1
578,2024-10-24,"Hallo, wir wollen unsere Kontaktdaten für den Newsletter ändern. Nur noch E-Mail, kein Post mehr.","Guten Tag, das stellen wir gerne für Sie um. Bitte nennen Sie uns die E-Mail-Adresse, mit der Sie bei uns registriert sind, damit wir Ihre Kommunikationspräferenzen in unserem System anpassen können.",Sonstiges,Sonstiges,1
579,2024-10-24,"Wir brauchen ne neue Rechnungsadresse für die Bestellung 44920. Bitte an: Buchhaltung, Am Bach 5, 50667 Köln.",Vielen Dank für Ihre Nachricht. Wir haben die neue Rechnungsadresse für die Bestellung 44920 notiert. Die Anpassung wird in unserem System für den aktuellen Vorgang vorgenommen. Eine Bestätigung erhalten Sie nach Abschluss der Bearbeitung.,Sonstiges,Sonstiges,1
580,2024-10-25,Wo bleibt die CNCF-500? Haben seit Tagen nix gehört zu Versand.,"Guten Tag. Damit ich die Sendung Ihrer CNCF-500 lokalisieren kann, senden Sie uns bitte kurz Ihre Bestellnummer oder die Rechnungsnummer zu. Vielen Dank.",Lieferstatus,Lieferstatus,1
581,2024-10-25,"Sehr geehrte Damen und Herren, wir benötigen für unsere CNCF-500 dringend ein neues Spindellager. Könnten Sie uns hierfür bitte ein unverbindliches Angebot zukommen lassen? Die Seriennummer der Maschine lautet ENDI-99283-X.","Guten Tag. Gerne erstellen wir Ihnen ein Angebot für das benötigte Spindellager Ihrer CNCF-500. Um die exakte Spezifikation des Lagers zu bestimmen, benötigen wir bitte noch die genaue Typenbezeichnung oder die Artikelnummer des Ersatzteils aus Ihrer Stückliste. Sobald uns diese vorliegt, senden wir Ihnen das Angebot umgehend zu.",Ersatzteil-Anfrage,Ersatzteil-Anfrage,1
582,2024-10-26,Wir warten auf die HP-150. Keine Info zum Versand. Bitte prüfen!,"Guten Tag. Wir nehmen Ihr Anliegen auf. Damit wir die HP-150 in unserem System finden, senden Sie uns bitte die dazugehörige Bestellnummer oder die Seriennummer der Maschine zu.",Lieferstatus,Lieferstatus,1
583,2024-10-26,"Können Sie mir sagen, ob der Filter für die FSL-300 aktuell lieferbar ist? Wir haben keinen Ersatz mehr auf Lager.","Guten Tag, gerne prüfen wir die Verfügbarkeit des Filters für die FSL-300 für Sie. Bitte nennen Sie uns hierfür die genaue Artikelnummer des Filters oder die Seriennummer Ihrer Maschine, damit wir das exakte Modell zuordnen können.",Ersatzteil-Anfrage,Ersatzteil-Anfrage,1
584,2024-10-26,"Guten Tag, wir benötigen für unsere FSL-300 dringend einen neuen Antriebsriemen. Könnten Sie uns hierzu bitte ein Angebot zukommen lassen?","Guten Tag, vielen Dank für Ihre Anfrage. Gerne erstellen wir Ihnen ein Angebot für den passenden Antriebsriemen. Damit wir das exakte Bauteil identifizieren können, benötigen wir bitte die Seriennummer Ihrer FSL-300. Sobald uns diese vorliegt, senden wir Ihnen die Kalkulation umgehend zu.",Ersatzteil-Anfrage,Ersatzteil-Anfrage,1
585,2024-10-26,Systemabsturz bei DM-500. DXF-Dateien werden nicht erkannt oder die Software geht einfach zu. Bitte um schnelle Antwort.,"Hallo, um die Ursache zu finden, führen Sie bitte einen Test mit einer Standard-DXF-Datei durch. Bitte senden Sie uns für die weitere Analyse die Seriennummer der DM-500, die Softwareversion und die genaue Fehlermeldung zu, falls vorhanden.",Software-Problem,Software-Problem,0.95
586,2024-10-28,"Wir haben die FSL-300 bestellt, aber keine Mail wegen Versand bekommen. Ist das Teil schon unterwegs?","Guten Tag, vielen Dank für Ihre Anfrage. Damit wir den Versandstatus Ihrer FSL-300 prüfen können, benötigen wir bitte Ihre Bestellnummer oder die Kundennummer. Sobald uns diese vorliegt, geben wir Ihnen sofort Bescheid.",Lieferstatus,Lieferstatus,1
587,2024-10-28,"Moin, bei der CNCF-500 spinnt das Kühlmittel-Ventil. Brauche Ersatzteil Nr. 77-V. Könnt ihr das schicken?","Guten Tag, wir unterstützen Sie gerne beim Austausch des Kühlmittel-Ventils. Wir prüfen die Verfügbarkeit der Artikelnummer 77-V für die CNCF-500 und senden Ihnen umgehend ein Angebot inklusive der voraussichtlichen Lieferzeit zu.",Ersatzteil-Anfrage,Ersatzteil-Anfrage,1
588,2024-10-28,Key-Eingabe bei FSL-300 schlägt fehl. Hab alles richtig gemacht aber geht nicht.,"Guten Tag. Es tut uns leid, dass die Aktivierung der FSL-300 trotz korrekter Eingabe fehlschlägt. Bitte überprüfen Sie, ob Sie die Softwareversion verwenden, die exakt zu Ihrem Lizenztyp passt. Für eine tiefergehende Prüfung benötigen wir zudem Ihre Bestellnummer und die genaue Softwareversion (zu finden im Info-Menü der Steuerung).",Lizenzaktivierung,Software-Problem,0.9
589,2024-11-01,"Sehr geehrte Damen und Herren, an unserer CNCF-500 ist die Hydraulikdichtung defekt. Bitte teilen Sie uns mit, ob das Teil 44-X9 vorrätig ist und wann wir mit einer Lieferung rechnen können.","Sehr geehrte Damen und Herren, vielen Dank für Ihre Anfrage. Wir prüfen umgehend den Lagerbestand der Hydraulikdichtung (Art.-Nr. 44-X9) für Ihre CNCF-500. Wir informieren Sie schnellstmöglich über die Verfügbarkeit sowie die voraussichtliche Lieferzeit.",Ersatzteil-Anfrage,Ersatzteil-Anfrage,1
590,2024-11-01,Lieferzeit für Druckventil Typ ENDI-V-22 bei der DM-500? Ist wichtig!,"Guten Tag, vielen Dank für Ihre Anfrage. Wir prüfen die aktuelle Lieferzeit für das Druckventil ENDI-V-22 für die DM-500 sofort. Bitte geben Sie uns zur Sicherheit noch die Seriennummer Ihrer Maschine an, um sicherzugehen, dass die Ventilversion exakt zur Konfiguration passt.",Ersatzteil-Anfrage,Lieferstatus,0.9
591,2024-11-02,Wann kommt die SCS-100 an? Keine Mail erhalten.,"Guten Tag. Damit wir den Liefertermin Ihrer SCS-100 ermitteln können, benötigen wir bitte Ihre Bestellnummer oder die Rechnungsnummer. Wir werden den Status dann umgehend prüfen.",Lieferstatus,Lieferstatus,1
592,2024-11-02,Maschine HP-150 hat Problem. Druck zu hoch. Bitte schnell melden.,"Guten Tag. Um das Problem mit dem zu hohen Druck an der HP-150 eingrenzen zu können, benötigen wir bitte die Seriennummer der Maschine und die genaue Druckanzeige in Bar. Prüfen Sie bitte vorab, ob die Sicherheitsventile frei zugänglich sind.",Technische Fehlermeldung,Technische Fehlermeldung,0.9
593,2024-11-02,Brauche Spezialwerkzeug für Wartung SNU-200. Was muss ich bestellen? Art-Nr fehlt im Handbuch.,"Hallo. Um Ihnen die korrekten Artikelnummern für das benötigte Spezialwerkzeug der SNU-200 nennen zu können, benötigen wir die genaue Seriennummer Ihres Geräts. Sobald uns diese vorliegt, erstellen wir Ihnen eine Liste der passenden Werkzeuge.",Wartung,Ersatzteil-Anfrage,0.9
594,2024-11-02,Reklamation SNU-200. Sensorfehler bei Betrieb. Bestellnummer 556677.,"Guten Tag. Für die Bearbeitung Ihrer Reklamation zur SNU-200 benötigen wir bitte noch die Seriennummer der Maschine sowie eine detaillierte Angabe, unter welchen Betriebsbedingungen der Sensorfehler auftritt. Wir werden den Vorgang nach Erhalt der Daten prüfen.",Garantie-Reklamation,Garantie-Reklamation,0.95
595,2024-11-02,Fehler bei Aktivierung. Software Version 2.1. Maschine SCS-100. Code: AX-99283-Z.,"Guten Tag. Vielen Dank für die Bereitstellung der Daten. Wir haben die Eingabe des Codes AX-99283-Z für die SCS-100 geprüft. Bitte stellen Sie sicher, dass keine Leerzeichen vor oder nach dem Code eingegeben wurden. Sollte der Fehler weiterhin bestehen, senden Sie uns bitte einen Screenshot der Fehlermeldung zu.",Lizenzaktivierung,Software-Problem,0.95
596,2024-11-03,Lieferverzug bei SNU-200. Bitte um Rückmeldung!,"Guten Tag. Um die Verzögerung Ihrer SNU-200 untersuchen zu können, benötige ich bitte Ihre Bestellnummer oder die Artikelnummer. Sobald mir diese vorliegt, kläre ich den aktuellen Lieferstatus mit der Logistikabteilung.",Lieferstatus,Lieferstatus,1
597,2024-11-03,SCS-100 Ersatzteil anfragen. Artikel 445. Ist das lieferbar?,"Guten Tag, wir prüfen gerne die Verfügbarkeit des Artikels 445 für die SCS-100. Bitte senden Sie uns zur eindeutigen Identifizierung noch die Seriennummer Ihres Gerätes zu.",Ersatzteil-Anfrage,Ersatzteil-Anfrage,1
598,2024-11-03,"Anfrage Ersatzteil: FSL-300, Schaltelement, SN: 554433. Preis und Lieferzeit?","Guten Tag, vielen Dank für Ihre Anfrage. Wir haben die Seriennummer 554433 für die FSL-300 aufgenommen. Wir prüfen die Verfügbarkeit des Schaltelements und senden Ihnen umgehend ein Angebot mit der voraussichtlichen Lieferzeit zu.",Ersatzteil-Anfrage,Ersatzteil-Anfrage,1
599,2024-11-03,"Sehr geehrte Damen und Herren, bei der Inbetriebnahme der HP-150 tritt ein Problem mit der Software-Lizenz auf. Die Aktivierung verweigert den Dienst. Bitte um Unterstützung.","Sehr geehrte Damen und Herren, für eine detaillierte Analyse benötigen wir bitte die Seriennummer Ihrer HP-150 sowie den verwendeten Aktivierungscode. Bitte teilen Sie uns auch mit, ob eine Fehlermeldung erscheint.",Lizenzaktivierung,Software-Problem,1
600,2024-11-03,"Sehr geehrte Damen und Herren, wir müssen Ihnen mitteilen, dass sich unsere Firmenanschrift geändert hat. Bitte passen Sie unsere Stammdaten für zukünftige Lieferungen der DM-500 Serie an. Neue Adresse: Industriestraße 12, 80331 München.","Vielen Dank für Ihre Nachricht. Wir haben die Adressänderung in unserem System vorgemerkt. Damit wir die Stammdaten verbindlich für alle Ihre laufenden Aufträge und die Maschinenverwaltung aktualisieren können, bitten wir Sie, uns kurz Ihre Kundennummer oder eine aktuelle Rechnungsnummer mitzuteilen.",Sonstiges,Sonstiges,1
601,2024-11-04,Wir müssen die SCS-100 warten und brauchen dafür das Spezialwerkzeug für den Sensor-Check. Haben Sie das auf Lager oder müssen wir das vorbestellen?,"Guten Tag, die Verfügbarkeit des Sensor-Check-Werkzeugs hängt von der spezifischen Bauart Ihrer SCS-100 ab. Bitte nennen Sie uns die Seriennummer Ihrer Maschine, damit wir prüfen können, welches Werkzeug exakt benötigt wird und ob wir dieses aktuell vorrätig haben oder eine Vorlaufzeit besteht.",Wartung,Ersatzteil-Anfrage,0.85
602,2024-11-04,"Adressänderung für Rechnungen! Neue Anschrift: Industriezentrum Süd, Gebäude 4, 80331 München.","Hallo. Damit wir die Rechnungsadresse korrekt hinterlegen können, benötigen wir bitte noch Ihre Kundennummer oder eine Referenz zu einer Ihrer letzten Bestellungen (z.B. Art.-Nr. 99-203).",Sonstiges,Sonstiges,1
603,2024-11-05,Fehler bei Spindel! Maschine steht still. Was tun?,"Guten Tag. Um Ihnen helfen zu können, benötigen wir Informationen zu Ihrem Gerät. Bitte nennen Sie uns das Modell und die Seriennummer sowie die exakte Fehlermeldung, die am Bedienfeld ausgegeben wird. Wir prüfen dann umgehend die nächsten Schritte für Sie.",Technische Fehlermeldung,Technische Fehlermeldung,0.95
604,2024-11-05,"Guten Tag, bei der Installation der Software auf der CNCF-500 tritt ein Problem mit dem Lizenzschlüssel auf. Er scheint nicht mit der Hardware verknüpft zu werden.","Guten Tag. Vielen Dank für Ihre Nachricht. Um dieses Problem einzugrenzen, benötigen wir die Seriennummer der CNCF-500 und die genaue Version der installierten Software. Bitte prüfen Sie parallel, ob eine aktive Internetverbindung für die Validierung besteht.",Lizenzaktivierung,Software-Problem,0.95
605,2024-11-05,Wir haben Probleme mit der Lizenzierung der neuen Software-Suite auf unseren FSL-300 Anlagen. Der Key wird bei der Eingabe nicht erkannt. Können Sie das prüfen? Bestell-Nr: 998822.,"Guten Tag. Vielen Dank für die Angabe der Bestellnummer. Um den Vorgang abschließen zu können, benötigen wir zusätzlich noch die Seriennummer der betroffenen FSL-300 sowie den exakten Lizenzschlüssel, den Sie zu verwenden versuchen.",Lizenzaktivierung,Software-Problem,1
606,2024-11-07,Fehler Spindel DM-500. Sensor spinnt wohl. Hilfe benötigt.,"Guten Tag. Damit wir den Sensorfehler an Ihrer DM-500 eingrenzen können, benötigen wir die exakte Fehlermeldung, die auf dem Display erscheint, sowie die Seriennummer Ihrer Maschine. Bitte prüfen Sie vorab die Steckverbindungen des Sensors auf festen Sitz.",Technische Fehlermeldung,Technische Fehlermeldung,0.9
607,2024-11-07,Software crash bei DXF import auf SCS-100. Bitte um Rückruf unter der im Auftrag hinterlegten Nummer.,"Guten Tag. Gerne unterstützen wir Sie bei der Behebung des Absturzes auf Ihrer SCS-100. Da wir für eine erste Ferndiagnose technische Daten benötigen, bitten wir Sie, uns vorab die Seriennummer der Maschine und die Softwareversion per E-Mail zuzusenden. Ein Techniker wird sich nach Erhalt dieser Daten mit Ihnen in Verbindung setzen.",Software-Problem,Software-Problem,1
608,2024-11-07,DXF Import Fehler DM-500. Version 2.1. Bitte um Lösung.,"Guten Tag. Vielen Dank für die Angaben. Bitte senden Sie uns die betroffene DXF-Datei sowie einen Screenshot der Fehlermeldung zu. Wir prüfen dann, ob ein Update für Ihre DM-500 vorliegt, das diesen Fehler behebt.",Software-Problem,Software-Problem,0.9
609,2024-11-07,Lizenz geht nicht!! Code wird nicht akzeptiert bei DM-500. Was ist da los?,"Guten Tag. Es tut uns leid, dass Sie Probleme bei der Aktivierung Ihrer DM-500 Software haben. Um Ihnen gezielt weiterhelfen zu können, benötigen wir die Seriennummer Ihrer Maschine sowie die Artikelnummer des erworbenen Lizenzpakets. Sobald uns diese Informationen vorliegen, werden wir die Gültigkeit des Codes umgehend prüfen.",Lizenzaktivierung,Software-Problem,1
610,2024-11-07,"Guten Tag, ich schreibe Ihnen bezüglich einer Anfrage für ein Praktikum in Ihrer Fertigungsabteilung. Bieten Sie im kommenden Sommer Plätze für Maschinenbaustudierende an?",Guten Tag. Vielen Dank für Ihr Interesse an unserem Unternehmen. Bitte richten Sie Ihre Bewerbungsunterlagen direkt an unsere Personalabteilung. Informationen zu unseren Karrieremöglichkeiten finden Sie zudem in unserem Karriereportal im Downloadbereich unserer Webseite.,Sonstiges,Sonstiges,1
611,2024-11-08,Haben Sie Probleme mit den neuen Keys? Bei uns geht die Aktivierung der SNU-200 nicht durch. Erscheint 'Error 403'.,"Guten Tag. Vielen Dank für den Hinweis auf die Fehlermeldung 'Error 403' bei Ihrer SNU-200. Dieser Fehler deutet oft auf eine Blockierung durch die Firewall oder fehlende Berechtigungen hin. Bitte prüfen Sie die Netzwerkeinstellungen Ihres Steuerungsrechners. Sollte dies nicht helfen, benötigen wir Ihre Lizenznummer zur weiteren Analyse.",Lizenzaktivierung,Software-Problem,0.9
612,2024-11-09,"Wir haben Probleme mit der SNU-200 Software. Nach der Installation der Version 4.2 stürzt das System bei jedem Versuch ab, eine DXF-Datei zu laden. Was ist da los?","Guten Tag. Vielen Dank für die Information zur Version 4.2. Bitte führen Sie einen Neustart der Hardware durch und prüfen Sie, ob die DXF-Datei eventuell geschützte Layer enthält. Falls das Problem bestehen bleibt, senden Sie uns bitte die Seriennummer der SNU-200 zur weiteren Diagnose.",Software-Problem,Software-Problem,1
613,2024-11-10,"Moin, wo steckt die SNU-200? Versandbestätigung fehlt komplett. Danke.","Guten Tag. Bitte entschuldigen Sie, dass Sie bisher keine Bestätigung erhalten haben. Ich habe den Vorgang geprüft: Die SNU-200 ist für den Versand am morgigen Vormittag vorgemerkt. Die Bestätigung wird automatisch generiert, sobald das Versandlabel erstellt wurde.",Lieferstatus,Lieferstatus,1
614,2024-11-10,"Guten Tag, wir benötigen eine Einweisung für unsere neuen Mitarbeiter an der HP-150. Können Sie uns hierzu Unterlagen oder Termine schicken? Art-Nr 4452.","Sehr geehrte Damen und Herren, gerne unterstützen wir bei der Einarbeitung Ihrer neuen Mitarbeiter. Neben persönlichen Terminen können wir Ihnen auch technische Dokumentationen im Downloadbereich empfehlen. Für eine individuelle Schulung vor Ort bitten wir um die Angabe der Seriennummer der HP-150.",Schulung,Schulung,1
615,2024-11-11,"Sehr geehrte Damen und Herren, bezüglich unserer Bestellung der SCS-100 vom letzten Monat müssen wir feststellen, dass der Liefertermin bereits überschritten ist. Bitte um Rückmeldung zum Verzug.","Guten Tag. Wir bedauern die Verzögerung bei der Lieferung der SCS-100 sehr. Ich werde den aktuellen Logistikstatus prüfen und klären, warum es zu der Überschreitung der Lieferfrist gekommen ist. Bitte nennen Sie mir hierfür Ihre Bestellnummer, damit ich den Vorgang sofort aufrufen kann.",Lieferstatus,Lieferstatus,1
616,2024-11-11,"Sehr geehrte Support-Abteilung, bei der Inbetriebnahme unserer neuen DM-500 tritt ein kritischer Druckfehler auf. Der Druck steigt viel zu schnell an. Bitte um zeitnahe Rückmeldung.","Guten Tag. Bitte führen Sie einen Not-Halt durch, falls der Druck sich nicht stabilisieren lässt. Kontrollieren Sie, ob das Druckbegrenzungsventil frei beweglich ist. Damit wir den Vorgang technisch prüfen können, senden Sie uns bitte die Seriennummer der Maschine und die genaue Fehlernummer zu.",Technische Fehlermeldung,Technische Fehlermeldung,0.95
617,2024-11-11,Die neue HP-150 steht hier rum und keiner weiß wie das Ding richtig läuft. Schickt mal jemanden zum Erklären. Best.Nr 44920.,"Guten Tag. Wir verstehen, dass eine zügige Einarbeitung in die HP-150 wichtig für Ihren Produktionsablauf ist. Um den passenden Techniker für eine Einweisung zu entsenden, benötigen wir bitte noch die Seriennummer der Maschine. Bitte prüfen Sie zudem, ob die grundlegende Installation bereits abgeschlossen ist, damit wir den Schulungstermin effizient planen können.",Schulung,Schulung,1
618,2024-11-11,"Sehr geehrte Damen und Herren, wir haben gestern versucht, die neue Software auf unserer DM-500 zu aktivieren. Leider wird der Key als ungültig abgelehnt. Bitte um schnelle Unterstützung.","Guten Tag. Es tut mir leid, dass Sie Schwierigkeiten bei der Aktivierung der DM-500 haben. Damit wir den Key prüfen können, benötigen wir bitte die genaue Seriennummer der Maschine sowie den verwendeten Aktivierungscode. Bitte prüfen Sie zudem, ob die Softwareversion aktuell ist.",Lizenzaktivierung,Software-Problem,0.95
619,2024-11-12,Status DM-500 / Art: 100293? Keine Info erhalten.,"Guten Tag. Vielen Dank für die Artikelnummer. Damit ich die korrekte Sendung zuordnen kann, benötige ich bitte zusätzlich Ihre Bestellnummer oder den Namen Ihres Unternehmens. Sobald mir diese Informationen vorliegen, prüfe ich den Versandstatus der DM-500 für Sie.",Lieferstatus,Lieferstatus,0.8
620,2024-11-12,Haben Sie ein Problem mit der SCS-100. Sensor zeigt Fehler. Keine Seriennummer zur Hand gerade.,"Guten Tag. Um die Ursache für den Sensorfehler bei Ihrer SCS-100 eingrenzen zu können, benötigen wir zwingend die Seriennummer der Maschine sowie den exakten Wortlaut der Fehlermeldung. Sobald uns diese Daten vorliegen, können wir prüfen, ob ein Sensor defekt ist oder ein Kalibrierungsproblem vorliegt.",Technische Fehlermeldung,Technische Fehlermeldung,0.9
621,2024-11-14,"Ersatzteil gesucht: SCS-100, Steuerungskabel, Art-Nr: 44012. Ist das auf Lager?",Guten Tag. Wir prüfen umgehend die Lagerverfügbarkeit des Steuerungskabels (Art.-Nr. 44012) für Ihr Modell SCS-100. Wir informieren Sie schnellstmöglich über den aktuellen Bestand und die Lieferfähigkeit.,Ersatzteil-Anfrage,Ersatzteil-Anfrage,1
622,2024-11-14,Wartungsplan DM-500. Bitte um Zusendung der Intervalle.,"Guten Tag, gerne senden wir Ihnen die Intervalle zu. Bitte teilen Sie uns hierfür die Seriennummer Ihrer DM-500 mit, da es je nach Baujahr unterschiedliche Wartungszyklen geben kann.",Wartung,Wartung,1
623,2024-11-15,Wir arbeiten mit dem CNCF-500 und seit dem letzten Update lassen sich keine DXF-Dateien mehr einlesen. Das bringt unsere Produktion massiv ins Stocken! Wir brauchen sofort eine Lösung!,"Guten Tag, wir verstehen die Dringlichkeit Ihrer Situation. Bitte prüfen Sie kurz, ob der Fehler bei allen DXF-Dateien oder nur bei bestimmten Layern auftritt. Damit wir den Support-Fall priorisieren können, senden Sie uns bitte Ihre Bestellnummer und das Logfile des Systemabsturzes zu.",Software-Problem,Software-Problem,0.95
624,2024-11-15,"Wir haben die Umstellung auf das neue Lizenzmodell vollzogen, aber bei der HP-150 funktioniert der Key einfach nicht. Das blockiert unsere Produktion. Wir brauchen sofort eine Lösung!",Guten Tag. Wir verstehen die Dringlichkeit aufgrund des Produktionsstopps. Bitte lassen Sie uns umgehend die Seriennummer der HP-150 sowie die Artikelnummer der Lizenz zukommen. Wir werden den Vorgang dann mit höchster Priorität prüfen.,Lizenzaktivierung,Software-Problem,0.95
625,2024-11-16,Druck zu hoch an HP-150. Maschine blockiert. Bestellnr 8829-X.,"Guten Tag. Bei einer Überdruckmeldung an der HP-150 sollte die Maschine zur Sicherheit nicht weiter betrieben werden. Bitte prüfen Sie das Druckentlastungsventil auf Funktionsfähigkeit. Um den Vorgang in unserem System zu prüfen, senden Sie uns bitte zusätzlich zur Bestellnummer auch die Seriennummer der Maschine zu.",Technische Fehlermeldung,Technische Fehlermeldung,0.9
626,2024-11-16,Wir haben ein Problem mit der FSL-300. Spindel meldet Fehlercode 0x44. Bitte um Anleitung.,"Guten Tag. Der Fehlercode 0x44 weist auf eine Unregelmäßigkeit im Spindelantrieb hin. Bitte prüfen Sie, ob die Spindel thermisch überlastet ist oder eine mechanische Blockade vorliegt. Bitte lassen Sie uns zur weiteren Prüfung die Seriennummer der FSL-300 zukommen.",Technische Fehlermeldung,Technische Fehlermeldung,1
627,2024-11-17,DXF Import geht nicht bei FSL-300. Fehlermeldung kommt sofort. Hilfe!,"Hallo. Um Ihnen bei der FSL-300 weiterhelfen zu können, benötigen wir nähere Informationen. Könnten Sie uns bitte die exakte Fehlermeldung mitteilen, die beim Import erscheint, sowie die Version der aktuell installierten Software?",Software-Problem,Software-Problem,0.9
628,2024-11-17,"Sehr geehrte Damen und Herren, wir haben Schwierigkeiten mit der Softwareversion 4.2 auf unserer CNCF-500. Bei jedem Versuch, DXF-Daten zu importieren, friert das System ein. Können Sie uns ein Downgrade oder ein neues Patch anbieten?","Guten Tag, danke für die detaillierte Beschreibung. Wir prüfen derzeit, ob für die Version 4.2 ein spezifisches Patch verfügbar ist. Bitte senden Sie uns zur Validierung Ihre Kundennummer und die Seriennummer der CNCF-500 zu. Informationen zu Downgrade-Optionen finden Sie zudem im Handbuch im Downloadbereich.",Software-Problem,Software-Problem,1
629,2024-11-17,Lizenzierungsproblem bei SCS-100. Key wird nicht akzeptiert. Bitte um Unterstützung.,Guten Tag. Bitte senden Sie uns zur Prüfung der Lizenz die entsprechende Bestellnummer sowie den verwendeten Aktivierungscode zu. Wir werden den Vorgang umgehend prüfen.,Lizenzaktivierung,Software-Problem,0.95
630,2024-11-18,Aktivierungsschlüssel für CNCF-500 schlägt fehl. Fehlercode 0x882. Bitte um Hilfe.,"Guten Tag. Vielen Dank für die Angabe des Fehlercodes. Bitte lassen Sie uns zusätzlich die Seriennummer der CNCF-500 und die Artikelnummer der Software zukommen, damit wir den Fehler im System nachvollziehen können.",Lizenzaktivierung,Software-Problem,0.95
631,2024-11-18,"Sehr geehrte Damen und Herren, seit dem letzten Software-Update unserer CNCF-500 können wir die neue Lizenz nicht mehr aktivieren. Der Key wird als ungültig abgelehnt. Bitte um schnelle Hilfe.","Guten Tag. Vielen Dank für Ihre Nachricht. Dass die Aktivierung der neuen Lizenz für Ihre CNCF-500 fehlschlägt, bedauern wir. Damit wir den Fehler prüfen können, benötigen wir bitte die genaue Fehlermeldung sowie die zu verwendende Lizenznummer. Bitte prüfen Sie vorab, ob die Systemzeit Ihres Steuerungsrechners korrekt eingestellt ist, da dies oft die Validierung verhindert.",Lizenzaktivierung,Software-Problem,1
632,2024-11-19,DM-500 Sensor defekt? Zeigt ständig falsche Werte an.,"Guten Tag. Um zu beurteilen, ob ein Sensor tatsächlich defekt ist oder ein Einstellungsfehler vorliegt, benötigen wir die Seriennummer der DM-500 sowie die genaue Bezeichnung des betroffenen Sensors. Bitte prüfen Sie vorab die Kabelverbindungen auf festen Sitz.",Technische Fehlermeldung,Technische Fehlermeldung,0.9
633,2024-11-19,"Defekt an HP-150. Seriennummer fehlt gerade, aber Modell HP-150. Bitte sagen was ihr braucht für Reklamation.","Guten Tag, gerne unterstützen wir Sie bei der Reklamation. Damit wir den Vorgang eröffnen können, benötigen wir zwingend die Seriennummer der HP-150 sowie eine kurze Beschreibung des Defekts. Sobald uns diese Daten vorliegen, prüfen wir die Garantiebedingungen.",Garantie-Reklamation,Garantie-Reklamation,0.95
634,2024-11-20,Wir haben Probleme mit der Wartung der DM-500. Das Werkzeug passt nicht ganz. Was ist da los?,"Guten Tag, das sollte nicht vorkommen. Bitte prüfen Sie, ob Sie das Werkzeug gemäß der Artikelnummer aus der Wartungsanleitung verwenden. Um den Fehler zu analysieren, benötigen wir bitte die Seriennummer der Maschine sowie die Artikelnummer des Werkzeugs, das Sie verwenden.",Wartung,Wartung,0.85
635,2024-11-22,Status CNCF-500. Warum keine Mail?,"Guten Tag, ich helfe Ihnen gerne weiter. Damit ich die fehlende Versandbestätigung für Ihre CNCF-500 finden kann, teilen Sie mir bitte Ihre Bestellnummer oder die Kundennummer mit. Vielen Dank.",Lieferstatus,Sonstiges,0.7
636,2024-11-22,Fehlermeldung bei der DM-500. Sensor defekt? Bitte um Rückmeldung.,"Guten Tag. Damit wir den Defekt prüfen können, benötigen wir die genaue Bezeichnung des betroffenen Sensors sowie die Seriennummer Ihrer DM-500. Bitte prüfen Sie auch, ob die Kabelverbindungen zum Sensor fest sitzen.",Technische Fehlermeldung,Technische Fehlermeldung,0.9
637,2024-11-22,"Sehr geehrte Support-Abteilung, im Rahmen der Wartung unserer SNU-200 (Bestell-Nr. 88421-B) ist beim Versuch, die Software zu aktualisieren, ein kritischer Fehler aufgetreten. Das System reagiert nicht mehr auf Eingaben. Bitte um Rückruf.","Sehr geehrte Damen und Herren, vielen Dank für Ihre Nachricht. Da das System nicht mehr reagiert, versuchen Sie bitte einen Kaltstart der Steuerung. Falls dies nicht hilft, benötigen wir die genaue Fehlernummer, die kurz vor dem Absturz angezeigt wurde. Wir unterstützen Sie dann umgehend bei der weiteren Fehlerdiagnose.",Software-Problem,Software-Problem,0.9
638,2024-11-23,"Guten Tag, wir haben die Maschine CNCF-500 bestellt, aber die Bestätigung über den Versand fehlt uns komplett. Bitte um Rückmeldung. Bestellnr 7721.",Guten Tag. Vielen Dank für Ihren Hinweis. Wir prüfen die Sendungsverfolgung für die Bestellung 7721 und lassen Ihnen die fehlende Versandbestätigung inklusive der Tracking-Daten schnellstmöglich zukommen.,Lieferstatus,Lieferstatus,1
639,2024-11-24,"Sehr geehrte Damen und Herren, wir haben seit dem gestrigen System-Update massive Probleme mit unserer DM-500. Die Software schließt sich jedes Mal ohne Vorwarnung, sobald wir versuchen, eine größere DXF-Datei zu laden. Bitte um schnelle Hilfe!","Guten Tag, das ist ärgerlich. Um die Ursache einzugrenzen, prüfen Sie bitte zunächst, ob die DXF-Datei nach dem neuesten Standard (R14 oder höher) gespeichert wurde. Bitte senden Sie uns zudem die genaue Versionsnummer Ihrer Software sowie das Protokoll des letzten Updates zu, damit wir den Fehler analysieren können.",Software-Problem,Software-Problem,1
640,2024-11-24,"Sehr geehrte Support-Abteilung, im Zuge der Umstellung auf das neue Lizenzmodell haben wir massive Probleme bei der Inbetriebnahme der SCS-100. Die Eingabe der Keys führt zu keiner Aktivierung. Das verzögert unsere Produktion!","Sehr geehrte Damen und Herren, wir verstehen die Dringlichkeit Ihres Anliegens. Bitte übermitteln Sie uns zur schnellen Bearbeitung die betroffenen Lizenzschlüssel sowie die Seriennummer der SCS-100. Wir werden die Aktivierungsparameter sofort mit unserem System abgleichen.",Lizenzaktivierung,Software-Problem,0.95
641,2024-11-25,Lieferung von SNU-200 verzögert? Wir haben nichts gehört.,"Guten Tag, vielen Dank für Ihre Anfrage. Wir prüfen gerne, ob für Ihre SNU-200 bereits ein Lieferverzug vorliegt. Bitte nennen Sie uns hierfür Ihre Bestellnummer oder die Seriennummer der Maschine. Wir werden Sie nach der Prüfung umgehend informieren.",Lieferstatus,Lieferstatus,1
642,2024-11-25,Brauche Angebot für Dichtungssatz FSL-300. Artikel 882-A. Wie lange dauert die Lieferung?,Guten Tag. Vielen Dank für Ihre Anfrage. Wir prüfen derzeit die aktuelle Verfügbarkeit des Dichtungssatzes (Art.-Nr. 882-A) für die FSL-300. Wir melden uns zeitnah bei Ihnen mit der voraussichtlichen Lieferzeit und einem entsprechenden Angebot.,Ersatzteil-Anfrage,Ersatzteil-Anfrage,1
643,2024-11-25,Brauche Angebot für FSL-300 Spindel. Artikel 100-22. Wie lange dauert das?,"Guten Tag, vielen Dank für Ihre Anfrage. Wir erstellen Ihnen gerne ein Angebot für die Spindel (Art.-Nr. 100-22) der FSL-300. Die voraussichtliche Lieferzeit teilen wir Ihnen direkt mit dem Angebot mit.",Ersatzteil-Anfrage,Ersatzteil-Anfrage,1
644,2024-11-25,Probleme mit dem neuen Lizenzschlüssel für die CNCF-500 (Art-Nr: 8829-X). Der Key scheint nicht zu funktionieren.,Guten Tag. Vielen Dank für die Informationen zur Artikelnummer 8829-X. Wir werden die Zuordnung des Lizenzschlüssels zu Ihrer CNCF-500 umgehend prüfen. Bitte halten Sie für Rückfragen die Seriennummer der Maschine bereit.,Lizenzaktivierung,Software-Problem,0.95
645,2024-11-26,"Betreff: Lieferverzug SNU-200. Sehr geehrte Damen und Herren, die angekündigte Lieferung unserer SNU-200 (Art.-Nr. SNU-99-X) ist bereits drei Tage überfällig. Wir benötigen die Maschine dringend für einen Produktionsauftrag. Bitte um sofortige Klärung!","Sehr geehrte Damen und Herren, wir bedauern die Verzögerung bei Ihrer Lieferung der SNU-200 sehr. Nach Rücksprache mit unserer Logistik gab es eine kurzfristige Verzögerung beim Transportdienstleister. Wir setzen alles daran, die Maschine schnellstmöglich an Sie auszuliefern und informieren Sie spätestens morgen Vormittag über den neuen Lieferzeitpunkt.",Lieferstatus,Lieferstatus,1
646,2024-11-26,"Hallo, wir haben das Modell DM-500 bestellt (Art.-Nr. 88-452-X). Können wir dazu auch eine Schulung bekommen? Was kostet das extra?",Guten Tag. Vielen Dank für Ihre Nachricht zur DM-500. Eine zusätzliche Schulung für Ihr Personal ist jederzeit möglich. Wir erstellen Ihnen hierzu gerne ein individuelles Angebot. Bitte nennen Sie uns für die Kalkulation noch die gewünschte Dauer der Schulung (Halbtag oder ganztägig) sowie den Standort der Maschine.,Schulung,Schulung,1
647,2024-11-27,"Anfrage bezüglich Fehlermeldung bei Modell SNU-200. Die Hydraulik scheint nicht den nötigen Druck aufzubauen. Wir haben bereits die Leitungen geprüft, aber ohne Erfolg.","Guten Tag. Da die Leitungen bereits geprüft wurden, bitten wir Sie, das Druckventil sowie den Filter auf Verstopfungen zu untersuchen. Bitte nennen Sie uns zur weiteren Unterstützung die Seriennummer der SNU-200 sowie die aktuelle Softwareversion Ihrer Steuerung.",Technische Fehlermeldung,Technische Fehlermeldung,0.95
648,2024-11-27,Ich kann keine Zeichnungen mehr in die FSL-300 laden. Das Programm stürzt jedes Mal ab. Was ist da los?,"Guten Tag. Um das Problem mit Ihrer FSL-300 zu lösen, benötigen wir bitte die Seriennummer der Maschine und die installierte Softwareversion. Bitte prüfen Sie zudem, ob der Fehler auch bei anderen Dateiformaten auftritt oder ob die DXF-Dateien möglicherweise durch einen anderen Software-Konverter erstellt wurden.",Software-Problem,Software-Problem,1
649,2024-11-27,"Guten Tag, bei unserer HP-150 (Bestellnummer: ENDI-99283-X) gibt es massive Probleme mit der Software. Jedes Mal, wenn wir eine DXF-Datei importieren wollen, stürzt das gesamte Programm ab. Das behindert unseren Produktionsablauf erheblich. Wir benötigen dringend eine Lösung oder ein Update. Vielen Dank.","Guten Tag, vielen Dank für Ihre Nachricht. Wir verstehen, dass diese Software-Abstürze Ihren Produktionsbetrieb beeinträchtigen. Um die Problematik schnellstmöglich zu lösen, führen Sie bitte folgende Schritte durch: 1. Prüfen Sie, ob die betroffenen DXF-Dateien in einer anderen Version gespeichert werden können. 2. Überprüfen Sie im Handbuch im Downloadbereich, ob für Ihre HP-150 ein aktuelles Software-Patch verfügbar ist. Sollte dies nicht helfen, senden Sie uns bitte die genaue Fehlermeldung und die Software-Versionsnummer zu, damit wir den Fall an unsere Technik weiterleiten können.",Software-Problem,Software-Problem,1
650,2024-11-27,Software-Lizenz für DM-500 geht nicht. Bitte schnell klären!,"Guten Tag. Um den Vorgang bearbeiten zu können, benötigen wir die Seriennummer der DM-500 sowie die Artikelnummer der Software. Bitte nennen Sie uns auch die genaue Fehlermeldung, die während der Aktivierung erscheint.",Lizenzaktivierung,Software-Problem,1
651,2024-11-28,Anfrage zu Liefertermin HP-150. Wo bleibt die Bestätigung?,"Guten Tag. Gerne helfen wir Ihnen weiter. Bitte teilen Sie uns die zugehörige Bestellnummer oder die Artikelnummer mit, damit wir den Status der HP-150 und den Versandvorgang für Sie prüfen können.",Lieferstatus,Lieferstatus,1
652,2024-11-28,Wir benötigen kurzfristig eine Ersatz-Steuerplatine für das Modell SNU-200. Bitte senden Sie uns ein Angebot mit schnellstmöglicher Lieferzeit zu. Best.-Nr. 88291-A.,"Guten Tag, vielen Dank für Ihre Nachricht. Wir haben Ihre Anfrage zur Steuerplatine für die SNU-200 erhalten. Wir prüfen derzeit die Verfügbarkeit und erstellen das gewünschte Angebot inklusive der schnellstmöglichen Lieferzeit. Sie erhalten dieses in Kürze per E-Mail.",Ersatzteil-Anfrage,Ersatzteil-Anfrage,1
653,2024-11-28,Preisanfrage: Ersatzteil Nr. 1002-XY für FSL-300. Wie lange dauert der Versand nach München?,"Guten Tag. Vielen Dank für Ihre Anfrage. Wir erstellen Ihnen gerne ein Angebot für das Ersatzteil Nr. 1002-XY für die FSL-300. Die voraussichtliche Lieferzeit nach München können wir Ihnen im Angebot mit angeben, sobald wir die aktuelle Bestandsaufnahme abgeschlossen haben. Wir melden uns kurzfristig bei Ihnen.",Ersatzteil-Anfrage,Ersatzteil-Anfrage,0.95
654,2024-11-28,"Echt mühsam, die FSL-300 meldet ständig 'Sensor defekt'. Was soll das?","Guten Tag. Wir verstehen Ihren Unmut. Um die Ursache für die Sensorwarnung zu finden, benötigen wir bitte die Seriennummer der FSL-300 und die genaue Bezeichnung des Sensors aus der Fehlermeldung. Bitte prüfen Sie vorab die Verkabelung auf sichtbare Beschädigungen.",Technische Fehlermeldung,Technische Fehlermeldung,0.9
655,2024-11-28,Haben Sie Infos zu Druckproblemen bei der HP-150? Meldung: 'Druck zu niedrig'.,"Guten Tag. Um Ihnen spezifische Informationen geben zu können, benötigen wir bitte die Seriennummer Ihrer HP-150 sowie die aktuelle Softwareversion. Bitte prüfen Sie in der Zwischenzeit die Dichtungen und den Stand der Betriebsflüssigkeiten.",Technische Fehlermeldung,Technische Fehlermeldung,0.9
656,2024-11-28,DM-500 läuft nicht mehr. Fehlercode E-402. Garantie läuft noch. Was nun?,"Guten Tag. Vielen Dank für Ihre Nachricht. Damit wir den Vorfall unter der Garantie abwickeln können, senden Sie uns bitte Ihre Kundennummer oder die entsprechende Bestellnummer der DM-500 zu. Wir werden den Fehlercode E-402 umgehend mit der technischen Dokumentation abgleichen.",Garantie-Reklamation,Garantie-Reklamation,0.95
657,2024-11-28,Termin für Schulung CNCF-500 gesucht. Dringend!!,"Guten Tag, wir verstehen die Dringlichkeit. Um schnellstmöglich einen Termin für die CNCF-500 zu finden, benötigen wir bitte die Seriennummer des Geräts sowie die Anzahl der Personen, die geschult werden sollen. Wir bemühen uns um eine kurzfristige Rückmeldung.",Schulung,Schulung,1
658,2024-12-01,Status SNU-200? Best.Nr 88271-X. Lieferung überfällig!,"Guten Tag, ich habe den Status zu Ihrer Bestellung 88271-X (SNU-200) geprüft. Aufgrund einer kurzfristigen Lieferverzögerung bei einer Komponente hat sich der Versand um drei Werktage verschoben. Die Maschine wird nun am kommenden Donnerstag verladen. Wir bitten die Unannehmlichkeiten zu entschuldigen.",Lieferstatus,Lieferstatus,1
659,2024-12-02,Wir brauchen Werkzeug für Wartung SNU-200. Welche Art?,"Guten Tag, die SNU-200 benötigt für die regelmäßige Wartung ein spezielles Justier-Set (Artikelnummer siehe Handbuch). Um sicherzustellen, dass Sie die richtige Version für Ihr Modell erhalten, benötigen wir bitte Ihre Seriennummer.",Wartung,Wartung,0.9
660,2024-12-02,"Guten Tag, bei unserer SCS-100 ist der Hydraulikschlauch am Anschluss undicht. Das Gerät ist noch innerhalb der Gewährleistung. Wie läuft die Abwicklung?","Guten Tag. Vielen Dank für Ihre Information. Um den Fall zu eröffnen, benötigen wir bitte die Seriennummer der SCS-100 sowie die genaue Artikelnummer des betroffenen Schlauchsegments. Wir prüfen dann, ob der Schaden durch die Garantie abgedeckt ist und wie die Ersatzteilversorgung erfolgt.",Garantie-Reklamation,Garantie-Reklamation,0.95
661,2024-12-03,"Sehr geehrte Damen und Herren, leider müssen wir feststellen, dass die angekündigte Lieferung der SCS-100 nicht termingerecht eingetroffen ist. Bitte teilen Sie uns den neuen Liefertermin mit. Bestellnr: ENDI-8827.",Guten Tag. Bitte entschuldigen Sie die Verzögerung bei Ihrer Bestellung ENDI-8827. Nach Rücksprache mit unserer Logistik verzögert sich die Auslieferung der SCS-100 aufgrund einer kurzfristigen Verzögerung in der Transportkette. Wir rechnen mit der Zustellung bis spätestens nächsten Donnerstag. Wir bitten die Unannehmlichkeiten zu entschuldigen.,Lieferstatus,Lieferstatus,1
662,2024-12-04,"Status update zu SCS-100 (Bestellnr: ENDI-7721). Versand wurde angekündigt, aber nichts ist angekommen.","Guten Tag, vielen Dank für Ihre Nachricht. Ich habe den Status Ihrer Bestellung ENDI-7721 geprüft. Die SCS-100 wurde bereits verladen, jedoch gab es eine Verzögerung bei der Routenplanung des Spediteurs. Die Sendung wird voraussichtlich morgen bei Ihnen eintreffen. Bitte prüfen Sie gegebenenfalls auch Ihren Spam-Ordner auf die Bestätigungsmail.",Lieferstatus,Lieferstatus,1
663,2024-12-05,"Sehr geehrte Damen und Herren, an unserer FSL-300 erscheint die Meldung 'Spindel-Warnung: Überlast'. Wir haben die Parameter bereits geprüft, aber der Fehler bleibt. Wie gehen wir weiter vor?","Guten Tag. Wenn die Parameter bereits geprüft wurden, bitten wir Sie, die mechanische Laufruhe der Spindel zu testen und auf ungewöhnliche Vibrationen zu achten. Bitte senden Sie uns zur Diagnose die Seriennummer der FSL-300 sowie das letzte Maschinenprotokoll (Log-File) zu.",Technische Fehlermeldung,Technische Fehlermeldung,1
664,2024-12-05,Rechnungsempfänger muss angepasst werden. Neue Adresse folgt nach Mail.,"Guten Tag. Gerne helfen wir Ihnen weiter. Bitte teilen Sie uns die neue Adresse sowie Ihre Kundennummer oder eine Bestellnummer mit, damit wir die Stammdaten aktualisieren können.",Sonstiges,Sonstiges,1
665,2024-12-06,SCS-100 Lieferung verspätet. Was ist da los? Wir brauchen die Maschine für die Produktion nächste Woche.,"Guten Tag. Wir verstehen die Dringlichkeit für Ihre Produktionsplanung. Bitte nennen Sie uns Ihre Bestellnummer, damit wir den aktuellen Standort der SCS-100 prüfen und Ihnen eine realistische Ankunftszeit mitteilen können.",Lieferstatus,Lieferstatus,1
666,2024-12-06,"Sehr geehrte Damen und Herren, leider konnten wir bisher keinen Wareneingang der FSL-300 verzeichnen, obwohl die Lieferung laut System bereits letzte Woche hätte erfolgen sollen. Bitte um Statusupdate.","Guten Tag. Wir bedauern die Unannehmlichkeiten. Wir werden umgehend die Abwicklung mit unserem Spediteur prüfen, um festzustellen, wo die FSL-300 verblieben ist, und geben Ihnen zeitnah eine Rückmeldung.",Lieferstatus,Lieferstatus,1
667,2024-12-06,"CNCF-500 Spindel-Warnung. Alles normal bei uns, aber die Kiste nervt mit Warnungen.","Guten Tag, auch wenn der Betrieb scheinbar normal läuft, sollten wir der Warnung an der CNCF-500 nachgehen, um einen Ausfall zu vermeiden. Bitte nennen Sie uns die Seriennummer und den exakten Wortlaut der Warnung. Prüfen Sie bitte auch, ob die Spindelkühlung ausreichend arbeitet.",Technische Fehlermeldung,Technische Fehlermeldung,0.95
668,2024-12-06,"Sehr geehrte Damen und Herren, im Rahmen der Wartung unserer DM-500 (Bestellnummer 44590-B) haben wir festgestellt, dass die aktuelle Softwareversion nicht mehr alle DXF-Formate unterstützt. Können Sie uns Informationen zum nächsten Release geben?","Guten Tag. Vielen Dank für Ihre Anfrage. Wir arbeiten kontinuierlich an der Optimierung der Import-Schnittstellen. Informationen zu anstehenden Software-Releases finden Sie regelmäßig in unserem Downloadbereich im Handbuch. Gerne prüfen wir für Sie, ob ein aktuelles Patch für Ihre spezifische Version bereits verfügbar ist, sobald Sie uns die genaue Versionsnummer nennen.",Software-Problem,Software-Problem,0.9
669,2024-12-06,"Moin, schickt ihr uns eine Einladung zur Fachmesse in Hannover? Wir haben Interesse an der neuen CNCF-500.","Moin. Vielen Dank für Ihr Interesse an der CNCF-500. Wir senden Ihnen gerne Informationen zu unserem Messeauftritt zu. Bitte lassen Sie uns dazu Ihre geschäftliche E-Mail-Adresse und Ihren Firmennamen zukommen, damit wir Sie in unseren Verteiler aufnehmen können.",Sonstiges,Sonstiges,1
670,2024-12-07,"Guten Tag, wir haben Probleme mit der Software-Stabilität unserer SNU-200. Es kommt zu sporadischen Abstürzen während der Dateiübergabe. Bestell-Nr: 998877. Software: v2.1.","Guten Tag. Vielen Dank für die bereits mitgelieferten Daten. Da die Abstürze sporadisch auftreten, empfehlen wir zunächst, die System-Logfiles zu prüfen. Bitte senden Sie uns die Seriennummer der SNU-200 zu, damit wir die v2.1 mit den neuesten Patch-Ständen abgleichen können.",Software-Problem,Software-Problem,1
671,2024-12-08,Die SNU-200 zeigt 'Übertemperatur' an. Alles andere sieht normal aus. Artikel 445-B.,"Guten Tag. Vielen Dank für die Information. Bitte prüfen Sie bei der SNU-200, ob die Umgebungstemperatur im Raum zu hoch ist oder ob die interne Lüftung blockiert wird. Für eine genauere Analyse der Komponentendaten benötigen wir bitte zusätzlich die Seriennummer der Maschine.",Technische Fehlermeldung,Technische Fehlermeldung,1
672,2024-12-09,Haben Sie Ersatz für die HP-150? Irgendwas mit der Steuerung. Keine Ahnung welche Nummer. Melden Sie sich.,"Guten Tag, um Ihnen bei der Suche nach dem passenden Ersatzteil für die Steuerung Ihrer HP-150 behilflich zu sein, benötigen wir weitere Informationen. Bitte nennen Sie uns die Seriennummer der Maschine sowie, falls möglich, die genaue Bezeichnung oder Artikelnummer des defekten Bauteils. Ohne diese Angaben können wir keine spezifische Auswahl treffen.",Ersatzteil-Anfrage,Ersatzteil-Anfrage,0.9
673,2024-12-10,"Sehr geehrte Damen und Herren, wir warten bereits seit zwei Wochen auf die Lieferung unserer CNCF-500. Bisher haben wir keinerlei Versandinformationen erhalten. Bitte prüfen Sie den Status umgehend.","Guten Tag. Wir verstehen, dass die zeitnahe Bereitstellung der CNCF-500 für Ihren Produktionsplan wichtig ist. Um den aktuellen Status in unserem Logistiksystem abrufen zu können, benötigen wir bitte Ihre Bestellnummer oder die entsprechende Auftragsreferenz. Sobald uns diese vorliegt, werden wir die Sendungsverfolgung prüfen und Sie informieren.",Lieferstatus,Lieferstatus,1
674,2024-12-10,Status Lieferung FSL-300 bitte. Hab keine Info erhalten.,"Guten Tag. Bitte lassen Sie uns Ihre Bestellnummer oder die Kundennummer zukommen, damit wir den Lieferstatus der FSL-300 für Sie abfragen können. Vielen Dank.",Lieferstatus,Lieferstatus,1
675,2024-12-10,Anfrage bezüglich Fehlermeldung Druck bei Modell HP-150. Wir benötigen technische Unterstützung.,"Guten Tag. Um Ihnen bei der Druckproblematik der HP-150 helfen zu können, benötigen wir bitte die Seriennummer der Maschine sowie die Information, ob der Druck zu hoch oder zu niedrig ist. Bitte prüfen Sie auch die Dichtungen der Hauptleitungen auf sichtbare Schäden.",Technische Fehlermeldung,Technische Fehlermeldung,1
676,2024-12-10,Wann muss die nächste Inspektion bei der FSL-300 gemacht werden? Die Betriebsstunden sind bald erreicht.,"Hallo. Die Intervalle hängen von der spezifischen Ausführung Ihrer FSL-300 ab. Bitte nennen Sie uns die Seriennummer der Maschine und die aktuelle Softwareversion, damit wir Ihnen die genauen Intervalle aus unserem System auslesen können.",Wartung,Wartung,1
677,2024-12-10,Aktivierungscode für SNU-200 wird nicht akzeptiert. Schon wieder Probleme mit der neuen Lizenzumstellung. Das ist sehr ärgerlich.,"Guten Tag. Wir bedauern die Unannehmlichkeiten durch die Umstellung. Damit wir die Fehlfunktion Ihres Codes für die SNU-200 beheben können, senden Sie uns bitte den Code sowie die Seriennummer der Maschine zu. Wir werden die Aktivierung umgehend validieren.",Lizenzaktivierung,Software-Problem,0.95
678,2024-12-11,"Sehr geehrte Damen und Herren, wir warten nun schon seit über zwei Wochen auf die angekündigte Lieferung unserer DM-500 Fräsmaschine. Bisher haben wir keinerlei Versandbestätigung erhalten. Könnten Sie bitte den aktuellen Status prüfen? Vielen Dank im Voraus.","Guten Tag. Es tut mir leid, dass Sie bisher keine Informationen zum Versand erhalten haben. Damit ich den Status Ihrer DM-500 prüfen kann, benötige ich bitte Ihre Bestellnummer. Sobald mir diese vorliegt, werde ich umgehend die Logistik kontaktieren und Sie über den aktuellen Stand informieren.",Lieferstatus,Lieferstatus,1
679,2024-12-11,"Hallo, ich habe eine Bestellung über eine SNU-200 bei euch aufgegeben, aber die Versandmail ist wohl untergegangen oder kam nie an. Kann man mal gucken, wann das Teil kommt? Bestellnr: 88291-X.","Hallo. Vielen Dank für Ihre Nachricht. Ich habe die Bestellung 88291-X geprüft. Die SNU-200 befindet sich aktuell in der Endmontage und wird voraussichtlich in den nächsten drei Werktagen unser Lager verlassen. Sie erhalten automatisch eine Versandbestätigung inklusive Tracking-Link, sobald die Ware verladen wurde.",Lieferstatus,Lieferstatus,1
680,2024-12-11,Wartung SCS-100. Plan geschickt?,"Guten Tag. Um Ihnen den korrekten Wartungsplan für die SCS-100 zusenden zu können, benötigen wir bitte die Seriennummer des Geräts. Bitte lassen Sie uns diese kurzfristig zukommen.",Wartung,Wartung,1
681,2024-12-12,Fehler bei Lizenz-Eingabe SCS-100. Code stimmt laut Mail aber. Was ist da los?,"Guten Tag. Bitte gleichen Sie noch einmal ab, ob keine Leerzeichen vor oder nach dem Code eingegeben wurden. Sollte dies nicht helfen, senden Sie uns bitte den Code sowie die Seriennummer der SCS-100 zu, damit wir eine manuelle Freischaltung prüfen können.",Lizenzaktivierung,Software-Problem,0.95
682,2024-12-12,Brauche Bestätigung über den Erhalt der Zahlung für Bestellung 100922.,"Guten Tag, vielen Dank für Ihre Nachricht. Wir prüfen den Zahlungseingang zur Bestellung 100922 umgehend in unserer Buchhaltung. Sobald die Verrechnung abgeschlossen ist, senden wir Ihnen die gewünschte Bestätigung zu.",Sonstiges,Sonstiges,1
683,2024-12-13,"Guten Tag, wir haben die DM-500 (Bestellnummer: ENDI-88273) vor kurzem bestellt, aber die Tracking-Nummer fehlt in unserem Portal. Könnten Sie uns diese bitte nachreichen?",Guten Tag. Vielen Dank für den Hinweis. Ich habe die Bestellung ENDI-88273 geprüft. Die Maschine wurde bereits verladen. Die entsprechende Versandbestätigung inklusive der Tracking-Daten wird Ihnen in Kürze separat per E-Mail zugestellt.,Lieferstatus,Lieferstatus,1
684,2024-12-13,Fehler an DM-500. Druck zu niedrig. Hilfe!,"Hallo. Um Ihnen helfen zu können, benötigen wir weitere Details. Bitte prüfen Sie die Druckanzeige am Manometer und geben Sie uns Bescheid, welcher exakte Wert angezeigt wird. Zudem benötigen wir die Seriennummer der DM-500, um die passende Dokumentation aufzurufen.",Technische Fehlermeldung,Technische Fehlermeldung,0.9
685,2024-12-13,Intervall Wartung SNU-200. Bitte senden.,"Guten Tag, um Ihnen die korrekten Intervalle für Ihre SNU-200 nennen zu können, benötigen wir bitte die Seriennummer der Maschine. Diese finden Sie auf dem Typenschild an der Rückseite des Gehäuses.",Wartung,Wartung,1
686,2024-12-14,Software-Key für DM-500 funktioniert nicht. Was ist da los?,"Guten Tag. Damit wir die Ursache finden können, benötigen wir bitte die exakte Fehlermeldung, die beim Eingeben des Keys erscheint, sowie die dazugehörige Bestellnummer.",Lizenzaktivierung,Software-Problem,1
687,2024-12-15,"Sehr geehrte Damen und Herren, leider müssen wir feststellen, dass die angekündigte Lieferung der SCS-100 (Art.-Nr. 882-X) nicht zum vereinbarten Termin eingetroffen ist. Wir bitten um eine dringende Stellungnahme zum Verzug.","Guten Tag. Wir bedauern die Verzögerung bei der Lieferung Ihrer SCS-100 sehr. Aufgrund einer kurzfristigen Lieferverzögerung bei einem Komponenten-Zulieferer hat sich der Versand um drei Werktage verschoben. Wir setzen alles daran, die Maschine schnellstmöglich an Sie zu übergeben und informieren Sie proaktiv über den neuen Liefertermin.",Lieferstatus,Lieferstatus,1
688,2024-12-15,"Sehr geehrte Damen und Herren, im Rahmen unserer Wartungsarbeiten an der CNCF-500 mussten wir die Software aktualisieren. Leider lässt sich der neue Lizenzschlüssel, den wir per Mail erhalten haben, nicht eingeben. Es erscheint die Meldung 'Ungültiger Key'. Bitte um zeitnahe Unterstützung, da die Maschine stillsteht. Mit freundlichen Grüßen, Müller GmbH.","Guten Tag, vielen Dank für Ihre Nachricht. Dass die CNCF-500 aktuell nicht betriebsbereit ist, bedauern wir sehr. Um die Ursache für die Fehlermeldung zu prüfen, benötigen wir bitte folgende Informationen von Ihnen: 1. Die genaue Softwareversion, die Sie aktuell installieren möchten, 2. Die Seriennummer der Steuerungseinheit sowie 3. Einen Screenshot oder den exakten Wortlaut der Fehlermeldung. Sobald uns diese Daten vorliegen, werden wir die Gültigkeit Ihres Schlüssels umgehend prüfen.",Lizenzaktivierung,Software-Problem,0.95
689,2024-12-18,Brauche Angebot für Dichtungssatz FSL-300. Artikel 882-99. Wie lange Lieferzeit?,"Guten Tag. Vielen Dank für Ihre Nachricht. Wir prüfen gerne die aktuelle Verfügbarkeit des Dichtungssatzes für die FSL-300 (Art.-Nr. 882-99). Bitte lassen Sie uns noch die Seriennummer Ihrer Maschine zukommen, damit wir sicherstellen können, dass die Dichtungen zur aktuellen Revision passen. Nach Erhalt der Daten senden wir Ihnen das Angebot inklusive der voraussichtlichen Lieferzeit zu.",Ersatzteil-Anfrage,Ersatzteil-Anfrage,1
690,2024-12-18,"Guten Tag, wir haben bei der CNCF-500 ein Problem mit einem Sensor. Er scheint nicht mehr korrekt zu arbeiten, da ständig Warnmeldungen kommen. Modellnummer: CNCF-500-X2.","Guten Tag. Um zu bestimmen, welcher Sensor betroffen ist, benötigen wir die Seriennummer Ihrer Maschine sowie die genaue Bezeichnung oder Nummer des betroffenen Sensors aus der Fehlermeldung. Bitte prüfen Sie parallel, ob die Steckverbindungen am Sensor fest sitzen.",Technische Fehlermeldung,Technische Fehlermeldung,0.95
691,2024-12-18,"Hallo, bei der SNU-200 (Art.-Nr. 8821) scheint die Elektronik einen Schlag zu haben. Display bleibt schwarz. Was muss ich tun für den Garantieservice?","Guten Tag. Das ist ärgerlich. Bitte prüfen Sie vorab, ob die Stromversorgung stabil ist. Für die Einleitung der Garantieprüfung benötigen wir zusätzlich zur Artikelnummer bitte noch die Seriennummer der Einheit sowie das Datum des ersten Inbetriebnehmens.",Garantie-Reklamation,Garantie-Reklamation,1
692,2024-12-18,Key für HP-150 funktioniert ncht. Fehlermeldung: 'Invalid License'. Hilfe!,"Guten Tag. Um Ihnen bei der HP-150 zu helfen, benötigen wir bitte die genaue Bezeichnung des Lizenzschlüssels, den Sie verwenden möchten, sowie die Seriennummer des Geräts. Bitte stellen Sie zudem sicher, dass die Maschine eine aktive Internetverbindung zur Validierung hat.",Lizenzaktivierung,Software-Problem,1
693,2024-12-18,"Moin, versuche Software auf DM-500 zu aktivieren. Key wird abgelehnt. Irgendwas stimmt mit dem neuen System nicht.","Guten Tag. Damit wir die Probleme mit dem neuen Lizenzsystem bei Ihrer DM-500 lösen können, senden Sie uns bitte den Lizenzschlüssel sowie die Seriennummer der Maschine zu. Wir prüfen dann sofort den Aktivierungsstatus.",Lizenzaktivierung,Software-Problem,1
694,2024-12-18,Software-Key für FSL-300 ist ungültig. Haben die neuen Lizenzen vielleicht ein anderes Format?,"Guten Tag. Ja, im Zuge der Umstellung wurden die Formate angepasst. Bitte senden Sie uns zur Prüfung Ihren aktuellen Aktivierungscode sowie die Seriennummer der FSL-300 zu, damit wir sicherstellen können, dass der richtige Key für Ihr Modell vorliegt.",Lizenzaktivierung,Software-Problem,1
695,2024-12-19,"Sehr geehrte Damen und Herren, wir benötigen für unsere CNCF-500 dringend ein neues Dichtungssatz für die Hydraulik. Könnten Sie uns hierzu bitte ein Angebot unterbreiten? Die Seriennummer der Maschine lautet ENDI-99283-X.","Sehr geehrte Damen und Herren, vielen Dank für Ihre Anfrage. Gerne erstellen wir Ihnen ein Angebot für den benötigten Dichtungssatz. Damit wir die exakte Spezifikation für Ihre CNCF-500 sicherstellen können, benötigen wir bitte noch die genaue Artikelnummer des Dichtungssatzes aus Ihrem Ersatzteilkatalog oder ein Foto des Typenschilds der betroffenen Baugruppe. Sobald uns diese Information vorliegt, senden wir Ihnen das Angebot umgehend zu.",Ersatzteil-Anfrage,Ersatzteil-Anfrage,1
696,2024-12-20,Anfrage bezüglich Ersatzteil für SCS-100. Wir benötigen 5 Stück. Bitte um Angebot unter Berücksichtigung von Mengenrabatt.,"Sehr geehrte Damen und Herren, vielen Dank für Ihre Anfrage. Gerne erstellen wir Ihnen ein Angebot über 5 Einheiten des SCS-100 Sensors. Bitte teilen Sie uns hierfür noch die genaue Artikelnummer des Sensors mit, da es verschiedene Revisionen gibt. Ein entsprechendes Angebot lassen wir Ihnen nach Erhalt der Daten zukommen.",Ersatzteil-Anfrage,Ersatzteil-Anfrage,1
697,2024-12-21,Wir benötigen dringend Informationen zur Auslieferung der CNCF-500. Bisher ist nichts passiert. Bitte prüfen Sie das.,"Guten Tag. Wir verstehen die Dringlichkeit. Bitte nennen Sie uns Ihre Bestellnummer oder die Artikelnummer der CNCF-500, damit wir den aktuellen Status der Sendung und den voraussichtlichen Lieferzeitpunkt prüfen können.",Lieferstatus,Lieferstatus,1
698,2024-12-22,"Moin, brauchen infos zu intervallen für FSL-300. Wann muss was gemacht werden?","Hallo. Die Wartungsintervalle für die FSL-300 hängen von der jeweiligen Betriebsstundenzahl ab. Eine detaillierte Übersicht der Intervalle finden Sie in Ihrem Betriebshandbuch im Downloadbereich unserer Website. Sollten Sie spezifische Fragen zu einem bestimmten Bauteil haben, lassen Sie es uns wissen.",Wartung,Wartung,0.9
699,2024-12-22,Garantiefrage: Die HP-150 zeigt Error Code E-04. Was ist das und wie läuft die Abwicklung?,"Guten Tag. Der Fehler E-04 deutet auf eine Unregelmäßigkeit im Antriebssystem hin. Bitte übermitteln Sie uns die Seriennummer der HP-150 und bestätigen Sie uns, ob die Maschine gemäß den Wartungsintervallen im Handbuch im Downloadbereich gewartet wurde. Wir prüfen dann umgehend den Garantieanspruch.",Garantie-Reklamation,Garantie-Reklamation,0.9
700,2024-12-23,"Guten Tag, wir haben die SNU-200 bestellt aber keine Versandinfo bekommen. Bitte um Info.","Guten Tag. Gerne unterstütze ich Sie bei der Klärung. Damit ich den Status der SNU-200 ermitteln kann, benötige ich bitte Ihre Bestellnummer oder die Artikelnummer aus Ihrem Auftrag.",Lieferstatus,Lieferstatus,1
701,2024-12-23,Unsere CNCF-500 zeigt seit kurzem einen niedrigen Druck an. Die Arbeit geht nicht weiter. Was ist das Problem?,"Guten Tag. Ein niedriger Druck kann verschiedene Ursachen haben, etwa ein Leck oder ein defektes Ventil. Bitte prüfen Sie die Dichtungen und den Flüssigkeitsstand. Für eine gezielte Diagnose benötigen wir die Seriennummer der Maschine sowie die genaue Fehlernummer aus dem Systemprotokoll.",Technische Fehlermeldung,Technische Fehlermeldung,0.95
702,2024-12-24,Haben Sie die HP-150 schon verschickt? Wir brauchen die Info dringend für unsere Produktionsplanung.,"Guten Tag. Um die HP-150 in unserem System zu finden, teilen Sie mir bitte kurz Ihre Bestellnummer oder die Seriennummer mit. Ich werde den Versandstatus umgehend für Sie abfragen.",Lieferstatus,Lieferstatus,1
703,2024-12-24,Status zu SNU-200? Lieferung verspätet?,"Guten Tag. Um den Lieferstatus der SNU-200 verifizieren zu können, benötigen wir die zugehörige Bestellnummer oder die Kundenkontonummer. Bitte lassen Sie uns diese Informationen zukommen, damit wir die Verzögerung untersuchen können.",Lieferstatus,Lieferstatus,1
704,2024-12-24,Was kostet ein Kabelsatz für die CNCF-500? Und wie lange dauert der Versand?,"Guten Tag, für die Erstellung eines Angebots für den Kabelsatz Ihrer CNCF-500 benötigen wir bitte die Seriennummer der Maschine, um die korrekte Kabellänge und -konfiguration zu bestimmen. Nach Erhalt der Daten informieren wir Sie über den Preis und die voraussichtliche Lieferdauer.",Ersatzteil-Anfrage,Ersatzteil-Anfrage,0.95
705,2024-12-24,Liefertermin für FSL-300 Ersatzteil 77-B? Dringend!,"Guten Tag. Für die Prüfung des Liefertermins für das Ersatzteil 77-B benötigen wir bitte die Seriennummer Ihrer FSL-300, um sicherzustellen, dass es sich um die korrekte Revision handelt. Vielen Dank für Ihre Mithilfe.",Ersatzteil-Anfrage,Lieferstatus,0.9
706,2024-12-24,Ersatzteil gesucht. Maschine SCS-100. Was kostet das Lagerrad?,"Guten Tag, gerne erstellen wir Ihnen ein Angebot für das Lagerrad der SCS-100. Da es für dieses Modell verschiedene Ausführungen gibt, benötigen wir bitte die Seriennummer Ihrer Maschine, um das korrekte Teil zu identifizieren.",Ersatzteil-Anfrage,Ersatzteil-Anfrage,1
707,2024-12-24,Fehlermeldung Sensor bei SNU-200. Gerät läuft nicht mehr richtig.,"Guten Tag. Damit wir die Fehlerquelle eingrenzen können, benötigen wir die genaue Fehlernummer oder den Text der Sensor-Warnung. Bitte übermitteln Sie uns zudem die Seriennummer der SNU-200 und prüfen Sie, ob die Kabelverbindungen zum Sensor fest sitzen.",Technische Fehlermeldung,Technische Fehlermeldung,1
708,2024-12-24,"Guten Tag, wir haben vor kurzem eine DM-500 bei Ihnen erworben. Könnten Sie uns bitte den detaillierten Wartungsplan zukommen lassen, damit wir unsere Instandhaltung planen können?","Guten Tag. Gerne senden wir Ihnen den entsprechenden Wartungsplan zu. Damit wir das Dokument exakt auf Ihre Maschinenkonfiguration abstimmen können, benötigen wir bitte noch die Seriennummer Ihrer DM-500. Sobald uns diese vorliegt, lassen wir Ihnen die Unterlagen zukommen.",Wartung,Wartung,0.9
709,2024-12-25,"Sehr geehrte Support-Abteilung, leider weist unsere DM-500 einen Defekt am Gehäuse auf. Da die Kaufzeit weniger als 24 Monate zurückliegt, möchten wir dies reklamieren. Wie ist die Abwicklung?","Guten Tag. Um die Reklamation des Gehäuses der DM-500 bearbeiten zu können, benötigen wir bitte die Seriennummer der Maschine sowie Fotos der betroffenen Stelle. Wir werden den Fall dann intern prüfen und Ihnen eine Rückmeldung zum weiteren Vorgehen geben.",Garantie-Reklamation,Garantie-Reklamation,1
710,2024-12-26,Probleme mit Lizenz SNU-200. Key ungültig.,"Guten Tag. Um Ihnen weiterhelfen zu können, benötigen wir bitte die Artikelnummer der Lizenz sowie die Seriennummer der Maschine SNU-200. Bitte geben Sie auch an, welche Softwareversion Sie aktuell nutzen.",Lizenzaktivierung,Software-Problem,0.95
711,2024-12-26,Software Lizenz geht nicht. Hilfe.,"Guten Tag. Gerne helfen wir Ihnen bei Ihrem Anliegen. Damit wir das Problem identifizieren können, benötigen wir weitere Informationen: Um welches Maschinenmodell handelt es sich und welche Fehlermeldung erscheint bei der Aktivierung? Bitte geben Sie uns auch die entsprechende Bestellnummer an.",Lizenzaktivierung,Software-Problem,0.95
712,2024-12-26,Lizenzschlüssel für CNCF-500 geht nicht durch. Error Code 0x44. Hilfe!,"Guten Tag. Vielen Dank für die Angabe des Fehlercodes. Um das Problem bei Ihrer CNCF-500 zu lösen, benötigen wir bitte die Seriennummer der Maschine sowie die Artikelnummer der Software-Lizenz, die Sie aktivieren möchten.",Lizenzaktivierung,Software-Problem,0.98
713,2024-12-27,Wo bleibt die DM-500?? Keine Mail bekommen wegen Versand. Bitte um Info.,"Guten Tag, um Ihr Anliegen prüfen zu können, benötigen wir bitte die zugehörige Bestellnummer oder die Seriennummer der DM-500. Bitte lassen Sie uns diese Informationen zukommen, damit wir den Lieferstatus umgehend für Sie abfragen können.",Lieferstatus,Lieferstatus,1
714,2024-12-27,"Anfrage Ersatzteil: DM-500, Antriebsmotor. Bitte um Preis und Lieferzeit. Artikelnummer unbekannt.","Guten Tag, vielen Dank für Ihre Anfrage. Da die Artikelnummer des Antriebsmotors nicht vorliegt, benötigen wir bitte die Seriennummer Ihrer DM-500. Anhand dieser Nummer können wir den korrekten Motor identifizieren und Ihnen ein Angebot inklusive der aktuellen Lieferzeit erstellen.",Ersatzteil-Anfrage,Ersatzteil-Anfrage,1
715,2024-12-27,Maschine SCS-100 macht Probleme. Warnung erscheint: Spindel-Lauf unregelmäßig. Hilfe!,"Guten Tag. Wir unterstützen Sie gerne bei der Fehlerbehebung an der SCS-100. Bitte prüfen Sie, ob mechanische Hindernisse oder Verschleißteile die Spindelbewegung beeinflussen könnten. Für eine gezielte Diagnose benötigen wir zudem die Softwareversion Ihrer Steuerung sowie die Seriennummer der Maschine.",Technische Fehlermeldung,Technische Fehlermeldung,0.9
716,2024-12-27,Software-Problem bei CNCF-500. Update geht nicht durch. Fehlercode 0x88. Artikel 9921.,"Guten Tag. Vielen Dank für die Informationen. Der Fehlercode 0x88 deutet oft auf ein Problem bei der Schreibberechtigung oder eine beschädigte Installationsdatei hin. Bitte stellen Sie sicher, dass Sie über ausreichende Administratorrechte verfügen und führen Sie den Update-Vorgang erneut durch. Falls der Fehler bestehen bleibt, senden Sie uns bitte die Seriennummer der CNCF-500 zu.",Software-Problem,Software-Problem,1
717,2024-12-28,Software stürzt ab bei DXF import. Hilfe!,"Guten Tag, um Ihnen helfen zu können, benötigen wir weitere Informationen. Um welches Maschinensystem handelt es sich (z.B. Modellnummer) und welche Softwareversion nutzen Sie aktuell? Bitte beschreiben Sie kurz, ob eine Fehlermeldung erscheint.",Software-Problem,Software-Problem,1
718,2024-12-28,HP-150 läuft nicht mehr. Totalausfall. Garantie läuft noch. Hilfe!,"Guten Tag, das ist ärgerlich. Damit wir die Fehlerdiagnose starten können, benötigen wir bitte die Seriennummer der HP-150 sowie eine Information, ob die Maschine nach einem Stromausfall oder einem anderen Ereignis ausgefallen ist. Wir prüfen dann umgehend Ihren Garantieanspruch.",Garantie-Reklamation,Garantie-Reklamation,0.95
719,2024-12-28,"Sehr geehrte Damen und Herren, wir haben Probleme bei der Lizenzierung der HP-150. Der Key wird nicht erkannt. Bitte um Rückmeldung.",Guten Tag. Gerne helfen wir Ihnen weiter. Bitte lassen Sie uns zur Bearbeitung die Seriennummer der HP-150 und die zugehörige Bestellnummer zukommen. Ohne diese Daten können wir den Lizenzstatus nicht prüfen.,Lizenzaktivierung,Software-Problem,0.95
720,2024-12-28,"Sehr geehrte Damen und Herren, wir haben unsere Firmierung geändert. Bitte passen Sie unsere Stammdaten in Ihrem System an. Neuer Name: Metallbau Schmidt GmbH.","Sehr geehrte Damen und Herren, vielen Dank für Ihre Nachricht. Damit wir die Änderung in unserem System vornehmen können, benötigen wir bitte noch Ihre bisherige Kundennummer oder die letzte Rechnungsnummer zur eindeutigen Identifizierung Ihres Kontos. Sobald uns diese vorliegt, werden wir die Anpassung umgehend veranlassen.",Sonstiges,Sonstiges,1
