date,customer_request,agent_reply,topic,topic_probability,theme
2023-01-15,"Hallo, ich habe am 02.01.2023 eine DM-500 bestellt. Bisher keine Versandbestätigung erhalten. Wo bleibt meine Maschine?","Sehr geehrte Damen und Herren, vielen Dank für Ihre Anfrage. Wir prüfen gerne den Status Ihrer Bestellung. Bitte geben Sie uns Ihre Bestellnummer an, damit wir den Vorgang schnellstmöglich nachvollziehen können. Sobald wir die Bestellnummer haben, teilen wir Ihnen den aktuellen Stand mit.",10,1.0,Lieferung & Bestellung
2023-01-22,Hat meine Bestellung SNU-200 schon das Werk verlassen? Ich warte schon lange.,"Sehr geehrte Damen und Herren, vielen Dank für Ihre Anfrage. Um den Versandstatus Ihrer Bestellung SNU-200 zu überprüfen, benötigen wir Ihre Bestellnummer. Bitte teilen Sie uns diese mit.  Sie finden die Bestellnummer auch in Ihrer Auftragsbestätigung.",9,0.22535526698085548,Wartung & Service
2023-02-03,Ich benötige dringend ein Ersatzteil für meine FSL-300. Es handelt sich um die Spindel (Art.-Nr. 4711). Können Sie mir ein Angebot machen und wie lange dauert die Lieferung?,"Sehr geehrte Damen und Herren, vielen Dank für Ihre Anfrage. Gerne erstellen wir Ihnen ein Angebot für die Spindel (Art.-Nr. 4711) für Ihre FSL-300. Bitte teilen Sie uns die Seriennummer Ihrer Maschine mit, um sicherzustellen, dass wir das korrekte Ersatzteil liefern.  Die aktuelle Lieferzeit für Spindeln beträgt ca. 7-10 Werktage.",2,1.0,Lieferung & Bestellung
2023-02-18,Wo finde ich Ersatzteile für die SCS-100? Und wie lange geht die Lieferung?,"Sehr geehrte Damen und Herren, Ersatzteile für die SCS-100 finden Sie in unserem Online-Shop unter [Link zum Shop]. Alternativ können Sie uns die benötigten Artikelnummern nennen, dann erstellen wir Ihnen ein Angebot. Die Lieferzeit beträgt je nach Verfügbarkeit ca. 5-7 Werktage.",2,1.0,Lieferung & Bestellung
2023-03-08,Meine CNCF-500 zeigt eine Übertemperaturwarnung. Was kann ich tun?,"Sehr geehrte Damen und Herren, vielen Dank für Ihre Anfrage. Eine Übertemperaturwarnung kann verschiedene Ursachen haben. Bitte überprüfen Sie zunächst die Kühlung und Lüftung der Maschine.  Geben Sie uns bitte die genaue Fehlermeldung und die Seriennummer der Maschine an, damit wir Ihnen weiterhelfen können.",5,1.0,Sonstiges
2023-03-22,Fehler an der Maschine - Druck zu hoch! Modell: HP-150,"Sehr geehrte Damen und Herren, vielen Dank für Ihre Anfrage. Ein zu hoher Druck an der HP-150 kann auf ein Problem im Hydrauliksystem hindeuten.  Bitte überprüfen Sie zunächst den Ölstand und die Filter.  Für eine detaillierte Fehleranalyse benötigen wir die Seriennummer Ihrer Maschine und eine genaue Beschreibung des Fehlers.",4,0.06815958902877839,Ersatzteile & Technik
2023-04-05,Software stürzt ständig ab.  CNCF-500.  Gibt es ein Update?,"Sehr geehrte Damen und Herren, vielen Dank für Ihre Anfrage. Software-Abstürze können verschiedene Ursachen haben. Bitte überprüfen Sie zunächst, ob Sie die aktuelle Software-Version installiert haben.  Informationen zu Updates finden Sie im Downloadbereich unserer Website. Bitte geben Sie uns die genaue Software-Version an, die Sie verwenden.",1,0.8492354303974068,Software & IT
2023-04-19,DXF Import funktioniert nicht mehr in der Software. Was tun?,"Sehr geehrte Damen und Herren, vielen Dank für Ihre Anfrage. Probleme beim DXF-Import können an der DXF-Datei selbst liegen oder an Einstellungen in der Software. Bitte stellen Sie sicher, dass die DXF-Datei den aktuellen Standards entspricht und versuchen Sie, eine andere DXF-Datei zu importieren.  Bitte geben Sie uns die verwendete Softwareversion an.",7,0.2038091800130416,Software & IT
2023-05-02,Wann ist die nächste Wartung für die DM-500 fällig? Wo finde ich den Wartungsplan?,"Sehr geehrte Damen und Herren, der Wartungsplan für die DM-500 ist im Handbuch im Downloadbereich unserer Website verfügbar.  Die Intervalle hängen von der Nutzung der Maschine ab.  Bitte überprüfen Sie die Betriebsstunden und richten Sie sich nach den Empfehlungen im Wartungsplan.",9,1.0,Wartung & Service
2023-05-16,Benötige Spezialwerkzeug für Wartung SCS-100. Wo bestellen?,"Sehr geehrte Damen und Herren, Spezialwerkzeuge für die SCS-100 können Sie in unserem Online-Shop bestellen.  Bitte geben Sie die genaue Bezeichnung des benötigten Werkzeugs an. Sie finden eine Liste der benötigten Werkzeuge auch im Wartungshandbuch.",12,1.0,Wartung & Service
2023-06-09,Meine Maschine ist innerhalb der Garantiezeit defekt. Was muss ich tun?,"Sehr geehrte Damen und Herren, vielen Dank für Ihre Anfrage. Bitte kontaktieren Sie unseren Garantieabteilung unter Angabe der Seriennummer, des Kaufdatums und einer genauen Beschreibung des Defekts.  Wir werden den Fall prüfen und Ihnen mitteilen, welche Schritte erforderlich sind.",14,1.0,Garantie & Reklamation
2023-06-27,"Reklamation: FSL-300 defekt, gekauft am 15.03.2023","Sehr geehrte Damen und Herren, vielen Dank für Ihre Reklamation. Bitte senden Sie uns eine detaillierte Fehlerbeschreibung und die Seriennummer der Maschine zu. Wir prüfen dann, ob der Defekt unter die Garantie fällt und wie wir vorgehen können.",3,0.36412412879740313,Garantie & Reklamation
2023-07-12,Ich bräuchte eine Schulung für die Inbetriebnahme der SNU-200.,"Sehr geehrte Damen und Herren, wir bieten regelmäßige Schulungen für die Inbetriebnahme der SNU-200 an.  Die aktuellen Termine und Preise finden Sie auf unserer Website im Bereich Schulungen.  Alternativ können wir auch eine individuelle Schulung vor Ort anbieten.",0,1.0,Schulung & Inbetriebnahme
2023-07-28,Wo finde ich Infos zum Training für die CNCF-500?,"Sehr geehrte Damen und Herren, Informationen zu unseren Trainingsprogrammen für die CNCF-500 finden Sie auf unserer Website im Bereich Schulungen. Dort finden Sie auch die aktuellen Termine und Preise.",0,1.0,Schulung & Inbetriebnahme
2023-08-04,Lieferstatus DM-500 + Rechnung bitte!,"Sehr geehrte Damen und Herren, wir prüfen den Lieferstatus Ihrer DM-500 und senden Ihnen umgehend die Rechnung zu. Bitte teilen Sie uns Ihre Bestellnummer mit, um den Vorgang zu beschleunigen.",-1,0.0,Lieferung & Bestellung
2023-08-20,"Spindel defekt, Ersatzteil FSL-300, und wann ist die nächste Wartung fällig?","Sehr geehrte Damen und Herren, wir erstellen Ihnen gerne ein Angebot für die Ersatzspindel für Ihre FSL-300.  Zusätzlich können wir Ihnen den Zeitpunkt der nächsten Wartung anhand der Seriennummer Ihrer Maschine ermitteln. Bitte geben Sie uns diese an.",3,0.20787121027824515,Garantie & Reklamation
2023-09-11,Fehlermeldung: Hydraulikdruck zu niedrig - HP-150,"Sehr geehrte Damen und Herren, vielen Dank für Ihre Anfrage. Ein niedriger Hydraulikdruck kann verschiedene Ursachen haben. Bitte überprüfen Sie den Ölstand und die Filter. Für eine detaillierte Analyse benötigen wir die Seriennummer Ihrer Maschine.",4,0.1560792581256399,Ersatzteile & Technik
2023-09-25,Software absturz! Version 3.2.  CNCF-500,"Sehr geehrte Damen und Herren, vielen Dank für Ihre Anfrage. Bitte laden Sie die neueste Softwareversion (3.3) von unserer Website herunter und installieren Sie diese.  Sollte das Problem weiterhin bestehen, kontaktieren Sie uns bitte erneut.",1,1.0,Software & IT
2023-10-07,"Wartungsintervalle DM-500, ich finde das nicht!","Sehr geehrte Damen und Herren, die Wartungsintervalle für die DM-500 finden Sie im Handbuch im Downloadbereich unserer Website. Dort ist auch eine detaillierte Checkliste verfügbar.",13,1.0,Wartung & Service
2023-10-21,Maschine defekt innerhalb der Garantiezeit. Typ: SCS-100,"Sehr geehrte Damen und Herren, bitte teilen Sie uns die Seriennummer und das Kaufdatum Ihrer SCS-100 mit. Beschreiben Sie außerdem den Defekt so genau wie möglich. Wir prüfen dann die Garantiebedingungen.",3,0.33404464855939675,Garantie & Reklamation
2023-01-15,"Hallo, ich habe am 10.01. bestellt (Bestellnr. 2023-0012) und noch keine Versandbestätigung erhalten. Können Sie bitte nachschauen?","Sehr geehrte Damen und Herren,

vielen Dank für Ihre Anfrage. Wir prüfen umgehend den Status Ihrer Bestellung 2023-0012 und informieren Sie innerhalb von 24 Stunden über den aktuellen Stand. Bitte beachten Sie, dass es bei hoher Auftragslage zu Verzögerungen kommen kann.",10,0.16238784368792208,Lieferung & Bestellung
2023-01-22,"Wo bleibt meine Maschine? Bestellnummer 2023-0035, DM-500. Sollte doch schon längst da sein.","Sehr geehrte Damen und Herren,

vielen Dank für Ihre Nachricht. Wir überprüfen den Versandstatus Ihrer DM-500 (Bestellnummer 2023-0035) und senden Ihnen eine Trackingnummer zu. Bitte erlauben Sie uns eine kurze Recherche.",6,1.0,Lieferung & Bestellung
2023-02-05,"Ich benötige ein Ersatzteil für meine FSL-300. Es handelt sich um die Spindel, Artikelnummer 4711-001. Wie lange dauert die Lieferung und was kostet das?","Sehr geehrte Damen und Herren,

vielen Dank für Ihre Anfrage. Die Lieferzeit für die Spindel (Artikelnummer 4711-001) beträgt in der Regel 3-5 Werktage. Ein Angebot erstellen wir Ihnen gerne individuell. Bitte teilen Sie uns Ihre Lieferadresse und eventuell Ihre Kundennummer mit.",2,1.0,Lieferung & Bestellung
2023-02-18,Hat jemand eine Ahnung wie lange ich auf ein Ersatzteil für die SCS-100 warten muss? Brauche dringend einen neuen Sensor.,"Sehr geehrte Damen und Herren,

vielen Dank für Ihre Anfrage. Um die Lieferzeit für den Sensor für Ihre SCS-100 genauer einschätzen zu können, benötigen wir bitte die genaue Artikelnummer des Sensors. Diese finden Sie im Ersatzteilkatalog oder auf dem Typenschild des Geräts.",-1,0.0,Lieferung & Bestellung
2023-03-10,Meine CNCF-500 zeigt eine Übertemperaturwarnung an. Was kann ich tun?,"Sehr geehrte Damen und Herren,

vielen Dank für Ihre Anfrage. Eine Übertemperaturwarnung kann verschiedene Ursachen haben. Bitte überprüfen Sie zunächst die Kühlmittelstände und die Lüftungsschlitze. Im Handbuch im Downloadbereich finden Sie eine detaillierte Anleitung zur Fehlerbehebung.",5,1.0,Sonstiges
2023-03-25,Die Maschine (SNU-200) meldet einen Fehler: 'Druck zu niedrig'. Was bedeutet das?,"Sehr geehrte Damen und Herren,

vielen Dank für Ihre Anfrage. Der Fehler 'Druck zu niedrig' deutet auf ein Problem im Hydrauliksystem hin. Bitte überprüfen Sie die Hydraulikflüssigkeitsstände und die Leitungen auf Undichtigkeiten. Im Bedarfsfall kontaktieren Sie unseren technischen Support.",4,0.07057177887088026,Ersatzteile & Technik
2023-04-01,"Die Software stürzt ständig ab, wenn ich eine DXF-Datei importieren will.","Sehr geehrte Damen und Herren,

vielen Dank für Ihre Anfrage. Softwareabstürze beim DXF-Import können durch inkompatible Dateiformate oder veraltete Softwareversionen verursacht werden. Bitte teilen Sie uns Ihre Softwareversion mit und prüfen Sie, ob Sie die aktuellste Version installiert haben.",7,1.0,Software & IT
2023-04-15,Ich kann die Lizenz für die Software nicht aktivieren. Es kommt immer eine Fehlermeldung.,"Sehr geehrte Damen und Herren,

vielen Dank für Ihre Anfrage. Bitte stellen Sie sicher, dass Sie die korrekte Lizenznummer eingegeben haben. Falls das Problem weiterhin besteht, kontaktieren Sie bitte unseren technischen Support mit Angabe der Fehlermeldung und Ihrer Kundennummer.",1,0.8302507612230878,Software & IT
2023-05-08,Wann muss ich die DM-500 das nächste Mal warten lassen?,"Sehr geehrte Damen und Herren,

vielen Dank für Ihre Anfrage. Die DM-500 hat in der Regel ein Wartungsintervall von 6 Monaten oder 2000 Betriebsstunden, je nachdem, was zuerst eintritt. Im Handbuch finden Sie den detaillierten Wartungsplan.",9,0.37215609549490947,Wartung & Service
2023-05-22,Benötige Spezialwerkzeug für Wartung HP-150. Woher bekomme ich das?,"Sehr geehrte Damen und Herren,

vielen Dank für Ihre Anfrage. Das benötigte Spezialwerkzeug für die Wartung der HP-150 kann über unseren Online-Shop oder direkt über unseren Service bestellen werden. Die Artikelnummern finden Sie im Wartungsplan im Handbuch.",12,1.0,Wartung & Service
2023-06-03,Meine Maschine (Bestellnr. 2022-1150) ist defekt. Ist die noch Garantie?,"Sehr geehrte Damen und Herren,

vielen Dank für Ihre Anfrage. Um zu prüfen, ob Ihre Maschine noch unter Garantie steht, benötigen wir bitte die Seriennummer der Maschine. Bitte teilen Sie uns diese mit.",14,0.5110010163379218,Garantie & Reklamation
2023-06-17,"Ich habe ein Problem mit der Maschine, sie ist innerhalb der Garantiezeit kaputt gegangen.","Sehr geehrte Damen und Herren,

vielen Dank für Ihre Anfrage. Bitte beschreiben Sie das Problem so detailliert wie möglich. Nennen Sie uns auch die Seriennummer und das Kaufdatum der Maschine, um die Garantiebedingungen zu prüfen.",14,1.0,Garantie & Reklamation
2023-07-01,Ich bräuchte eine Schulung für die neue FSL-300.,"Sehr geehrte Damen und Herren,

vielen Dank für Ihre Anfrage. Wir bieten regelmäßige Schulungen für die FSL-300 an. Informationen zu Terminen und Inhalten finden Sie auf unserer Website im Bereich Schulungen oder kontaktieren Sie unseren Vertrieb.",0,1.0,Schulung & Inbetriebnahme
2023-07-15,Wie lange dauert die Inbetriebnahme einer CNCF-500?,"Sehr geehrte Damen und Herren,

vielen Dank für Ihre Anfrage. Die Inbetriebnahme einer CNCF-500 dauert in der Regel 1-2 Tage, abhängig von den individuellen Anforderungen und dem Vorhandensein der erforderlichen Infrastruktur.",13,1.0,Wartung & Service
2023-08-22,Keine Ahnung ob meine Bestellung angekommen ist...Nr. 2023-0178,"Sehr geehrte Damen und Herren,

vielen Dank für Ihre Anfrage. Wir prüfen umgehend den Status Ihrer Bestellung 2023-0178 und informieren Sie innerhalb von 24 Stunden.",11,1.0,Lieferung & Bestellung
2023-09-05,Ich benötige dringend Ersatzteile für SCS-100. Welche sind verfügbar?,"Sehr geehrte Damen und Herren,

vielen Dank für Ihre Anfrage. Bitte teilen Sie uns die genaue Artikelnummer oder eine detaillierte Beschreibung der benötigten Ersatzteile für die SCS-100 mit. Dann können wir die Verfügbarkeit prüfen.",2,0.11666461031513493,Lieferung & Bestellung
2023-10-12,"Übertemperatur bei DM-500. Lüfter läuft, trotzdem Warnung.","Sehr geehrte Damen und Herren,

vielen Dank für Ihre Anfrage. Bitte prüfen Sie, ob der Kühlkreislauf ordnungsgemäß funktioniert und keine Verstopfungen vorhanden sind. Eventuell liegt ein Defekt am Temperaturfühler vor. Im Handbuch finden Sie weitere Informationen.",5,1.0,Sonstiges
2023-11-01,Software stürzt ab beim öffnen alter dateien. Version 3.2.,"Sehr geehrte Damen und Herren,

vielen Dank für Ihre Anfrage. Bei älteren Dateiformaten kann es zu Kompatibilitätsproblemen mit Version 3.2 kommen. Versuchen Sie, die Datei in einer älteren Softwareversion zu öffnen oder zu konvertieren.",1,1.0,Software & IT
2023-11-18,Wartungsplan SNU-200. Wo finde ich den?,"Sehr geehrte Damen und Herren,

vielen Dank für Ihre Anfrage. Den Wartungsplan für die SNU-200 finden Sie im Handbuch im Downloadbereich unserer Website. Dort können Sie das Handbuch auch herunterladen.",-1,0.0,Lieferung & Bestellung
2023-12-08,"Maschine defekt, Garantiezeit noch nicht abgelaufen.","Sehr geehrte Damen und Herren,

vielen Dank für Ihre Anfrage. Bitte teilen Sie uns die Seriennummer und das Kaufdatum der Maschine mit, damit wir die Garantiebedingungen prüfen können. Beschreiben Sie außerdem das Problem so detailliert wie möglich.",3,1.0,Garantie & Reklamation
2023-01-15,"Hallo, ich habe am 10.01.2023 eine DM-500 bestellt. Bisher keine Versandbestätigung erhalten. Können Sie bitte prüfen, wo meine Bestellung ist?","Guten Tag, vielen Dank für Ihre Anfrage. Wir prüfen gerne den Status Ihrer Bestellung. Bitte geben Sie uns Ihre Bestellnummer an, damit wir die Sendung für Sie nachverfolgen können.",10,1.0,Lieferung & Bestellung
2023-01-22,Wo bleibt meine Lieferung? Bestellnummer 20230110-01.  Ich brauche die Maschine dringend!,"Guten Tag, wir verstehen Ihre Dringlichkeit. Wir prüfen den aktuellen Stand Ihrer Bestellung mit der Nummer 20230110-01 und informieren Sie umgehend über den voraussichtlichen Liefertermin.",6,1.0,Lieferung & Bestellung
2023-02-03,Ich benötige Ersatzteile für meine FSL-300. Konkret geht es um den Motor (Artikelnummer 123456) und den Sensor (Artikelnummer 789012). Wie lange dauert die Lieferung?,"Guten Tag, vielen Dank für Ihre Anfrage. Wir prüfen die Verfügbarkeit der genannten Ersatzteile und teilen Ihnen die Lieferzeit mit. Bitte geben Sie uns die Seriennummer Ihrer FSL-300 an, um sicherzustellen, dass wir die korrekten Teile liefern.",2,1.0,Lieferung & Bestellung
2023-02-18,"Hallo, ich brauche dringend ein Angebot für Ersatzteile für die SNU-200. Der Spindelmotor ist defekt.","Guten Tag, wir erstellen Ihnen gerne ein Angebot für einen Spindelmotor für Ihre SNU-200. Bitte teilen Sie uns die Seriennummer der Maschine mit, damit wir das passende Ersatzteil identifizieren können.",2,0.345650621957874,Lieferung & Bestellung
2023-03-01,Die CNCF-500 zeigt eine Warnung 'Übertemperatur Spindel'. Was bedeutet das?,"Guten Tag, die Warnung 'Übertemperatur Spindel' deutet darauf hin, dass die Spindel eine zu hohe Betriebstemperatur erreicht hat. Bitte prüfen Sie, ob die Kühlung ausreichend funktioniert und ob die Spindel überlastet ist. Informationen zu möglichen Ursachen und Behebung finden Sie im Handbuch.",5,0.4458199554440954,Sonstiges
2023-03-12,Meine SCS-100 meldet einen Fehler: 'Druck zu niedrig Hydraulik'.,"Guten Tag, der Fehler 'Druck zu niedrig Hydraulik' kann verschiedene Ursachen haben. Bitte prüfen Sie den Ölstand und ob die Hydraulikpumpe korrekt funktioniert.  Detaillierte Informationen zur Fehlerbehebung finden Sie im Handbuch im Downloadbereich.",4,0.1452813633274099,Ersatzteile & Technik
2023-04-05,Die Software stürzt ständig ab. (Version 2.5).,"Guten Tag, vielen Dank für Ihre Meldung. Um das Problem zu untersuchen, benötigen wir bitte mehr Informationen.  Welche Aktion führen Sie genau aus, wenn der Absturz passiert?  Bitte teilen Sie uns auch Ihre Betriebssystemversion mit.",1,1.0,Software & IT
2023-04-21,Ich kann keine DXF-Dateien mehr importieren.  Fehlermeldung 'Ungültiges Format'.,"Guten Tag, bitte stellen Sie sicher, dass die DXF-Datei das korrekte Format aufweist (z.B. R12 oder R14).  Prüfen Sie außerdem, ob Ihre Software auf dem neuesten Stand ist.  Informationen zum DXF-Import finden Sie in der Online-Hilfe.",7,0.22638444918517356,Software & IT
2023-05-08,Wann ist die nächste Wartung für die DM-500 fällig? Die letzte war vor 6 Monaten.,"Guten Tag, das Wartungsintervall für die DM-500 beträgt standardmäßig 12 Monate oder 500 Betriebsstunden, je nachdem, was zuerst eintritt. Bitte prüfen Sie Ihren Wartungsplan oder die Betriebsstunden der Maschine.",9,1.0,Wartung & Service
2023-05-25,Brauche Spezialwerkzeug für Wartung HP-150. Wo kann ich das bekommen?,"Guten Tag, das benötigte Spezialwerkzeug für die Wartung der HP-150 können Sie über unseren Online-Shop oder direkt über unseren Vertrieb bestellen. Eine Liste der benötigten Werkzeuge finden Sie im Wartungshandbuch.",12,1.0,Wartung & Service
2023-06-10,Die Maschine ist innerhalb der Garantiezeit defekt. Was muss ich tun?,"Guten Tag, bitte kontaktieren Sie unseren Kundenservice umgehend und schildern Sie den Defekt.  Wir benötigen die Seriennummer der Maschine und den Kaufbeleg, um die Garantiebedingungen zu prüfen.",14,1.0,Garantie & Reklamation
2023-06-28,"Reklamation: SCS-100 defekt, gekauft am 01.03.2023","Guten Tag, wir nehmen Ihre Reklamation entgegen. Bitte senden Sie uns ein detailliertes Fehlerprotokoll und Fotos/Videos des Defekts zu.  Wir werden die Reklamation prüfen und uns umgehend mit Ihnen in Verbindung setzen.",3,0.35859479342321504,Garantie & Reklamation
2023-07-15,Ich benötige eine Schulung für die Bedienung der FSL-300.,"Guten Tag, wir bieten regelmäßige Schulungen für die FSL-300 an.  Die aktuellen Termine und Preise finden Sie auf unserer Webseite unter 'Schulungen' oder Sie kontaktieren uns direkt für ein individuelles Angebot.",0,1.0,Schulung & Inbetriebnahme
2023-07-29,Bestellnummer fehlt.  Wann kommt die SNU-200?,"Guten Tag, wir benötigen Ihre Bestellnummer, um den Status Ihrer Bestellung zu überprüfen. Bitte teilen Sie uns diese mit.",9,1.0,Wartung & Service
2023-08-05,Softwareabsturz + Lieferstatus DM-500. Bestellnr: 20230801-01,"Guten Tag, wir prüfen gerne den Status Ihrer Bestellung 20230801-01 und untersuchen das Softwareproblem. Bitte beschreiben Sie die Umstände des Softwareabsturzes genauer.",1,1.0,Software & IT
2023-09-12,CNCF-500: Fehler Hydraulik.  Was kann ich tun?,"Guten Tag, der Fehler 'Hydraulik' kann verschiedene Ursachen haben. Bitte prüfen Sie zuerst den Ölstand und die Schläuche auf Beschädigungen.  Detaillierte Anweisungen finden Sie im Handbuch.",4,0.16858658517201833,Ersatzteile & Technik
2023-10-01,Ersatzteil Anfrage. Artikelnummer 987654 für SCS-100. Wie lange Lieferzeit?,"Guten Tag, wir prüfen die Verfügbarkeit des Ersatzteils 987654 für die SCS-100 und informieren Sie über die Lieferzeit.  Bitte geben Sie uns die Seriennummer Ihrer Maschine an.",2,1.0,Lieferung & Bestellung
2023-11-18,Softwareupdate verfügbar?  Welche Version ist aktuell?,"Guten Tag, die aktuelle Softwareversion für Ihre Maschine finden Sie im Downloadbereich unserer Webseite. Dort können Sie auch das neueste Update herunterladen.",1,0.8824189533121252,Software & IT
2023-12-02,DM-500 Lieferverzug. Ich brauche die Maschine bis Weihnachten!,"Guten Tag, wir verstehen Ihre Anfrage. Wir prüfen den Status Ihrer Bestellung und versuchen, die Lieferung bis Weihnachten zu realisieren.  Bitte haben Sie Verständnis, dass dies möglicherweise nicht immer möglich ist.",6,1.0,Lieferung & Bestellung
2023-12-20,Garantie HP-150.  Seriennummer: XYZ12345. Defekt.,"Guten Tag, wir prüfen Ihre Garantieansprüche für die HP-150 mit der Seriennummer XYZ12345. Bitte beschreiben Sie den Defekt so detailliert wie möglich.",3,0.316569151471853,Garantie & Reklamation
2023-01-15,"Hallo, ich habe am 02.01.2023 eine DM-500 bestellt, aber noch keine Versandbestätigung erhalten. Bestellnummer 20230102-01. Können Sie bitte prüfen, wo meine Bestellung bleibt?","Sehr geehrte Damen und Herren,
vielen Dank für Ihre Anfrage. Wir prüfen umgehend den Status Ihrer Bestellung mit der Bestellnummer 20230102-01. Bitte geben Sie uns einen Moment Zeit. Sie erhalten in Kürze eine Rückmeldung per E-Mail.  Sollten Sie die Rückmeldung nicht innerhalb von 24 Stunden erhalten, kontaktieren Sie uns bitte erneut.",10,1.0,Lieferung & Bestellung
2023-01-22,"Guten Tag, wann kommt meine DM-500? Ich warte schon ewig!","Sehr geehrte Damen und Herren,
vielen Dank für Ihre Anfrage. Um den Status Ihrer Bestellung zu prüfen, benötigen wir bitte Ihre Bestellnummer. Könnten Sie uns diese mitteilen? Sobald wir diese haben, können wir Ihnen Auskunft zum Liefertermin geben.",9,1.0,Wartung & Service
2023-02-05,Ich brauche dringend ein Ersatzteil für meine FSL-300. Die Spindel ist defekt. Artikelnummer: 4711-FSL-SPIN. Können Sie mir ein Angebot zukommen lassen?,"Sehr geehrte Damen und Herren,
vielen Dank für Ihre Anfrage. Gerne erstellen wir Ihnen ein Angebot für die Spindel (Artikelnummer 4711-FSL-SPIN) für Ihre FSL-300.  Bitte teilen Sie uns die Seriennummer Ihrer Maschine mit, um sicherzustellen, dass wir das korrekte Ersatzteil liefern. Die voraussichtliche Lieferzeit beträgt 5-7 Werktage nach Auftragseingang.",2,0.47588533699569213,Lieferung & Bestellung
2023-02-18,Wo finde ich die Ersatzteiliste für die SCS-100?,"Sehr geehrte Damen und Herren,
die Ersatzteiliste für die SCS-100 finden Sie im Downloadbereich auf unserer Webseite unter [URL entfernt]. Alternativ können Sie uns die Seriennummer Ihrer SCS-100 nennen, und wir senden Ihnen die Liste direkt zu.",12,1.0,Wartung & Service
2023-03-10,Meine CNCF-500 zeigt eine Übertemperaturwarnung an. Was bedeutet das?,"Sehr geehrte Damen und Herren,
eine Übertemperaturwarnung an Ihrer CNCF-500 deutet darauf hin, dass ein Kühlkreislauf möglicherweise nicht ordnungsgemäß funktioniert oder eine Komponente überlastet ist. Bitte prüfen Sie zunächst den Kühlmittelstand und die Funktion der Kühlpumpe.  Sollte das Problem weiterhin bestehen, notieren Sie sich bitte die genaue Fehlermeldung und die Bedingungen, unter denen sie auftritt, und teilen Sie uns diese mit.",5,0.4442156080718059,Sonstiges
2023-03-25,Die Maschine (SNU-200) meldet Fehler F201. Was ist das?,"Sehr geehrte Damen und Herren,
der Fehlercode F201 bei der SNU-200 deutet auf ein Problem mit dem Drucksensor hin. Bitte überprüfen Sie die Anschlüsse des Sensors und stellen Sie sicher, dass keine Verstopfungen vorliegen. Informationen zur Fehlerbehebung finden Sie im Handbuch im Downloadbereich. Sollte das Problem weiterhin bestehen, kontaktieren Sie uns bitte mit der Seriennummer Ihrer Maschine.",8,0.38821622929388205,Ersatzteile & Technik
2023-04-08,"Die Software stürzt immer ab, wenn ich eine DXF-Datei importiere. Ich verwende Version 2.5.","Sehr geehrte Damen und Herren,
vielen Dank für Ihre Meldung. Ein Absturz beim DXF-Import mit Version 2.5 kann verschiedene Ursachen haben. Bitte stellen Sie sicher, dass die DXF-Datei den unterstützten Standards entspricht und nicht beschädigt ist. Versuchen Sie außerdem, die Software neu zu starten. Sollte das Problem weiterhin bestehen, laden Sie bitte die neueste Version (2.6) von unserer Webseite herunter.  Falls das Problem dann immer noch auftritt, teilen Sie uns dies bitte mit.",7,1.0,Software & IT
2023-04-19,Ich kann meine Lizenz für die Software nicht aktivieren.,"Sehr geehrte Damen und Herren,
Bitte stellen Sie sicher, dass Sie die korrekte Lizenznummer verwenden und dass Ihr Computer eine Internetverbindung hat. Überprüfen Sie außerdem, ob die Software auf Ihrem System kompatibel ist.  Sollten Sie weiterhin Probleme haben, teilen Sie uns bitte Ihre Lizenznummer und die Fehlermeldung mit.",1,0.7756645821601978,Software & IT
2023-05-02,Wann muss ich die DM-500 warten lassen?,"Sehr geehrte Damen und Herren,
Die DM-500 sollte gemäß Wartungsplan alle 6 Monate oder nach 500 Betriebsstunden gewartet werden, je nachdem, was zuerst eintritt. Details zu den Wartungsintervallen und den erforderlichen Maßnahmen finden Sie im Handbuch.  Sollten Sie eine Wartung durch uns beauftragen möchten, kontaktieren Sie uns bitte.",9,0.3545561703101462,Wartung & Service
2023-05-15,Welche Spezialwerkzeuge benötige ich für die Wartung der FSL-300?,"Sehr geehrte Damen und Herren,
Für die Wartung der FSL-300 benötigen Sie unter anderem einen Drehmomentschlüssel, einen Satz Inbusschlüssel und ein Multimeter. Eine vollständige Liste der benötigten Werkzeuge finden Sie im Wartungshandbuch der FSL-300.",12,1.0,Wartung & Service
2023-06-01,Ich habe die DM-500 vor 2 Monaten gekauft und sie ist jetzt defekt. Was kann ich tun?,"Sehr geehrte Damen und Herren,
Da Ihre DM-500 noch innerhalb der Garantiezeit liegt, können Sie einen Garantieanspruch stellen. Bitte füllen Sie das Reklamationsformular auf unserer Webseite aus und senden Sie uns die Maschine zusammen mit einer Kopie des Kaufbelegs zu. Wir werden den Defekt prüfen und uns um eine Reparatur oder einen Austausch kümmern.",-1,0.0,Lieferung & Bestellung
2023-06-20,"Die SCS-100 hat einen Defekt. Können Sie mir sagen, wie die Garantieabwicklung funktioniert?","Sehr geehrte Damen und Herren,
für die Garantieabwicklung der SCS-100 benötigen wir die Seriennummer der Maschine, eine genaue Beschreibung des Defekts und eine Kopie des Kaufbelegs. Bitte senden Sie uns diese Informationen zu. Wir werden dann die weiteren Schritte mit Ihnen besprechen.",3,0.12835148047729086,Garantie & Reklamation
2023-07-10,Ich brauche eine Schulung für die CNCF-500.,"Sehr geehrte Damen und Herren,
wir bieten regelmäßig Schulungen für die CNCF-500 an. Die aktuellen Termine und Preise finden Sie auf unserer Webseite im Bereich Schulungen.  Alternativ können wir auch eine individuelle Schulung vor Ort für Sie organisieren.",0,1.0,Schulung & Inbetriebnahme
2023-07-28,Ich habe Probleme mit der Inbetriebnahme der HP-150. Können Sie mir helfen?,"Sehr geehrte Damen und Herren,
gerne unterstützen wir Sie bei der Inbetriebnahme der HP-150. Bitte stellen Sie sicher, dass alle Kabel korrekt angeschlossen sind und die Maschine mit Strom versorgt wird.  Ein detailliertes Inbetriebnahme-Handbuch finden Sie im Downloadbereich unserer Webseite. Sollten Sie weitere Unterstützung benötigen, kontaktieren Sie uns bitte.",0,0.32864183815341635,Schulung & Inbetriebnahme
2023-08-15,Wann kommt meine Bestellung? Bestellnummer 20230815-01.,"Sehr geehrte Damen und Herren,
Wir prüfen den Status Ihrer Bestellung mit der Bestellnummer 20230815-01 umgehend und informieren Sie schnellstmöglich.",6,1.0,Lieferung & Bestellung
2023-09-05,Ich brauche ein Angebot für Ersatzteile für die SNU-200. Spindel und Sensor.,"Sehr geehrte Damen und Herren,
Gerne erstellen wir Ihnen ein Angebot für Spindel und Sensor für Ihre SNU-200. Bitte teilen Sie uns die Seriennummer Ihrer Maschine mit.",2,0.1412499410142978,Lieferung & Bestellung
2023-10-20,Die Hydraulik der DM-500 macht komische Geräusche.,"Sehr geehrte Damen und Herren,
Komische Geräusche der Hydraulik können auf Luft im System oder einen niedrigen Ölstand hindeuten. Bitte prüfen Sie zunächst den Ölstand.  Sollte das Problem weiterhin bestehen, notieren Sie sich bitte die genaue Art des Geräusches und unter welchen Bedingungen es auftritt.",-1,0.0,Lieferung & Bestellung
2023-11-12,Software Version 2.5 – Absturz beim Speichern!,"Sehr geehrte Damen und Herren,
Ein Absturz beim Speichern mit Version 2.5 ist bekannt.  Wir empfehlen Ihnen, auf die neueste Version 2.6 zu aktualisieren. Sie finden diese im Downloadbereich.",1,1.0,Software & IT
2023-12-03,Ich benötige Informationen zum Wartungsplan für die CNCF-500. Und gibt es ein Angebot für Ersatzteile?,"Sehr geehrte Damen und Herren,
Informationen zum Wartungsplan der CNCF-500 finden Sie im Handbuch.  Für ein Angebot für Ersatzteile benötigen wir die Seriennummer Ihrer Maschine und eine Liste der gewünschten Teile.",2,0.16452802831483002,Lieferung & Bestellung
2023-12-18,Ich habe eine Frage zur Garantie der SCS-100. Keine Seriennummer vorhanden.,"Sehr geehrte Damen und Herren,
Um Ihre Garantieabwicklung zu prüfen, benötigen wir die Seriennummer Ihrer SCS-100. Können Sie uns diese bitte mitteilen? Ohne Seriennummer können wir keine Auskunft geben.",3,0.15898097783131276,Garantie & Reklamation
2023-01-15,"Hallo, ich habe am 10.01. eine DM-500 bestellt. Bisher keine Versandbestätigung erhalten. Können Sie bitte prüfen, wo meine Bestellung bleibt?","Sehr geehrte Damen und Herren,

vielen Dank für Ihre Anfrage. Wir prüfen gerne den Status Ihrer Bestellung. Bitte geben Sie uns Ihre Bestellnummer an, damit wir dies umgehend nachverfolgen können. Sobald wir die Bestellnummer haben, können wir Ihnen Auskunft über den aktuellen Bearbeitungsstand und das voraussichtliche Versanddatum geben.",10,1.0,Lieferung & Bestellung
2023-01-22,Ich benötige dringend Ersatzteile für meine FSL-300. Insbesondere einen neuen Sensor. Wie kann ich ein Angebot anfordern?,"Sehr geehrte Damen und Herren,

Ersatzteile für die FSL-300 können Sie über unser Online-Portal oder per E-Mail anfordern. Bitte geben Sie die Seriennummer Ihrer Maschine und die genaue Artikelnummer des benötigten Sensors an. Im Online-Portal finden Sie auch eine Explosionszeichnung, die Ihnen bei der Identifizierung des richtigen Teils helfen kann.",2,0.288096447904204,Lieferung & Bestellung
2023-02-05,Die CNCF-500 zeigt immer wieder eine Übertemperaturwarnung. Was bedeutet das und was kann ich tun?,"Sehr geehrte Damen und Herren,

Eine Übertemperaturwarnung deutet auf ein Problem mit der Kühlung hin. Bitte überprüfen Sie zunächst, ob die Kühlschläuche frei sind und der Kühlkreislauf ordnungsgemäß funktioniert. Lesen Sie dazu auch das entsprechende Kapitel im Handbuch. Sollte das Problem weiterhin bestehen, notieren Sie sich bitte die genaue Fehlermeldung und die Umstände, unter denen sie auftritt, und kontaktieren Sie uns erneut.",5,0.4952638014654341,Sonstiges
2023-02-18,"Die Software stürzt ständig ab, wenn ich eine DXF-Datei importiere. Version 2.3. Was kann ich machen?","Sehr geehrte Damen und Herren,

Ein Absturz beim Import von DXF-Dateien kann verschiedene Ursachen haben. Bitte stellen Sie sicher, dass die DXF-Datei korrekt formatiert ist und keine ungültigen Elemente enthält. Versuchen Sie, eine ältere Version der Datei zu importieren oder die Software neu zu installieren. Falls das Problem weiterhin besteht, senden Sie uns bitte die DXF-Datei zur Analyse zu.",7,1.0,Software & IT
2023-03-01,Wann ist die nächste Wartung für die SCS-100 fällig? Wo finde ich den Wartungsplan?,"Sehr geehrte Damen und Herren,

Die Wartungsintervalle für die SCS-100 finden Sie im Handbuch im Downloadbereich unserer Website. Dort ist ein detaillierter Wartungsplan aufgeführt. Die Häufigkeit der Wartung hängt von der Nutzung der Maschine ab. Überprüfen Sie bitte die Betriebsstunden und planen Sie die Wartung entsprechend.",9,1.0,Wartung & Service
2023-03-12,Meine SNU-200 ist defekt (Spindel). Ich habe sie erst vor 6 Monaten gekauft. Was nun?,"Sehr geehrte Damen und Herren,

Bitte geben Sie uns die Seriennummer Ihrer SNU-200 und Ihre Bestellnummer an, damit wir die Garantiebedingungen prüfen können. Beschreiben Sie bitte auch den Defekt so genau wie möglich. Wir werden dann prüfen, ob ein Garantieanspruch besteht und Ihnen die weiteren Schritte mitteilen.",-1,0.0,Lieferung & Bestellung
2023-04-08,Ich benötige eine Schulung für die HP-150. Bieten Sie auch eine Inbetriebnahme vor Ort an?,"Sehr geehrte Damen und Herren,

Wir bieten regelmäßige Schulungen für die HP-150 an. Die aktuellen Termine finden Sie auf unserer Website. Eine Inbetriebnahme vor Ort ist ebenfalls möglich. Bitte kontaktieren Sie uns, um einen Termin zu vereinbaren und die Kosten zu besprechen.",0,1.0,Schulung & Inbetriebnahme
2023-04-20,Wo finde ich die Bedienungsanleitung für die DM-500?,"Sehr geehrte Damen und Herren,

Die Bedienungsanleitung für die DM-500 finden Sie im Downloadbereich auf unserer Website. Dort können Sie die Anleitung als PDF-Datei herunterladen.",0,0.11015925495041115,Schulung & Inbetriebnahme
2023-05-02,Ich warte schon 2 Wochen auf Ersatzteile (Artikelnummer 12345). Was ist da los?,"Sehr geehrte Damen und Herren,

Wir entschuldigen uns für die Verzögerung. Bitte geben Sie uns Ihre Bestellnummer, damit wir den Status Ihrer Ersatzteilbestellung prüfen können. Wir werden Ihnen umgehend Auskunft geben.",6,0.31493302287333114,Lieferung & Bestellung
2023-05-15,CNCF-500: Druckabfall im Hydrauliksystem. Was tun?,"Sehr geehrte Damen und Herren,

Ein Druckabfall im Hydrauliksystem kann verschiedene Ursachen haben. Überprüfen Sie zunächst alle Anschlüsse auf Dichtigkeit und prüfen Sie den Ölstand.  Sollte das Problem weiterhin bestehen, notieren Sie sich bitte die genaue Fehlermeldung und kontaktieren Sie unseren technischen Support.",4,0.2093087332604641,Ersatzteile & Technik
2023-06-01,Die Software hängt sich immer wieder auf. Kann ich ein Update machen?,"Sehr geehrte Damen und Herren,

Es ist immer ratsam, die neueste Softwareversion zu verwenden. Überprüfen Sie auf unserer Website, ob ein Update verfügbar ist. Bevor Sie das Update installieren, erstellen Sie bitte ein Backup Ihrer Daten.",1,1.0,Software & IT
2023-06-18,Wartungsplan für SCS-100 – wie oft Ölwechsel?,"Sehr geehrte Damen und Herren,

Die Ölwechselintervalle für die SCS-100 finden Sie im Wartungsplan im Handbuch.  Die Intervalle sind abhängig von der Betriebsdauer und den Betriebsbedingungen.",13,1.0,Wartung & Service
2023-07-05,Defekt an DM-500 innerhalb der Garantiezeit. Wie gehe ich vor?,"Sehr geehrte Damen und Herren,

Bitte geben Sie uns die Seriennummer der DM-500 und Ihre Bestellnummer an. Beschreiben Sie den Defekt so detailliert wie möglich. Wir prüfen dann die Garantiebedingungen und die weiteren Schritte.",14,1.0,Garantie & Reklamation
2023-07-22,Ich brauche Hilfe bei der Inbetriebnahme der FSL-300.,"Sehr geehrte Damen und Herren,

Wir bieten Unterstützung bei der Inbetriebnahme der FSL-300 an. Sie können einen unserer Techniker beauftragen, der Sie vor Ort unterstützt. Bitte kontaktieren Sie uns für einen Termin und ein Angebot.",0,0.32116430832824805,Schulung & Inbetriebnahme
2023-08-10,Lieferstatus Bestellung #1234 – DM-500,"Sehr geehrte Damen und Herren,

Ihre Bestellung #1234 mit der DM-500 wurde am 05.08. versandt. Die Sendungsnummer lautet XYZ123. Sie können den Versandstatus unter [Link zur Sendungsverfolgung] verfolgen.",-1,0.0,Lieferung & Bestellung
2023-09-03,"Sensor defekt, FSL-300, welche Teile passen?","Sehr geehrte Damen und Herren,

Um Ihnen die passenden Ersatzteile für den Sensor der FSL-300 nennen zu können, benötigen wir die genaue Artikelnummer des Sensors und die Seriennummer Ihrer Maschine.",8,1.0,Ersatzteile & Technik
2023-09-19,CNCF-500: Fehlermeldung E123 – was bedeutet das?,"Sehr geehrte Damen und Herren,

Die Fehlermeldung E123 bei der CNCF-500 deutet auf ein Problem mit dem Spindelencoder hin. Bitte überprüfen Sie die Verkabelung des Encoders und kontaktieren Sie unseren technischen Support, wenn das Problem weiterhin besteht.",8,0.4152291397831099,Ersatzteile & Technik
2023-10-12,Software Update SNU-200 – wo finde ich es? Version 1.8,"Sehr geehrte Damen und Herren,

Das neueste Softwareupdate für die SNU-200 (Version 2.0) finden Sie im Downloadbereich unserer Website. Bitte lesen Sie die Installationsanleitung sorgfältig durch, bevor Sie das Update installieren.",1,0.8956623938867305,Software & IT
2023-11-01,Wartung HP-150 – Spezialwerkzeug benötigt?,"Sehr geehrte Damen und Herren,

Für bestimmte Wartungsarbeiten an der HP-150 werden Spezialwerkzeuge benötigt. Eine Liste der benötigten Werkzeuge finden Sie im Wartungsplan im Handbuch.",12,1.0,Wartung & Service
2023-12-08,Reklamation SCS-100 – defekt nach 3 Monaten. Bestellnr. 5678.,"Sehr geehrte Damen und Herren,

Wir haben Ihre Reklamation für die SCS-100 (Bestellnr. 5678) erhalten. Wir werden den Fall prüfen und uns umgehend mit Ihnen in Verbindung setzen, um die weiteren Schritte zu besprechen. Beschreiben Sie bitte den Defekt genauer.",3,0.09505500754242004,Garantie & Reklamation
2023-01-15,"Hallo, ich habe am 02.01.2023 eine DM-500 bestellt. Bisher keine Versandbestätigung erhalten. Wo ist mein Gerät?","Guten Tag. Ihre Bestellung vom 02.01.2023 für die DM-500 wird geprüft. Bitte geben Sie Ihre Bestellnummer an, damit wir den Status umgehend überprüfen können. Normalerweise erhalten Sie innerhalb von 24-48 Stunden nach Bestellung eine Versandbestätigung per E-Mail.",10,1.0,Lieferung & Bestellung
2023-01-22,"Ich benötige ein Ersatzteil für meine FSL-300. Genauer gesagt, den Sensor XY123. Was kostet das und wie lange dauert die Lieferung?","Guten Tag. Für den Sensor XY123 für Ihre FSL-300 erstellen wir Ihnen gerne ein Angebot. Bitte teilen Sie uns die Seriennummer Ihrer Maschine mit, damit wir das korrekte Ersatzteil identifizieren und die Verfügbarkeit prüfen können. Die Lieferzeit beträgt in der Regel 3-5 Werktage nach Auftragserteilung.",2,0.354114197981367,Lieferung & Bestellung
2023-02-05,Die CNCF-500 zeigt eine Übertemperaturwarnung. Was bedeutet das?,"Guten Tag. Eine Übertemperaturwarnung an Ihrer CNCF-500 deutet auf eine mögliche Überlastung oder einen Defekt im Kühlsystem hin. Bitte überprüfen Sie, ob die Kühlmittelstände korrekt sind und ob die Lüfter ordnungsgemäß funktionieren. Im Handbuch im Downloadbereich finden Sie weitere Informationen zur Fehlerbehebung.",5,0.41326933073625244,Sonstiges
2023-02-18,"Die Software stürzt ständig ab, wenn ich eine DXF-Datei importiere. Version 2.1. Wie kann ich das beheben?","Guten Tag. Abstürze beim DXF-Import können verschiedene Ursachen haben. Bitte stellen Sie sicher, dass Ihre DXF-Datei korrekt formatiert ist und keine fehlerhaften Elemente enthält. Aktualisieren Sie ggf. die Software auf die neueste Version.  Weitere Informationen finden Sie in der Online-Hilfe.",7,1.0,Software & IT
2023-03-01,Wann muss ich die SNU-200 das erste Mal warten lassen?,"Guten Tag. Die SNU-200 hat einen Wartungsplan, der im Handbuch im Downloadbereich detailliert beschrieben ist. Die erste Wartung ist in der Regel nach 500 Betriebsstunden fällig. Bitte beachten Sie die spezifischen Anforderungen für Ihre Anwendung.",9,0.33627825782182286,Wartung & Service
2023-03-10,Meine SCS-100 ist defekt. Ich habe sie erst vor 6 Monaten gekauft. Was kann ich tun?,"Guten Tag. Bitte teilen Sie uns Ihre Bestellnummer und die Seriennummer der SCS-100 mit, damit wir den Kaufzeitpunkt und die Garantiebedingungen prüfen können. Beschreiben Sie bitte auch den Defekt so genau wie möglich.",-1,0.0,Lieferung & Bestellung
2023-04-03,Bieten Sie Schulungen für die HP-150 an? Ich muss meine Mitarbeiter einarbeiten.,"Guten Tag. Ja, wir bieten Schulungen für die HP-150 an.  Informationen zu den Schulungsinhalten, Terminen und Preisen finden Sie auf unserer Website im Bereich 'Schulungen' oder Sie kontaktieren uns direkt für ein individuelles Angebot.",0,0.738787461332361,Schulung & Inbetriebnahme
2023-04-20,Wo ist meine Bestellung? Bestellnummer 20230410-01. DM-500,"Guten Tag. Ihre Bestellung 20230410-01 für eine DM-500 ist bereits versandt. Sie erhalten eine Sendungsverfolgungsnummer per E-Mail, sobald diese verfügbar ist.  Falls Sie die E-Mail nicht finden können, teilen Sie uns dies bitte mit.",6,1.0,Lieferung & Bestellung
2023-05-12,Brauche Ersatzteil für FSL-300. Spindel defekt.,"Guten Tag. Für die Spindel Ihrer FSL-300 erstellen wir Ihnen gerne ein Angebot. Bitte geben Sie die Seriennummer der Maschine an, damit wir die richtige Spindel auswählen können.",2,0.27659897251668825,Lieferung & Bestellung
2023-05-25,Fehler an CNCF-500. Hydraulikdruck zu niedrig.,Guten Tag. Ein niedriger Hydraulikdruck an Ihrer CNCF-500 kann verschiedene Ursachen haben. Überprüfen Sie den Ölstand und die Funktion der Hydraulikpumpe.  Im Handbuch finden Sie eine detaillierte Anleitung zur Fehlerbehebung.,4,0.15579279305448823,Ersatzteile & Technik
2023-06-08,Software Version 2.1 geht immer wieder auf. Neustart hilft nicht!,Guten Tag. Ein wiederholtes Auftreten von Software Version 2.1 deutet auf ein Problem mit der Installation hin.  Bitte deinstallieren Sie die Software vollständig und installieren Sie sie neu.  Sichern Sie vorher unbedingt Ihre Daten.,1,1.0,Software & IT
2023-06-22,Wartungsplan SNU-200? Wie oft Ölwechsel?,Guten Tag. Der Wartungsplan für die SNU-200 ist im Handbuch im Downloadbereich aufgeführt.  Der Ölwechsel ist in der Regel alle 1000 Betriebsstunden erforderlich.  Beachten Sie die spezifischen Anforderungen für Ihre Anwendung.,13,1.0,Wartung & Service
2023-07-01,Garantie SCS-100. Defekt innerhalb 8 Monaten.,Guten Tag. Bitte teilen Sie uns Ihre Bestellnummer und die Seriennummer der SCS-100 mit. Wir prüfen dann die Garantiebedingungen und informieren Sie über die nächsten Schritte.,3,0.10257265698514861,Garantie & Reklamation
2023-07-15,Ich brauche eine Schulung für die Inbetriebnahme der HP-150. Wann geht das?,Guten Tag. Wir bieten regelmäßige Schulungen für die Inbetriebnahme der HP-150 an.  Die aktuellen Termine finden Sie auf unserer Website im Bereich 'Schulungen'.  Gerne können wir auch einen individuellen Termin vereinbaren.,0,0.8133464813128002,Schulung & Inbetriebnahme
2023-08-05,Bestellung 20230801-02. Lieferung verzögert?,"Guten Tag. Ihre Bestellung 20230801-02 ist aufgrund hoher Auftragslage leicht verzögert. Wir arbeiten mit Hochdruck an der Auslieferung und informieren Sie, sobald ein konkreter Liefertermin feststeht.",11,0.23776345264541854,Lieferung & Bestellung
2023-08-20,Ersatzteil Angebot für DM-500. Artikelnummer 456789.,"Guten Tag. Für das Ersatzteil mit der Artikelnummer 456789 für Ihre DM-500 erstellen wir Ihnen umgehend ein Angebot.  Bitte geben Sie uns die Seriennummer Ihrer Maschine, um die Kompatibilität sicherzustellen.",3,0.09494597749036322,Garantie & Reklamation
2023-09-10,Fehlermeldung an CNCF-500: Sensor defekt!,Guten Tag. Eine Fehlermeldung bezüglich eines defekten Sensors an Ihrer CNCF-500 erfordert eine genauere Diagnose. Bitte geben Sie die genaue Fehlermeldung an und teilen Sie uns die Seriennummer der Maschine mit.,8,1.0,Ersatzteile & Technik
2023-09-25,"Software stürzt ab, DXF Import geht nicht. Hab Version 2.2.","Guten Tag. Abstürze beim DXF-Import mit Version 2.2 können durch fehlerhafte DXF-Dateien verursacht werden.  Bitte prüfen Sie die Datei auf Fehler oder versuchen Sie, eine andere DXF-Datei zu importieren.  Ein Update auf die neueste Version kann ebenfalls helfen.",7,1.0,Software & IT
2023-10-02,Wartung. Benötige Spezialwerkzeug für SNU-200?,Guten Tag. Für die Wartung der SNU-200 benötigen Sie möglicherweise spezielles Werkzeug. Eine Liste des benötigten Werkzeugs finden Sie im Handbuch im Downloadbereich.,12,1.0,Wartung & Service
2023-10-18,"SCS-100 defekt, Rechnung liegt vor. Was nun?",Guten Tag. Bitte senden Sie uns eine Kopie der Rechnung zusammen mit einer Beschreibung des Defekts und der Seriennummer der SCS-100. Wir prüfen dann Ihren Anspruch.,3,0.6627453872093082,Garantie & Reklamation
2023-01-15,"Hallo, ich habe am 02.01.2023 eine DM-500 bestellt, aber noch keine Versandbestätigung erhalten. Bestellnummer ist 20230102-001.","Guten Tag, vielen Dank für Ihre Anfrage. Wir prüfen umgehend den Status Ihrer Bestellung 20230102-001. Die Versandbestätigung sollte in den nächsten 24-48 Stunden per E-Mail an Sie versendet werden. Sollten Sie bis dahin keine Rückmeldung erhalten, kontaktieren Sie uns bitte erneut.",10,1.0,Lieferung & Bestellung
2023-01-22,Wo bleibt meine Lieferung? Ich warte schon ewig auf die SCS-100. Bestellnummer: 20230110-005,"Guten Tag, wir entschuldigen uns für die Verzögerung. Wir überprüfen den Versandstatus Ihrer SCS-100 mit der Bestellnummer 20230110-005 und informieren Sie schnellstmöglich über den aktuellen Stand. Bitte haben Sie etwas Geduld.",6,1.0,Lieferung & Bestellung
2023-02-05,Ich benötige dringend ein Ersatzteil für meine FSL-300. Es ist die Hydraulikpumpe. Können Sie mir ein Angebot zukommen lassen?,"Guten Tag, wir benötigen zur Erstellung eines Angebots für die Hydraulikpumpe der FSL-300 die genaue Artikelnummer des Ersatzteils und die Seriennummer Ihrer Maschine. Bitte teilen Sie uns diese Informationen mit.",4,1.0,Ersatzteile & Technik
2023-02-18,"Wie lange dauert die Lieferung von Ersatzteilen? Ich brauche einen neuen Sensor für meine CNCF-500, Artikelnummer 1234567.","Guten Tag, die Lieferzeit für den Sensor (Artikelnummer 1234567) für Ihre CNCF-500 beträgt in der Regel 3-5 Werktage. Bitte geben Sie uns die Seriennummer Ihrer Maschine an, um die Kompatibilität sicherzustellen.",2,0.7039948317111785,Lieferung & Bestellung
2023-03-10,Meine DM-500 zeigt eine Übertemperaturwarnung. Was soll ich tun?,"Guten Tag, eine Übertemperaturwarnung bei der DM-500 deutet auf ein Problem mit dem Kühlsystem hin. Bitte überprüfen Sie den Kühlmittelstand und die Funktion des Lüfters. Im Handbuch im Downloadbereich finden Sie detaillierte Anweisungen zur Fehlerbehebung.",5,1.0,Sonstiges
2023-03-25,An der SNU-200 kommt eine Fehlermeldung: 'Druck zu niedrig'. Was bedeutet das?,"Guten Tag, die Fehlermeldung 'Druck zu niedrig' an der SNU-200 kann verschiedene Ursachen haben. Überprüfen Sie bitte die Druckluftversorgung und die Einstellungen am Manometer. Eine genaue Beschreibung der Fehlermeldung und mögliche Lösungen finden Sie im Handbuch.",4,0.06939004669393295,Ersatzteile & Technik
2023-04-02,Die Software stürzt ständig ab! Ich nutze Version 2.5. Was kann ich tun?,"Guten Tag, Softwareabstürze können verschiedene Ursachen haben. Bitte überprüfen Sie, ob Ihre Systemanforderungen erfüllt sind und installieren Sie die neueste Version der Software. Sie finden diese im Downloadbereich auf unserer Website.",1,1.0,Software & IT
2023-04-15,Ich kann keine DXF-Dateien importieren. Es kommt immer eine Fehlermeldung. SNU-200 Software v2.5,"Guten Tag, Probleme beim DXF-Import können durch inkompatible Dateiversionen oder beschädigte Dateien verursacht werden. Bitte stellen Sie sicher, dass die DXF-Datei dem unterstützten Format entspricht und versuchen Sie, die Datei erneut zu importieren. Falls das Problem weiterhin besteht, kontaktieren Sie uns bitte erneut.",7,0.2509418734418235,Software & IT
2023-05-01,Wann ist die nächste Wartung für meine HP-150 fällig? Ich habe die Maschine erst seit kurzem.,"Guten Tag, die Wartungsintervalle für die HP-150 sind abhängig von der Nutzungsdauer und -intensität. Bitte entnehmen Sie die genauen Intervalle dem Wartungsplan im Handbuch Ihrer Maschine.",9,1.0,Wartung & Service
2023-05-18,Ich benötige Spezialwerkzeug für die Wartung der SCS-100. Wo bekomme ich das?,"Guten Tag, das benötigte Spezialwerkzeug für die Wartung der SCS-100 können Sie über unseren Online-Shop oder direkt bei unseren Servicepartnern beziehen. Eine Liste der benötigten Werkzeuge finden Sie im Wartungshandbuch.",12,1.0,Wartung & Service
2023-06-10,Meine DM-500 ist defekt. Ich habe sie erst vor 6 Monaten gekauft. Was kann ich tun?,"Guten Tag, bitte teilen Sie uns die Seriennummer Ihrer DM-500 und eine detaillierte Beschreibung des Defekts mit. Wir prüfen dann, ob Ihr Fall unter die Garantiebestimmungen fällt und informieren Sie über die weiteren Schritte.",-1,0.0,Lieferung & Bestellung
2023-06-28,Ich habe ein Problem mit der Spindel an der CNCF-500. Sie macht komische Geräusche.,"Guten Tag, ungewöhnliche Geräusche an der Spindel der CNCF-500 können auf ein Lagerschaden oder eine andere mechanische Ursache hindeuten. Bitte schalten Sie die Maschine sofort ab und kontaktieren Sie unseren technischen Support, um eine Ferndiagnose durchführen zu lassen.",-1,0.0,Lieferung & Bestellung
2023-07-05,Ich brauche eine Schulung für die neue FSL-300. Wer bietet das an?,"Guten Tag, wir bieten regelmäßige Schulungen für die FSL-300 an. Informationen zu Terminen und Inhalten finden Sie auf unserer Website im Bereich 'Schulungen' oder kontaktieren Sie unseren Vertrieb für ein individuelles Angebot.",0,1.0,Schulung & Inbetriebnahme
2023-07-20,Wie funktioniert die Inbetriebnahme der SCS-100? Ich habe das Handbuch nicht gefunden.,"Guten Tag, die Inbetriebnahme der SCS-100 ist im Handbuch ausführlich beschrieben. Sie finden das Handbuch im Downloadbereich unserer Website unter dem entsprechenden Modell. Wenn Sie das Handbuch nicht finden können, geben Sie uns bitte die Seriennummer der Maschine an, damit wir Ihnen das korrekte Dokument zukommen lassen können.",0,0.12222170750231047,Schulung & Inbetriebnahme
2023-08-12,Bestellstatus? 20230615-012 - DM-500,"Guten Tag, Ihre Bestellung 20230615-012 (DM-500) wurde versandt und sollte innerhalb der nächsten 1-2 Werktage bei Ihnen eintreffen. Die Sendungsnummer lautet XYZ123456. Sie können den Versandstatus hier verfolgen: [Link entfernt – generischer Hinweis statt konkretem Link]",-1,0.0,Lieferung & Bestellung
2023-09-03,Ich brauche dringend einen Ersatzschlauch für die Hydraulik der SNU-200. Wie schnell geht das?,"Guten Tag, wir benötigen zur Prüfung der Lieferzeit die genaue Artikelnummer des Schlauchs und die Seriennummer Ihrer SNU-200. Bitte teilen Sie uns diese Informationen mit.",4,1.0,Ersatzteile & Technik
2023-09-18,Fehlermeldung 'Sensorfehler' auf der CNCF-500. Was tun?,"Guten Tag, die Fehlermeldung 'Sensorfehler' auf der CNCF-500 deutet auf ein Problem mit einem der Sensoren hin. Bitte notieren Sie sich die genaue Fehlermeldungsnummer und kontaktieren Sie unseren technischen Support für eine Ferndiagnose.",8,1.0,Ersatzteile & Technik
2023-10-25,Lizenz für die Software ist ungültig. Wie kann ich das beheben? Version 2.6,"Guten Tag, eine ungültige Lizenz kann durch verschiedene Ursachen entstehen. Bitte überprüfen Sie, ob Ihre Lizenzdatei korrekt installiert ist und ob die Systemzeit korrekt eingestellt ist. Wenn das Problem weiterhin besteht, kontaktieren Sie unseren technischen Support mit Ihrer Lizenznummer und Softwareversion.",1,0.8289311704428086,Software & IT
2023-11-08,Wartungsplan für die HP-150 – wo finde ich den?,"Guten Tag, den Wartungsplan für die HP-150 finden Sie im Handbuch Ihrer Maschine. Sie können das Handbuch auch im Downloadbereich unserer Website herunterladen. Geben Sie dort die Seriennummer Ihrer Maschine ein, um das korrekte Handbuch zu finden.",-1,0.0,Lieferung & Bestellung
2023-12-01,Meine DM-500 ist innerhalb der Garantiezeit defekt. Wie gehe ich vor?,"Guten Tag, bitte teilen Sie uns die Seriennummer Ihrer DM-500 und eine detaillierte Beschreibung des Defekts mit. Wir prüfen dann, ob Ihr Fall unter die Garantiebestimmungen fällt und informieren Sie über die weiteren Schritte. Bitte senden Sie uns gegebenenfalls Fotos oder Videos des Defekts zu.",14,1.0,Garantie & Reklamation
2023-01-15,"Hallo, ich habe am 05.01. eine DM-500 bestellt, aber noch keine Versandbestätigung erhalten. Wo ist meine Maschine?","Sehr geehrte Damen und Herren,

vielen Dank für Ihre Anfrage. Bitte geben Sie uns Ihre Bestellnummer, damit wir den Status Ihrer Bestellung DM-500 prüfen können. Sobald wir diese haben, können wir Ihnen Auskunft über den Versand geben. Sie finden Ihre Bestellnummer in der Bestellbestätigung, die Sie per E-Mail erhalten haben.",10,1.0,Lieferung & Bestellung
2023-01-22,"Ich brauche dringend ein Ersatzteil für meine FSL-300 – genauer gesagt, den Hydraulikzylinder. Können Sie mir sagen, ob das auf Lager ist und wie lange die Lieferzeit wäre?","Sehr geehrte Damen und Herren,

vielen Dank für Ihre Anfrage. Um Ihre Anfrage zu bearbeiten, benötigen wir die genaue Artikelnummer des Hydraulikzylinders für die FSL-300. Diese finden Sie im Ersatzteilkatalog oder im Handbuch Ihrer Maschine. Bitte teilen Sie uns diese mit, damit wir Verfügbarkeit und Lieferzeit prüfen können.",4,1.0,Ersatzteile & Technik
2023-02-08,Meine CNCF-500 zeigt eine Übertemperaturwarnung an. Was kann ich tun?,"Sehr geehrte Damen und Herren,

vielen Dank für Ihre Anfrage. Eine Übertemperaturwarnung kann verschiedene Ursachen haben. Bitte prüfen Sie zuerst, ob die Kühlluftöffnungen frei sind und der Kühlkreislauf ordnungsgemäß funktioniert. Im Handbuch finden Sie eine detaillierte Fehlerbehebung. Notieren Sie sich die genaue Fehlermeldung (inklusive Code), falls die Warnung erneut auftritt.",5,1.0,Sonstiges
2023-02-17,Die Software für meine SCS-100 stürzt ständig ab. Haben Sie eine Lösung?,"Sehr geehrte Damen und Herren,

vielen Dank für Ihre Anfrage. Softwareabstürze können durch verschiedene Faktoren verursacht werden. Bitte teilen Sie uns die genaue Softwareversion (z.B. V2.5.1) und die Schritte, die zum Absturz führen, mit. Ein Update auf die neueste Version kann das Problem möglicherweise beheben. Sie finden Updates im Downloadbereich unserer Webseite.",1,1.0,Software & IT
2023-03-01,Wann muss ich die DM-500 das nächste Mal warten lassen? Ich finde den Wartungsplan nicht.,"Sehr geehrte Damen und Herren,

vielen Dank für Ihre Anfrage. Die DM-500 hat regelmäßige Wartungsintervalle. Die genauen Intervalle und die erforderlichen Arbeiten sind im Wartungshandbuch dokumentiert, welches Sie im Downloadbereich unserer Webseite finden. Bitte prüfen Sie dort, wann die nächste Wartung fällig ist.",9,0.45082614958549316,Wartung & Service
2023-03-10,"Ich habe eine SCS-100, die innerhalb der Garantie defekt ist. Wie gehehe ich vor?","Sehr geehrte Damen und Herren,

vielen Dank für Ihre Anfrage. Für Garantieabwicklungen benötigen wir die Seriennummer der SCS-100 und eine detaillierte Fehlerbeschreibung. Bitte reichen Sie diese zusammen mit einer Kopie des Kaufbelegs über unser Kontaktformular ein. Wir werden Ihre Anfrage dann prüfen und Ihnen weitere Schritte mitteilen.",14,1.0,Garantie & Reklamation
2023-04-05,Bietet ENDI Schulungen für die Inbetriebnahme der SNU-200 an?,"Sehr geehrte Damen und Herren,

vielen Dank für Ihre Anfrage. Ja, wir bieten sowohl Vor-Ort-Schulungen als auch Online-Webinare für die Inbetriebnahme der SNU-200 an. Informationen zu Terminen und Preisen finden Sie auf unserer Webseite unter dem Bereich 'Schulungen'.",0,1.0,Schulung & Inbetriebnahme
2023-04-18,Ich warte schon 2 Wochen auf meine Bestellung (Nr. 12345). Wo bleibt die Lieferung?,"Sehr geehrte Damen und Herren,

vielen Dank für Ihre Anfrage. Wir prüfen den Status Ihrer Bestellung Nr. 12345 umgehend und informieren Sie innerhalb von 24 Stunden über den aktuellen Stand. Bitte entschuldigen Sie die Verzögerung.",6,0.3367123779953926,Lieferung & Bestellung
2023-05-02,Benötige Ersatzteil für Spindel der HP-150. Was kostet das?,"Sehr geehrte Damen und Herren,

vielen Dank für Ihre Anfrage. Für die HP-150 benötigen wir die genaue Bezeichnung der Spindel (z.B. Artikelnummer oder detaillierte Beschreibung), um Ihnen ein Angebot erstellen zu können. Bitte teilen Sie uns diese Informationen mit.",2,0.136250094909716,Lieferung & Bestellung
2023-05-15,Die CNCF-500 meldet einen Fehler beim Drucksensor. Was tun?,"Sehr geehrte Damen und Herren,

vielen Dank für Ihre Anfrage. Ein Fehler beim Drucksensor der CNCF-500 kann auf verschiedene Ursachen hindeuten. Bitte überprüfen Sie zuerst die Anschlüsse und Leitungen. Im Handbuch finden Sie eine Anleitung zur Fehlerbehebung und Kalibrierung des Sensors.",8,0.21496819563416425,Ersatzteile & Technik
2023-06-07,"Software hängt sich immer auf, wenn ich DXF-Dateien importiere (SCS-100).","Sehr geehrte Damen und Herren,

vielen Dank für Ihre Anfrage. Probleme beim Import von DXF-Dateien können auf verschiedene Ursachen zurückzuführen sein. Bitte stellen Sie sicher, dass Sie die aktuellste Softwareversion verwenden und die DXF-Dateien dem Standardformat entsprechen. Überprüfen Sie außerdem, ob die Dateien beschädigt sind.",7,1.0,Software & IT
2023-06-21,Wartungsintervalle FSL-300 – wie oft Ölwechsel?,"Sehr geehrte Damen und Herren,

vielen Dank für Ihre Anfrage. Die Wartungsintervalle für die FSL-300, einschließlich der Ölwechsel, sind im Wartungshandbuch dokumentiert. Sie finden das Handbuch im Downloadbereich unserer Webseite. Dort finden Sie detaillierte Angaben zu den empfohlenen Intervallen.",13,1.0,Wartung & Service
2023-07-03,"DM-500 defekt, innerhalb der Garantiezeit. Was muss ich machen?","Sehr geehrte Damen und Herren,

vielen Dank für Ihre Anfrage. Um eine Garantieabwicklung für die DM-500 einzuleiten, benötigen wir die Seriennummer der Maschine, den Kaufbeleg und eine detaillierte Beschreibung des Defekts. Bitte senden Sie diese Informationen an unser Support-Team.",14,1.0,Garantie & Reklamation
2023-07-19,Ich brauche Hilfe bei der Einrichtung der SNU-200.,"Sehr geehrte Damen und Herren,

vielen Dank für Ihre Anfrage. Wir bieten sowohl Online-Schulungen als auch Vor-Ort-Support für die Einrichtung der SNU-200 an. Bitte kontaktieren Sie uns, um einen Termin zu vereinbaren oder weitere Informationen zu erhalten.",0,0.3117491353534897,Schulung & Inbetriebnahme
2023-08-10,Bestellung 67890 noch nicht angekommen. Kann ich den Lieferstatus erfahren?,"Sehr geehrte Damen und Herren,

vielen Dank für Ihre Anfrage. Wir prüfen umgehend den Status Ihrer Bestellung Nr. 67890 und informieren Sie innerhalb von 24 Stunden über den aktuellen Lieferstand.",11,1.0,Lieferung & Bestellung
2023-08-25,Ersatzteil Hydraulik für FSL-300 benötigt. Dringend!,"Sehr geehrte Damen und Herren,

vielen Dank für Ihre Anfrage. Bitte teilen Sie uns die genaue Artikelnummer des Hydraulikteils für die FSL-300 mit, damit wir Verfügbarkeit und schnellstmögliche Lieferzeit prüfen können.",4,1.0,Ersatzteile & Technik
2023-09-05,CNCF-500 - Spindel überhitzt. Was tun?,"Sehr geehrte Damen und Herren,

vielen Dank für Ihre Anfrage. Überprüfen Sie bitte die Kühlmittelversorgung und die Belüftung der Spindel. Im Handbuch finden Sie eine Anleitung zur Fehlerbehebung bei Überhitzungsproblemen.",5,0.580056190668049,Sonstiges
2023-09-18,Software stürzt ab beim öffnen von Dateien. Version 2.3,"Sehr geehrte Damen und Herren,

vielen Dank für Ihre Anfrage. Bitte laden Sie die aktuellste Softwareversion (V2.5) von unserer Webseite herunter. Dies behebt häufig Stabilitätsprobleme. Sollte das Problem weiterhin bestehen, kontaktieren Sie uns erneut.",1,1.0,Software & IT
2023-10-02,Wann ist der nächste Ölwechsel für die DM-500 fällig?,"Sehr geehrte Damen und Herren,

vielen Dank für Ihre Anfrage. Die genauen Wartungsintervalle für die DM-500 finden Sie im Wartungshandbuch. Dort ist der empfohlene Ölwechselintervall detailliert beschrieben.",9,1.0,Wartung & Service
2023-10-17,"HP-150 defekt innerhalb der Garantiezeit, Seriennr. X1234567","Sehr geehrte Damen und Herren,

vielen Dank für Ihre Anfrage. Bitte reichen Sie einen Garantieantrag mit Angabe der Seriennummer X1234567 und einer detaillierten Fehlerbeschreibung über unser Online-Formular ein. Wir werden Ihre Anfrage schnellstmöglich prüfen.",3,0.3138198843499587,Garantie & Reklamation
2023-01-15,"Hallo, ich habe am 02.01.2023 die DM-500 bestellt, aber noch keine Versandbestätigung erhalten. Könnten Sie mir bitte sagen, wann meine Bestellung verschickt wird?","Sehr geehrte Damen und Herren,

vielen Dank für Ihre Anfrage. Wir prüfen gerne den Status Ihrer Bestellung. Bitte teilen Sie uns Ihre Bestellnummer mit, damit wir dies umgehend nachvollziehen können. Sobald wir diese haben, teilen wir Ihnen den aktuellen Stand der Lieferung mit.",10,0.11796919704743418,Lieferung & Bestellung
2023-01-22,"Ich benötige dringend ein Ersatzteil für meine FSL-300 - genauer gesagt, den Motor. Wo finde ich eine Preisliste und wie lange dauert die Lieferung?","Sehr geehrte Damen und Herren,

vielen Dank für Ihre Anfrage. Ersatzteile für die FSL-300 können Sie über unseren Online-Shop oder direkt über unsere Vertriebsabteilung anfordern. Eine aktuelle Preisliste finden Sie im Downloadbereich unserer Website. Die Lieferzeit beträgt in der Regel 3-5 Werktage nach Auftragseingang.",2,1.0,Lieferung & Bestellung
2023-02-05,Die CNCF-500 zeigt eine Übertemperaturwarnung. Was bedeutet das und was muss ich tun?,"Sehr geehrte Damen und Herren,

eine Übertemperaturwarnung deutet darauf hin, dass die Maschine zu heiß läuft. Bitte überprüfen Sie die Kühlmittelfüllstände und die Luftzufuhr. Im Handbuch finden Sie eine detaillierte Anleitung zur Fehlerbehebung. Falls das Problem weiterhin besteht, kontaktieren Sie uns bitte erneut und geben Sie die genaue Fehlermeldung an.",5,0.48191661816329234,Sonstiges
2023-02-18,"Die Software stürzt immer wieder ab, wenn ich eine DXF-Datei importiere. Ich benutze Version 3.2.","Sehr geehrte Damen und Herren,

vielen Dank für Ihre Anfrage. Das Problem mit dem DXF-Import ist uns bekannt. Bitte installieren Sie das neueste Update (Version 3.3), welches bereits Fehlerbehebungen in diesem Bereich enthält. Sie finden das Update im Downloadbereich unserer Website.",7,1.0,Software & IT
2023-03-10,Wann ist die nächste Wartung für die SNU-200 fällig? Und brauche ich spezielles Werkzeug?,"Sehr geehrte Damen und Herren,

die Wartungsintervalle für die SNU-200 sind im Handbuch detailliert beschrieben. Grundsätzlich empfehlen wir eine Wartung alle 6 Monate oder nach 500 Betriebsstunden. Für bestimmte Wartungsschritte benötigen Sie möglicherweise Spezialwerkzeug, welches Sie ebenfalls bei uns beziehen können.",12,0.5286438347553633,Wartung & Service
2023-03-25,Meine SCS-100 ist defekt - sie startet nicht mehr. Liegt das noch unter Garantie?,"Sehr geehrte Damen und Herren,

vielen Dank für Ihre Anfrage. Um festzustellen, ob Ihr Gerät noch unter Garantie steht, benötigen wir die Seriennummer der SCS-100 sowie das Kaufdatum. Bitte teilen Sie uns diese Informationen mit, damit wir den Garantieanspruch prüfen können.",14,1.0,Garantie & Reklamation
2023-04-02,Ich brauche eine Schulung für die Inbetriebnahme der DM-500.,"Sehr geehrte Damen und Herren,

vielen Dank für Ihre Anfrage. Wir bieten regelmäßige Schulungen für die Inbetriebnahme und Bedienung der DM-500 an. Aktuelle Termine und Informationen finden Sie auf unserer Website im Bereich 'Service & Support'.",0,1.0,Schulung & Inbetriebnahme
2023-04-15,Wo finde ich die aktuelle Bedienungsanleitung für die FSL-300?,"Sehr geehrte Damen und Herren,

die aktuelle Bedienungsanleitung für die FSL-300 finden Sie im Downloadbereich unserer Website. Dort können Sie die Anleitung als PDF-Datei herunterladen.",0,0.11253220693019067,Schulung & Inbetriebnahme
2023-05-01,Ich warte seit 2 Wochen auf meine Bestellung (Bestellnummer 20230501-01). Was ist los?,"Sehr geehrte Damen und Herren,

vielen Dank für Ihre Anfrage. Wir prüfen umgehend den Status Ihrer Bestellung 20230501-01 und informieren Sie innerhalb von 24 Stunden über den aktuellen Stand der Lieferung.",6,0.3103893273525159,Lieferung & Bestellung
2023-05-18,Benötige dringend Ersatzteile für die CNCF-500. Artikelnummer: 123456789.,"Sehr geehrte Damen und Herren,

vielen Dank für Ihre Anfrage. Wir prüfen die Verfügbarkeit des Artikels 123456789 für die CNCF-500 und erstellen Ihnen umgehend ein Angebot.",12,0.2977604456049656,Wartung & Service
2023-06-08,Fehler an der HP-150. Spindel macht komische Geräusche.,"Sehr geehrte Damen und Herren,

vielen Dank für Ihre Anfrage. Geräusche an der Spindel der HP-150 können verschiedene Ursachen haben. Bitte teilen Sie uns die genaue Beschreibung der Geräusche und die Seriennummer der Maschine mit, damit wir den Fehler besser eingrenzen können.",-1,0.0,Lieferung & Bestellung
2023-06-22,Software hängt sich auf. Gibt's ein Update?,"Sehr geehrte Damen und Herren,

vielen Dank für Ihre Anfrage. Ja, es gibt ein Update für unsere Software. Bitte laden Sie die neueste Version (3.4) von unserer Website herunter und installieren Sie diese.",1,1.0,Software & IT
2023-07-03,Wie oft muss ich die SNU-200 warten lassen?,"Sehr geehrte Damen und Herren,

vielen Dank für Ihre Anfrage. Die SNU-200 sollte gemäß Handbuch alle 6 Monate oder nach 500 Betriebsstunden gewartet werden. Details zu den einzelnen Wartungsschritten finden Sie im Handbuch im Downloadbereich.",13,1.0,Wartung & Service
2023-07-19,Die SCS-100 ist innerhalb der Garantiezeit kaputt. Was nun?,"Sehr geehrte Damen und Herren,

vielen Dank für Ihre Anfrage. Bitte teilen Sie uns die Seriennummer und das Kaufdatum der SCS-100 mit, damit wir den Garantieanspruch prüfen und die weitere Vorgehensweise besprechen können.",3,0.32954295998840594,Garantie & Reklamation
2023-08-05,Brauche ich eine Schulung für die DM-500?,"Sehr geehrte Damen und Herren,

vielen Dank für Ihre Anfrage. Eine Schulung für die DM-500 ist empfehlenswert, um die Maschine optimal zu bedienen und alle Funktionen zu nutzen. Informationen zu unseren Schulungsterminen finden Sie auf unserer Website.",0,1.0,Schulung & Inbetriebnahme
2023-08-28,Lieferstatus Bestellung 20230828-02? Keine Info erhalten.,"Sehr geehrte Damen und Herren,

vielen Dank für Ihre Anfrage. Wir prüfen umgehend den Status Ihrer Bestellung 20230828-02 und informieren Sie schnellstmöglich.",-1,0.0,Lieferung & Bestellung
2023-09-11,Hydraulikproblem bei der FSL-300. Druck fällt ab.,"Sehr geehrte Damen und Herren,

vielen Dank für Ihre Anfrage. Ein Druckabfall in der Hydraulik der FSL-300 kann verschiedene Ursachen haben. Bitte überprüfen Sie den Ölstand und die Schläuche auf Beschädigungen. Die genaue Fehlermeldung wäre hilfreich.",4,0.15371703417733812,Ersatzteile & Technik
2023-09-25,Software stürzt beim öffnen von DXF ab! Version 3.2. Hilfe!,"Sehr geehrte Damen und Herren,

vielen Dank für Ihre Anfrage. Der Absturz beim DXF-Import ist bekannt. Installieren Sie bitte das Update auf Version 3.3. Es behebt dieses Problem.",1,1.0,Software & IT
2023-10-12,Wartungsplan für SCS-100? Und welches Spezialwerkzeug?,"Sehr geehrte Damen und Herren,

vielen Dank für Ihre Anfrage. Den Wartungsplan für die SCS-100 finden Sie im Handbuch. Das benötigte Spezialwerkzeug können Sie in unserem Online-Shop bestellen.",12,1.0,Wartung & Service
2023-10-29,"DM-500 defekt, innerhalb der Garantiezeit. BestNr. 1122334455.","Sehr geehrte Damen und Herren,

vielen Dank für Ihre Anfrage. Wir prüfen den Garantieanspruch für Ihre DM-500 mit der Bestellnummer 1122334455. Bitte senden Sie uns das Gerät zur Überprüfung ein.",3,0.09816355072419776,Garantie & Reklamation
2023-01-15,"Hallo, ich habe am 05.01.2023 eine Maschine bestellt (Bestellnummer 20230105-01), aber noch keine Versandbestätigung erhalten. Können Sie mir sagen, wann die Lieferung erfolgt?","Sehr geehrte Damen und Herren,

vielen Dank für Ihre Anfrage. Wir prüfen umgehend den Status Ihrer Bestellung 20230105-01. Bitte erlauben Sie uns eine kurze Recherche. Sie erhalten innerhalb von 24 Stunden eine Rückmeldung mit dem voraussichtlichen Liefertermin. Bitte halten Sie Ihre Bestellnummer bereit, falls wir weitere Informationen benötigen.",10,0.12097855854695456,Lieferung & Bestellung
2023-01-22,"Guten Tag, wann kommt meine DM-500? Hab seit einer Woche nichts gehört.","Sehr geehrte Damen und Herren,

bitte teilen Sie uns Ihre Bestellnummer mit, damit wir den aktuellen Status Ihrer DM-500-Bestellung prüfen können. Ohne diese Information ist eine Zuordnung leider nicht möglich.  Wir informieren Sie schnellstmöglich über den Lieferstand.",9,0.7689717410356826,Wartung & Service
2023-02-08,"Ich benötige ein Ersatzteil für meine FSL-300, und zwar den Hydraulikzylinder. Wie lange dauert die Lieferung und was kostet das?","Sehr geehrte Damen und Herren,

vielen Dank für Ihre Anfrage. Für den Hydraulikzylinder der FSL-300 benötigen wir die genaue Artikelnummer des Ersatzteils. Diese finden Sie im Ersatzteilkatalog im Downloadbereich unserer Website oder im Handbuch Ihrer Maschine. Bitte teilen Sie uns auch Ihre Seriennummer mit, um sicherzustellen, dass wir das korrekte Ersatzteil anbieten. Nach Erhalt dieser Informationen erstellen wir Ihnen umgehend ein Angebot inklusive Lieferzeit.",4,1.0,Ersatzteile & Technik
2023-02-17,"Hat jemand ne Ahnung, warum die Spindel an der CNCF-500 überhitzt?","Sehr geehrte Damen und Herren,

eine Überhitzung der Spindel an der CNCF-500 kann verschiedene Ursachen haben. Bitte prüfen Sie zunächst, ob die Kühlung ordnungsgemäß funktioniert und ob die Spindellagerung ausreichend gefettet ist.  Notieren Sie sich die genaue Fehlermeldung und teilen Sie uns diese sowie Ihre Seriennummer mit. Wir können Ihnen dann gezieltere Hinweise geben oder einen Servicetechniker vermitteln.",-1,0.0,Lieferung & Bestellung
2023-03-01,"Die Software stürzt ständig ab, wenn ich eine DXF-Datei importiere. Was kann ich tun?","Sehr geehrte Damen und Herren,

bitte teilen Sie uns die genaue Version der verwendeten Software mit. Versuchen Sie zunächst, die DXF-Datei in einer älteren Version der Software zu öffnen oder eine einfachere DXF-Datei zu importieren, um das Problem einzugrenzen. Sollte das Problem weiterhin bestehen, senden Sie uns die DXF-Datei zur Analyse (oder einen Testlink zu dieser) und geben Sie Ihre Softwareversion an.",7,1.0,Software & IT
2023-03-12,"Wann muss ich die SNU-200 warten lassen? Im Handbuch steht was von Intervallen, aber die sind unklar.","Sehr geehrte Damen und Herren,

der Wartungsplan für die SNU-200 hängt von der Intensität der Nutzung ab. Als Standardempfehlung gilt ein Wartungsintervall von 6 Monaten bzw. 500 Betriebsstunden, je nachdem, welcher Zeitpunkt zuerst erreicht wird. Im Handbuch finden Sie eine detaillierte Auflistung der zu prüfenden Punkte.  Für spezielle Anwendungen oder hohe Belastungen empfehlen wir ein kürzeres Intervall.",9,0.34049057285175455,Wartung & Service
2023-04-05,Meine DM-500 ist innerhalb der Garantie kaputtgegangen. Was muss ich tun?,"Sehr geehrte Damen und Herren,

bitte teilen Sie uns Ihre Seriennummer und das genaue Problem Ihrer DM-500 mit. Wir prüfen, ob Ihr Gerät noch unter die Garantie fällt und leiten gegebenenfalls den Reparaturprozess ein. Bitte beachten Sie, dass wir für eine Garantieprüfung eine Fehlerbeschreibung und ggf. Fotos oder Videos benötigen.",14,1.0,Garantie & Reklamation
2023-04-20,Ich bräuchte dringend ein Angebot für Ersatzteile für die SCS-100. Und wann wären die lieferbar?,"Sehr geehrte Damen und Herren,

für ein Angebot für Ersatzteile der SCS-100 benötigen wir die genauen Artikelnummern der benötigten Teile sowie Ihre Seriennummer. Bitte senden Sie uns eine detaillierte Liste. Nach Erhalt der Informationen prüfen wir die Verfügbarkeit und erstellen Ihnen ein Angebot mit Angabe der Lieferzeit.",2,0.14281219846970528,Lieferung & Bestellung
2023-05-10,Es kommt eine Fehlermeldung 'Druck zu hoch' an der HP-150. Was bedeutet das?,"Sehr geehrte Damen und Herren,

eine Fehlermeldung 'Druck zu hoch' an der HP-150 deutet auf ein Problem im Hydrauliksystem hin. Bitte prüfen Sie zunächst den Ölstand und den Zustand des Öls. Notieren Sie sich die genaue Fehlermeldung (inkl. Fehlercode) und teilen Sie uns diese sowie Ihre Seriennummer mit. Wir können Ihnen dann weitere Anweisungen geben.",4,0.06880497278654245,Ersatzteile & Technik
2023-05-25,Die Softwareversion 2.3 stürzt ab beim speichern. Hab das schon 5x probiert.,"Sehr geehrte Damen und Herren,

bitte versuchen Sie, die Software auf die neueste Version zu aktualisieren. Oftmals werden Fehler in neueren Versionen behoben. Sollte das Problem weiterhin bestehen, erstellen Sie einen Screenshot der Fehlermeldung und senden Sie uns diesen zusammen mit Ihrer Softwareversion und der Maschinen-Seriennummer. Wir prüfen das Problem.",1,1.0,Software & IT
2023-06-02,Ich brauche Infos zur Wartung der FSL-300 und welche Spezialwerkzeuge ich dafür brauche.,"Sehr geehrte Damen und Herren,

der Wartungsplan für die FSL-300 ist im Handbuch im Downloadbereich unserer Website detailliert beschrieben. Die benötigten Spezialwerkzeuge sind ebenfalls dort aufgelistet. Wir empfehlen Ihnen, die Wartung von qualifiziertem Personal durchführen zu lassen, um die Betriebssicherheit der Maschine zu gewährleisten.",12,1.0,Wartung & Service
2023-06-18,Meine Bestellung (Nr. 20230618-02) ist noch nicht angekommen. Wo ist die?,"Sehr geehrte Damen und Herren,

wir prüfen den Status Ihrer Bestellung 20230618-02 umgehend. Bitte geben Sie uns einen Moment. Wir informieren Sie schnellstmöglich über den aktuellen Standort und den voraussichtlichen Liefertermin.",11,1.0,Lieferung & Bestellung
2023-07-07,"Ich hätte gern ein Angebot für Ersatzteile für die CNCF-500, Artikelnummern sind 12345 und 67890.","Sehr geehrte Damen und Herren,

vielen Dank für Ihre Anfrage. Wir erstellen Ihnen umgehend ein Angebot für die Artikelnummern 12345 und 67890 für die CNCF-500. Bitte teilen Sie uns Ihre Seriennummer mit, um sicherzustellen, dass die Teile kompatibel sind.",2,0.13007044589220834,Lieferung & Bestellung
2023-07-22,Die SNU-200 zeigt 'Sensorfehler' an. Was ist zu tun?,"Sehr geehrte Damen und Herren,

ein 'Sensorfehler' an der SNU-200 kann verschiedene Ursachen haben. Bitte prüfen Sie zunächst die Verkabelung des Sensors. Notieren Sie sich den genauen Fehlercode und teilen Sie uns diesen sowie Ihre Seriennummer mit. Wir können Ihnen dann weiterhelfen.",8,1.0,Ersatzteile & Technik
2023-08-11,Ich komme mit dem Software Update nicht klar. Kann ich auf die alte Version zurück?,"Sehr geehrte Damen und Herren,

ein Downgrade auf eine ältere Softwareversion ist grundsätzlich möglich. Bitte beachten Sie jedoch, dass dadurch möglicherweise Funktionen verloren gehen. Anleitungen zum Downgrade finden Sie im Handbuch oder im FAQ-Bereich unserer Website. Nennen Sie uns bitte Ihre aktuelle Softwareversion, dann können wir Ihnen spezifischere Anweisungen geben.",1,1.0,Software & IT
2023-08-28,Wann gibt es eine Schulung für die DM-500? Brauche noch Hilfe bei der Inbetriebnahme.,"Sehr geehrte Damen und Herren,

wir bieten regelmäßig Schulungen für die DM-500 an. Die aktuellen Termine finden Sie auf unserer Website im Bereich 'Service & Support'. Bitte melden Sie sich dort direkt für eine Schulung an. Sollten Sie vorab Unterstützung bei der Inbetriebnahme benötigen, stehen wir Ihnen gerne telefonisch zur Verfügung.",0,0.6743897817026557,Schulung & Inbetriebnahme
2023-09-05,Wo finde ich den Wartungsplan für die SCS-100?,"Sehr geehrte Damen und Herren,

der Wartungsplan für die SCS-100 ist im Handbuch Ihrer Maschine detailliert beschrieben. Sie können das Handbuch auch im Downloadbereich unserer Website einsehen oder herunterladen.",-1,0.0,Lieferung & Bestellung
2023-09-19,Bestellung 20230919-01 noch nicht da! Und ich brauche die Maschine dringend.,"Sehr geehrte Damen und Herren,

wir bedauern die Verzögerung bei Ihrer Bestellung 20230919-01. Wir prüfen umgehend den Lieferstatus und informieren Sie innerhalb von 24 Stunden über den voraussichtlichen Liefertermin.",6,1.0,Lieferung & Bestellung
2023-10-03,Die Hydraulik pumpt nicht mehr bei der HP-150. Was tun?,"Sehr geehrte Damen und Herren,

ein Defekt der Hydraulikpumpe bei der HP-150 kann verschiedene Ursachen haben. Bitte prüfen Sie zunächst den Ölstand und ob die Pumpe überhaupt Strom erhält. Teilen Sie uns Ihre Seriennummer und eine genaue Beschreibung des Problems mit, damit wir Ihnen gezielter helfen können.",4,0.17048307444746108,Ersatzteile & Technik
2023-10-17,Software absturz. Version 3.1. SNU-200. Hilfee!,"Sehr geehrte Damen und Herren,

bitte starten Sie die Software neu. Falls das Problem weiterhin besteht, versuchen Sie, die Software zu deinstallieren und neu zu installieren. Geben Sie uns Ihre Maschinen-Seriennummer an, wir prüfen, ob es bekannte Inkompatibilitäten gibt.",1,1.0,Software & IT
2023-01-15,"Hallo, ich habe am 10.01. eine Bestellung aufgegeben (Bestellnummer 20230110-01) und warte noch auf die Versandbestätigung. Können Sie mir sagen, wann ich mit der Lieferung rechnen kann?","Sehr geehrte Damen und Herren,
vielen Dank für Ihre Anfrage. Wir prüfen umgehend den Status Ihrer Bestellung 20230110-01. Bitte geben Sie uns einen Moment. Sie erhalten innerhalb von 24 Stunden eine Rückmeldung mit den aktuellen Versandinformationen. Sollte es zu Verzögerungen kommen, werden wir Sie proaktiv informieren.",10,0.12741543909452815,Lieferung & Bestellung
2023-01-22,"Ich benötige dringend ein Ersatzteil für meine DM-500, genauer gesagt den Spindelmotor (Artikelnummer 123456). Wie lange dauert die Lieferung?","Sehr geehrte Damen und Herren,
vielen Dank für Ihre Anfrage. Die Lieferzeit für den Spindelmotor (Artikelnummer 123456) für die DM-500 beträgt in der Regel 5-7 Werktage. Bitte teilen Sie uns Ihre vollständige Rechnungsadresse mit, damit wir ein Angebot erstellen können.",2,1.0,Lieferung & Bestellung
2023-02-05,Meine SCS-100 zeigt eine Übertemperaturwarnung an. Was bedeutet das und was kann ich tun?,"Sehr geehrte Damen und Herren,
eine Übertemperaturwarnung an der SCS-100 deutet auf eine mögliche Überlastung oder ein Problem mit dem Kühlsystem hin. Bitte prüfen Sie zunächst, ob die Lüftungsschlitze frei sind. Im Handbuch im Downloadbereich finden Sie weitere Informationen zur Fehlerbehebung. Bei anhaltenden Problemen kontaktieren Sie uns bitte erneut und nennen Sie uns die genaue Fehlermeldung.",5,0.48113263318186217,Sonstiges
2023-02-18,"Die Software stürzt ständig ab, wenn ich eine DXF-Datei importiere. Ich verwende Version 2.5. Was kann ich tun?","Sehr geehrte Damen und Herren,
ein Absturz beim DXF-Import in Softwareversion 2.5 ist ein bekanntes Problem. Wir empfehlen, auf die neueste Version 2.6 zu aktualisieren, die dieses Problem behebt. Sie finden das Update im Kundenportal. Bitte beachten Sie die Installationsanleitung.",7,1.0,Software & IT
2023-03-01,Wann ist die nächste Wartung für meine FSL-300 fällig? Ich habe die Maschine erst vor kurzem gekauft.,"Sehr geehrte Damen und Herren,
die Wartungsintervalle für die FSL-300 sind im Handbuch detailliert beschrieben. Bitte prüfen Sie die Erstinbetriebnahme-Dokumentation oder kontaktieren Sie uns mit der Seriennummer Ihrer Maschine, damit wir Ihnen die genauen Intervalle mitteilen können.",9,1.0,Wartung & Service
2023-03-10,"Ich habe eine DM-500 gekauft, die innerhalb der Garantiezeit defekt ist. Wie gehehe ich vor?","Sehr geehrte Damen und Herren,
ein Defekt innerhalb der Garantiezeit ist bedauerlich. Bitte füllen Sie das Reklamationsformular auf unserer Webseite aus und senden Sie es zusammen mit einer Kopie der Rechnung und einer Beschreibung des Defekts an unser Serviceteam. Wir werden die Anfrage prüfen und Ihnen schnellstmöglich eine Lösung anbieten.",14,1.0,Garantie & Reklamation
2023-04-02,Bieten Sie Schulungen für die CNCF-500 an?,"Sehr geehrte Damen und Herren,
Ja, wir bieten regelmäßig Schulungen für die CNCF-500 an. Informationen zu den aktuellen Terminen und Inhalten finden Sie auf unserer Webseite unter dem Bereich 'Schulungen'. Sie können sich dort direkt anmelden.",0,0.8164346152392249,Schulung & Inbetriebnahme
2023-04-15,Wo finde ich Informationen zur Wartung der SNU-200?,"Sehr geehrte Damen und Herren,
Informationen zur Wartung der SNU-200 finden Sie im Handbuch im Downloadbereich unserer Webseite. Dort sind die Wartungsintervalle und die benötigten Spezialwerkzeuge detailliert beschrieben.",-1,0.0,Lieferung & Bestellung
2023-05-01,Meine Bestellung (Nr. 20230501-02) ist noch nicht angekommen. Wo ist sie?,"Sehr geehrte Damen und Herren,
wir prüfen den aktuellen Status Ihrer Bestellung 20230501-02 und informieren Sie innerhalb von 24 Stunden über den Versandstatus.",11,1.0,Lieferung & Bestellung
2023-05-18,Ich brauche ein neues Hydraulikventil für die HP-150. Können Sie mir ein Angebot machen?,"Sehr geehrte Damen und Herren,
gerne erstellen wir Ihnen ein Angebot für das Hydraulikventil der HP-150. Bitte teilen Sie uns die Artikelnummer des benötigten Ventils und Ihre Rechnungsadresse mit.",4,1.0,Ersatzteile & Technik
2023-06-10,Die SCS-100 zeigt einen Fehler beim Sensor. Was soll ich tun?,"Sehr geehrte Damen und Herren,
ein Fehler beim Sensor der SCS-100 kann verschiedene Ursachen haben. Bitte notieren Sie sich die genaue Fehlermeldung und prüfen Sie die Kabelverbindungen. Im Handbuch finden Sie weitere Informationen zur Fehlerbehebung.",8,1.0,Ersatzteile & Technik
2023-06-25,Software hängt sich auf! (Version 2.5),"Sehr geehrte Damen und Herren,
Software-Abstürze sind ärgerlich. Bitte versuchen Sie, die Software neu zu starten. Sollte das Problem weiterhin bestehen, aktualisieren Sie auf die Version 2.6, welche verbesserte Stabilität bietet.",1,1.0,Software & IT
2023-07-03,Ich benötige eine Wartungsanleitung für die DM-500.,"Sehr geehrte Damen und Herren,
die Wartungsanleitung für die DM-500 finden Sie im Downloadbereich unserer Webseite. Dort können Sie das Handbuch als PDF herunterladen.",-1,0.0,Lieferung & Bestellung
2023-07-18,Garantiefrage - DM-500 defekt.,"Sehr geehrte Damen und Herren,
Bitte senden Sie uns das Reklamationsformular, eine Kopie der Rechnung und eine detaillierte Beschreibung des Defekts zu, damit wir Ihren Garantieanspruch prüfen können.",3,0.5137923955165823,Garantie & Reklamation
2023-08-01,Schulung für FSL-300 gesucht.,"Sehr geehrte Damen und Herren,
Informationen zu unseren Schulungen für die FSL-300 finden Sie auf unserer Webseite im Bereich 'Schulungen'. Dort können Sie sich auch direkt anmelden.",0,0.8439204931059594,Schulung & Inbetriebnahme
2023-08-15,Lieferung verspätet! Bestellnummer fehlt.,"Sehr geehrte Damen und Herren,
Bitte teilen Sie uns Ihre Bestellnummer mit, damit wir den Status Ihrer Lieferung prüfen können.",11,0.2733079832951295,Lieferung & Bestellung
2023-09-02,Ersatzteile SNU-200 - Spindel und Lager.,"Sehr geehrte Damen und Herren,
Bitte teilen Sie uns die genauen Artikelnummern der benötigten Spindel und Lager für die SNU-200 mit, damit wir Ihnen ein Angebot erstellen können.",2,0.18941895953405188,Lieferung & Bestellung
2023-09-19,Fehler SCS-100 - Druckabfall.,"Sehr geehrte Damen und Herren,
ein Druckabfall bei der SCS-100 kann auf verschiedene Ursachen hinweisen. Bitte prüfen Sie die Druckluftzufuhr und die Schläuche auf Beschädigungen. Die genaue Fehlermeldung hilft uns bei der Diagnose.",8,0.15593915499024327,Ersatzteile & Technik
2023-10-10,Software stürzt ab beim öffnen von dateien.,"Sehr geehrte Damen und Herren,
Bitte stellen Sie sicher, dass Sie die aktuelle Softwareversion verwenden. Eine ältere Version kann zu Problemen führen. Versuchen Sie, die Software neu zu installieren.",1,1.0,Software & IT
2023-10-25,Wartungsplan CNCF-500? + Ersatzteile,"Sehr geehrte Damen und Herren,
der Wartungsplan für die CNCF-500 finden Sie im Handbuch. Für die benötigten Ersatzteile erstellen wir Ihnen gerne ein Angebot, wenn Sie uns die Artikelnummern nennen.",13,1.0,Wartung & Service
2023-01-15,"Hallo, ich habe am 02.01.2023 eine DM-500 bestellt, aber noch keine Versandbestätigung erhalten. Bestellnummer ist 12345.",Guten Tag. Ihre Bestellung vom 02.01.2023 mit der Bestellnummer 12345 wird derzeit bearbeitet. Wir prüfen den Versandstatus und informieren Sie umgehend. Bitte haben Sie noch etwas Geduld.,10,1.0,Lieferung & Bestellung
2023-01-22,"Wo bleibt meine Lieferung? Artikelnummer 67890, Modell SNU-200. Sollte doch eigentlich schon da sein?","Guten Tag. Bitte geben Sie uns Ihre Bestellnummer an, damit wir den Status Ihrer Lieferung (Artikelnummer 67890, SNU-200) prüfen können. Wir melden uns dann schnellstmöglich bei Ihnen.",6,1.0,Lieferung & Bestellung
2023-02-05,Ich benötige ein Ersatzteil für meine FSL-300. Es handelt sich um die Spindel. Könnten Sie mir ein Angebot zukommen lassen?,Guten Tag. Gerne erstellen wir Ihnen ein Angebot für eine Ersatzspindel für Ihre FSL-300. Bitte teilen Sie uns die genaue Modellbezeichnung der Spindel mit oder senden Sie uns ein Foto. Die Lieferzeit beträgt in der Regel 5-7 Werktage nach Auftragseingang.,2,0.25168308625733415,Lieferung & Bestellung
2023-02-18,Wie lange dauert die Lieferung eines Ersatzteils (ArtNr. 98765) für die SCS-100?,"Guten Tag. Die Lieferzeit für das Ersatzteil mit der Artikelnummer 98765 für die SCS-100 beträgt in der Regel 3-5 Werktage. Bitte prüfen Sie, ob die Artikelnummer korrekt ist.",2,1.0,Lieferung & Bestellung
2023-03-01,Meine DM-500 zeigt eine Übertemperaturwarnung. Was kann ich tun?,Guten Tag. Eine Übertemperaturwarnung bei der DM-500 kann verschiedene Ursachen haben. Bitte prüfen Sie die Kühlleistung und die Belüftung. Details zur Fehlerbehebung finden Sie im Handbuch im Downloadbereich unserer Webseite.,5,1.0,Sonstiges
2023-03-10,Fehler an CNCF-500: Druckabfall Hydraulik. Was bedeutet das?,"Guten Tag. Ein Druckabfall im Hydrauliksystem der CNCF-500 deutet auf ein Problem mit der Hydraulikpumpe, den Leitungen oder den Ventilen hin. Bitte informieren Sie uns über die genaue Fehlermeldung und die Seriennummer der Maschine.",4,0.17172876677726595,Ersatzteile & Technik
2023-04-07,Die Software stürzt ständig ab. Ich benutze Version 3.2. Was kann ich machen?,"Guten Tag. Software-Abstürze können verschiedene Ursachen haben. Bitte stellen Sie sicher, dass Ihr Betriebssystem und Ihre Grafikkarte die Systemanforderungen erfüllen. Versuchen Sie, die Software neu zu installieren. Eventuell ist auch ein Update auf die neueste Version hilfreich.",1,1.0,Software & IT
2023-04-21,Kann ich DXF-Dateien in die Software importieren? Es funktioniert nicht.,"Guten Tag. Ja, unsere Software unterstützt den Import von DXF-Dateien. Bitte stellen Sie sicher, dass die DXF-Datei korrekt formatiert ist und die Version mit der Software kompatibel ist. Überprüfen Sie die Importeinstellungen in der Software.",7,0.24864657096187512,Software & IT
2023-05-03,Wann ist der nächste Wartungstermin für meine SCS-100 fällig? Ich weiß es nicht mehr.,"Guten Tag. Der Wartungsintervall für die SCS-100 beträgt 6 Monate oder 500 Betriebsstunden, je nachdem, was zuerst eintritt. Um Ihren letzten Wartungstermin zu ermitteln, benötigen wir die Seriennummer Ihrer Maschine.",9,1.0,Wartung & Service
2023-05-15,Welche Spezialwerkzeuge benötige ich für die Wartung der FSL-300?,"Guten Tag. Für die regelmäßige Wartung der FSL-300 benötigen Sie unter anderem einen Drehmomentschlüssel, einen Schraubendrehersatz und einen Satz Inbusschlüssel. Eine detaillierte Liste finden Sie im Wartungshandbuch.",12,1.0,Wartung & Service
2023-06-08,Meine DM-500 ist defekt. Ich habe sie vor 3 Monaten gekauft. Was muss ich tun?,"Guten Tag. Bitte teilen Sie uns die Seriennummer Ihrer DM-500 und eine genaue Beschreibung des Defekts mit. Wir prüfen dann, ob Ihr Gerät noch unter die Garantie fällt und wie wir weiter vorgehen können.",-1,0.0,Lieferung & Bestellung
2023-06-25,Ich habe einen Defekt an meiner CNCF-500. Garantiezeit ist noch nicht abgelaufen.,Guten Tag. Bitte geben Sie uns die Seriennummer der CNCF-500 sowie eine detaillierte Fehlerbeschreibung an. Wir prüfen die Garantiebedingungen und informieren Sie über die nächsten Schritte.,14,1.0,Garantie & Reklamation
2023-07-12,Bieten Sie Schulungen für die HP-150 an? Ich bin neu in der Bedienung.,"Guten Tag. Ja, wir bieten sowohl Vor-Ort-Schulungen als auch Online-Trainings für die HP-150 an. Informationen zu den Schulungsterminen und Preisen finden Sie auf unserer Webseite.",0,0.739477756647713,Schulung & Inbetriebnahme
2023-07-29,Ich brauche Hilfe bei der Inbetriebnahme der SNU-200.,"Guten Tag. Gerne unterstützen wir Sie bei der Inbetriebnahme der SNU-200. Wir empfehlen Ihnen, das Kapitel zur Inbetriebnahme im Handbuch zu lesen. Bei weiteren Fragen stehen wir Ihnen gerne zur Verfügung.",0,0.3261427352793078,Schulung & Inbetriebnahme
2023-08-05,lieferstatus 12345 + rechnung bitte,Guten Tag. Wir prüfen den Versandstatus Ihrer Bestellung 12345 und senden Ihnen umgehend eine Kopie der Rechnung per E-Mail zu.,-1,0.0,Lieferung & Bestellung
2023-09-11,Sensor defekt an DM-500. Wie tausche ich das Teil aus?,"Guten Tag. Der Austausch eines Sensors an der DM-500 erfordert Fachkenntnisse. Wir empfehlen Ihnen, sich an unseren technischen Support zu wenden oder einen qualifizierten Techniker zu beauftragen.",8,1.0,Ersatzteile & Technik
2023-10-02,Software update fehlgeschlagen. Was jetzt?,"Guten Tag. Ein fehlgeschlagenes Software-Update kann verschiedene Ursachen haben. Bitte starten Sie die Software neu und versuchen Sie das Update erneut. Sollte das Problem weiterhin bestehen, wenden Sie sich an unseren technischen Support.",1,1.0,Software & IT
2023-11-17,Wartungsplan für SCS-100. Wo finde ich den?,Guten Tag. Den Wartungsplan für die SCS-100 finden Sie im Handbuch im Downloadbereich unserer Webseite. Dort sind alle Intervalle und notwendigen Arbeiten detailliert beschrieben.,-1,0.0,Lieferung & Bestellung
2023-12-03,Garantiefrage: HP-150. Spindel defekt. Was jetzt?,Guten Tag. Bitte teilen Sie uns die Seriennummer Ihrer HP-150 und eine genaue Beschreibung des Defekts der Spindel mit. Wir prüfen die Garantiebedingungen und informieren Sie über die nächsten Schritte.,3,0.44196814992442846,Garantie & Reklamation
2023-12-20,Ich brauche dringend ein Handbuch für die CNCF-500,Guten Tag. Sie finden das Handbuch für die CNCF-500 im Downloadbereich unserer Webseite. Dort können Sie es sich kostenlos herunterladen.,0,0.10275392397584092,Schulung & Inbetriebnahme
2023-01-15,"Hallo, ich habe am 02.01.2023 eine DM-500 bestellt, aber noch keine Versandbestätigung erhalten. Können Sie mir sagen, wann ich mit der Lieferung rechnen kann?","Sehr geehrte/r Kunde/in, vielen Dank für Ihre Anfrage. Bitte geben Sie uns Ihre Bestellnummer, damit wir den Status Ihrer Bestellung prüfen können. Sobald die Bestellung unser Lager verlassen hat, erhalten Sie automatisch eine Versandbestätigung per E-Mail. Die aktuelle Bearbeitungszeit für DM-500 beträgt ca. 5 Werktage.",10,0.12064300706067538,Lieferung & Bestellung
2023-01-22,"Ich benötige ein Ersatzteil für meine FSL-300. Es handelt sich um das Hydraulikventil, Artikelnummer 4711. Wie lange dauert die Lieferung und was kostet das?","Guten Tag, für das Hydraulikventil (Artikelnummer 4711) für Ihre FSL-300 erstellen wir Ihnen gerne ein Angebot. Bitte teilen Sie uns die Seriennummer Ihrer Maschine mit, damit wir die passende Version identifizieren können. Die Lieferzeit beträgt in der Regel 3-5 Werktage nach Auftragseingang.",4,1.0,Ersatzteile & Technik
2023-02-05,Meine CNCF-500 zeigt eine Übertemperaturwarnung an. Was soll ich tun?,"Sehr geehrte/r Kunde/in, eine Übertemperaturwarnung deutet auf eine mögliche Überlastung oder einen Defekt des Kühlsystems hin. Bitte überprüfen Sie zunächst die Kühlflüssigkeitsstände und die Belüftung der Maschine. Genaue Anweisungen finden Sie im Handbuch im Downloadbereich. Sollte das Problem weiterhin bestehen, notieren Sie sich die genaue Fehlermeldung und kontaktieren Sie uns erneut.",5,1.0,Sonstiges
2023-02-18,"Die Software stürzt immer wieder ab, wenn ich versuche, eine DXF-Datei zu importieren. Hat jemand ähnliche Probleme?","Guten Tag, Abstürze beim DXF-Import können verschiedene Ursachen haben. Bitte stellen Sie sicher, dass Sie die aktuelle Softwareversion verwenden. Versuchen Sie außerdem, die DXF-Datei zu vereinfachen oder in einem anderen Format zu speichern. Falls das Problem weiterhin besteht, teilen Sie uns bitte Ihre Softwareversion und die Größe der DXF-Datei mit.",7,1.0,Software & IT
2023-03-01,Wann muss ich die SCS-100 das erste Mal warten lassen?,"Sehr geehrte/r Kunde/in, die erste Wartung der SCS-100 ist nach 500 Betriebsstunden oder spätestens 6 Monate nach Inbetriebnahme fällig. Im Handbuch finden Sie einen detaillierten Wartungsplan. Für spezielle Wartungsintervalle kontaktieren Sie unseren Service.",9,0.33863972556487326,Wartung & Service
2023-03-10,"Ich habe eine DM-500 bestellt, aber noch nichts gehört. Bestellnummer ist 20230301-001.","Guten Tag, vielen Dank für Ihre Anfrage. Wir haben Ihre Bestellung mit der Bestellnummer 20230301-001 gefunden. Die DM-500 wurde gestern versandt. Sie erhalten die Versandbestätigung mit Tracking-Link noch heute per E-Mail.",10,1.0,Lieferung & Bestellung
2023-04-12,"Benötige dringend Ersatzteile für SNU-200, speziell die Spindel. Können Sie mir ein Angebot machen?","Guten Tag, für die Spindel der SNU-200 erstellen wir Ihnen gerne ein Angebot. Bitte geben Sie uns die Seriennummer Ihrer Maschine an. Die Lieferzeit für Spindeln beträgt in der Regel 7-10 Werktage.",2,0.24882864091289997,Lieferung & Bestellung
2023-04-28,Fehler an der Maschine HP-150: Druck ist zu niedrig!,"Sehr geehrte/r Kunde/in, ein zu niedriger Druck an der HP-150 kann verschiedene Ursachen haben. Bitte überprüfen Sie die Druckluftversorgung und die Einstellungen am Bedienfeld. Notieren Sie sich die genaue Fehlermeldung, falls eine angezeigt wird, und kontaktieren Sie uns erneut.",4,0.07147864767719522,Ersatzteile & Technik
2023-05-03,Software funktioniert nicht mehr richtig. Gibt es ein Update?,"Guten Tag, wir haben kürzlich ein Update für unsere Software veröffentlicht. Bitte laden Sie die neueste Version von unserer Website herunter und installieren Sie diese. Anleitungen zur Installation finden Sie im Downloadbereich.",1,1.0,Software & IT
2023-05-17,Wartungsplan für FSL-300 – wo finde ich den?,"Sehr geehrte/r Kunde/in, den Wartungsplan für die FSL-300 finden Sie im Handbuch im Downloadbereich auf unserer Website. Dort sind alle Intervalle und notwendigen Arbeiten detailliert beschrieben.",-1,0.0,Lieferung & Bestellung
2023-06-08,Die Maschine DM-500 ist defekt. Garantie?,"Guten Tag, um Ihren Garantieanspruch prüfen zu können, benötigen wir die Seriennummer der DM-500 und eine Beschreibung des Defekts. Bitte senden Sie uns diese Informationen zu.",3,1.0,Garantie & Reklamation
2023-06-22,Ich habe eine Frage zur Inbetriebnahme der SCS-100.,"Sehr geehrte/r Kunde/in, für die Inbetriebnahme der SCS-100 empfehlen wir Ihnen, das entsprechende Schulungsangebot zu nutzen. Informationen und Termine finden Sie auf unserer Website.",0,0.3243173356191707,Schulung & Inbetriebnahme
2023-07-01,Wann kommt meine Bestellung? BestNr. 20230701-002,"Guten Tag, vielen Dank für Ihre Anfrage. Wir haben Ihre Bestellung mit der Bestellnummer 20230701-002 gefunden. Die Lieferung erfolgt voraussichtlich am 05.07.2023.",6,0.4198766474092351,Lieferung & Bestellung
2023-07-15,Ersatzteil für CNCF-500 gesucht. Sensor defekt.,"Guten Tag, für den Sensor der CNCF-500 erstellen wir Ihnen gerne ein Angebot. Bitte teilen Sie uns die genaue Artikelnummer des Sensors und die Seriennummer Ihrer Maschine mit.",8,1.0,Ersatzteile & Technik
2023-08-03,Fehlermeldung Hydraulik an SNU-200,"Sehr geehrte/r Kunde/in, eine Fehlermeldung im Hydrauliksystem der SNU-200 deutet auf ein Problem mit dem Druck oder den Leitungen hin. Bitte überprüfen Sie die Hydraulikflüssigkeit und die Schläuche. Notieren Sie sich die genaue Fehlermeldung.",4,0.1764242302843958,Ersatzteile & Technik
2023-08-19,Software absturz beim öffnen von dxf. Version 2.5,"Guten Tag, Abstürze beim Öffnen von DXF-Dateien mit Softwareversion 2.5 sind bekannt. Wir empfehlen, auf die neueste Version 2.6 zu aktualisieren. Diese enthält Fehlerbehebungen und Verbesserungen.",1,1.0,Software & IT
2023-09-05,Wartung HP-150. Was muss gemacht werden?,"Sehr geehrte/r Kunde/in, die Wartung der HP-150 umfasst die Überprüfung der Verschleißteile, die Schmierung der beweglichen Teile und die Reinigung des Systems. Detaillierte Informationen finden Sie im Wartungsplan im Handbuch.",13,1.0,Wartung & Service
2023-09-21,DM-500 defekt innerhalb der Garantiezeit.,"Guten Tag, um Ihren Garantieanspruch prüfen zu können, benötigen wir die Seriennummer der DM-500, den Kaufbeleg und eine genaue Beschreibung des Defekts.",3,0.32345096265940726,Garantie & Reklamation
2023-10-10,Training für SCS-100 gesucht.,"Sehr geehrte/r Kunde/in, wir bieten regelmäßige Schulungen für die SCS-100 an. Informationen zu Terminen und Inhalten finden Sie auf unserer Website im Bereich Schulungen.",0,0.8067880714892884,Schulung & Inbetriebnahme
2023-11-16,Lieferstatus Bestellung 20231116-001 + Rechnung?,"Guten Tag, Ihre Bestellung 20231116-001 befindet sich in der Auslieferung und wird voraussichtlich morgen zugestellt. Die Rechnung senden wir Ihnen separat per E-Mail zu.",-1,0.0,Lieferung & Bestellung
2023-01-15,"Hallo, ich habe am 02.01.2023 eine DM-500 bestellt, aber noch keine Versandbestätigung erhalten. Können Sie mir bitte sagen, wann ich mit der Lieferung rechnen kann?","Sehr geehrte Damen und Herren,

vielen Dank für Ihre Anfrage. Bitte geben Sie uns Ihre Bestellnummer, damit wir den Status Ihrer Bestellung DM-500 prüfen können. Sobald wir diese haben, teilen wir Ihnen den aktuellen Stand und das voraussichtliche Lieferdatum mit. Sie finden Ihre Bestellnummer in Ihrer Auftragsbestätigung.",10,0.11987112229030707,Lieferung & Bestellung
2023-01-22,Ich benötige ein Ersatzteil für meine FSL-300. Es handelt sich um die Hydraulikpumpe (Art.Nr. 23489-A). Wie lange dauert die Lieferung und was kostet das?,"Sehr geehrte Damen und Herren,

vielen Dank für Ihre Anfrage. Für die Hydraulikpumpe (Art.Nr. 23489-A) für Ihre FSL-300 erstellen wir Ihnen gerne ein Angebot. Bitte teilen Sie uns die Seriennummer Ihrer Maschine mit, damit wir das korrekte Ersatzteil identifizieren können. Die Lieferzeit beträgt in der Regel 5-7 Werktage nach Auftragseingang.",4,1.0,Ersatzteile & Technik
2023-02-08,Meine CNCF-500 zeigt eine Übertemperaturwarnung an. Was bedeutet das und was muss ich tun?,"Sehr geehrte Damen und Herren,

vielen Dank für Ihre Anfrage. Eine Übertemperaturwarnung deutet auf eine mögliche Überlastung oder ein Problem mit der Kühlung Ihrer CNCF-500 hin. Bitte überprüfen Sie zunächst die Kühlschläuche und den Kühlmittelstand. Im Handbuch im Downloadbereich finden Sie detaillierte Anweisungen zur Fehlerbehebung. Sollte das Problem weiterhin bestehen, kontaktieren Sie uns erneut unter Angabe der genauen Fehlermeldung.",5,0.47989057516747075,Sonstiges
2023-02-17,"Die Software stürzt immer wieder ab, wenn ich eine DXF-Datei importiere. Hat jemand ähnliche Probleme?","Sehr geehrte Damen und Herren,

vielen Dank für Ihre Anfrage. Abstürze beim DXF-Import können verschiedene Ursachen haben. Bitte stellen Sie sicher, dass Sie die aktuellste Softwareversion verwenden. Versuchen Sie, die DXF-Datei zunächst in einem einfacheren Format zu speichern oder in kleinere Teile aufzuteilen. Falls das Problem weiterhin besteht, teilen Sie uns bitte Ihre Softwareversion mit.",7,1.0,Software & IT
2023-03-01,Wann ist der nächste Wartungstermin für meine SCS-100 fällig? Ich finde das nicht mehr.,"Sehr geehrte Damen und Herren,

vielen Dank für Ihre Anfrage. Die Wartungsintervalle für die SCS-100 sind im Handbuch im Downloadbereich detailliert beschrieben. Bitte teilen Sie uns die Seriennummer Ihrer Maschine mit, damit wir den letzten Wartungstermin nachvollziehen und Ihnen den nächsten Termin mitteilen können.",9,1.0,Wartung & Service
2023-03-10,Meine DM-500 ist defekt. Ich habe sie erst vor 6 Monaten gekauft. Was kann ich tun?,"Sehr geehrte Damen und Herren,

vielen Dank für Ihre Anfrage. Bitte teilen Sie uns Ihre Bestellnummer und die Seriennummer Ihrer DM-500 mit, damit wir prüfen können, ob Ihr Gerät noch unter Garantie steht. Beschreiben Sie bitte auch den Defekt so detailliert wie möglich.",-1,0.0,Lieferung & Bestellung
2023-04-05,Ich bräuchte eine Schulung für die Bedienung der SNU-200. Wer bietet das an?,"Sehr geehrte Damen und Herren,

vielen Dank für Ihre Anfrage. Wir bieten regelmäßige Schulungen für die SNU-200 an. Die aktuellen Termine und Preise finden Sie auf unserer Website im Bereich 'Service & Support'.",0,1.0,Schulung & Inbetriebnahme
2023-04-18,Versandbestätigung fehlt! Bestellnr. 12345,"Sehr geehrte Damen und Herren,

vielen Dank für Ihre Anfrage. Wir haben Ihre Bestellung 12345 geprüft. Die Versandbestätigung wurde am 07.04.2023 versendet. Bitte prüfen Sie Ihren Spam-Ordner. Sollten Sie die E-Mail dort nicht finden, senden wir Ihnen die Versandbestätigung gerne erneut zu.",11,1.0,Lieferung & Bestellung
2023-05-02,"Hallo, ich benötige dringend ein Ersatzteil für die Spindel meiner HP-150. Welche Teile sind verfügbar?","Sehr geehrte Damen und Herren,

vielen Dank für Ihre Anfrage. Für die HP-150 bieten wir eine Vielzahl von Spindelersatzteilen an. Bitte geben Sie uns die genaue Bezeichnung des benötigten Teils oder die Artikelnummer an. Die Seriennummer Ihrer Maschine wäre ebenfalls hilfreich.",2,0.26205353420462163,Lieferung & Bestellung
2023-05-15,Fehlermeldung: 'Druck zu niedrig'. Was soll ich machen? Modell: CNCF-500,"Sehr geehrte Damen und Herren,

vielen Dank für Ihre Anfrage. Die Fehlermeldung 'Druck zu niedrig' bei Ihrer CNCF-500 deutet auf ein Problem im Hydrauliksystem hin. Bitte überprüfen Sie den Ölstand und die Schläuche. Im Handbuch im Downloadbereich finden Sie eine detaillierte Anleitung zur Fehlerbehebung.",4,0.06987099531769989,Ersatzteile & Technik
2023-06-01,Die Software lässt sich nicht aktualisieren. Kommt immer eine Fehlermeldung.,"Sehr geehrte Damen und Herren,

vielen Dank für Ihre Anfrage. Bitte teilen Sie uns die genaue Fehlermeldung und Ihre aktuelle Softwareversion mit. Überprüfen Sie außerdem, ob Ihr Computer die Systemanforderungen für die neue Version erfüllt.",1,1.0,Software & IT
2023-06-12,Wie oft muss ich meine SCS-100 warten lassen?,"Sehr geehrte Damen und Herren,

vielen Dank für Ihre Anfrage. Die SCS-100 sollte gemäß dem Wartungsplan im Handbuch im Downloadbereich alle 12 Monate oder nach 500 Betriebsstunden gewartet werden. Die genauen Intervalle können je nach Einsatz variieren.",13,1.0,Wartung & Service
2023-07-03,Meine DM-500 ist innerhalb der Garantiezeit kaputtgegangen. Wie gehe ich vor?,"Sehr geehrte Damen und Herren,

vielen Dank für Ihre Anfrage. Bitte teilen Sie uns Ihre Bestellnummer, die Seriennummer Ihrer DM-500 und eine detaillierte Beschreibung des Defekts mit. Wir werden dann den Garantieanspruch prüfen und Ihnen die weiteren Schritte mitteilen.",14,1.0,Garantie & Reklamation
2023-07-18,Ich brauche Hilfe bei der Inbetriebnahme meiner SNU-200.,"Sehr geehrte Damen und Herren,

vielen Dank für Ihre Anfrage. Wir bieten Unterstützung bei der Inbetriebnahme der SNU-200 an. Sie können unseren technischen Support unter [Telefonnummer] erreichen, oder wir vereinbaren einen Vor-Ort-Termin mit einem unserer Techniker.",0,0.3138873647006582,Schulung & Inbetriebnahme
2023-08-09,Wo finde ich das Handbuch für die FSL-300?,"Sehr geehrte Damen und Herren,

vielen Dank für Ihre Anfrage. Das Handbuch für die FSL-300 finden Sie im Downloadbereich auf unserer Website. Sie können es dort direkt herunterladen.",0,0.10107891412408039,Schulung & Inbetriebnahme
2023-08-25,Können Sie mir ein Angebot für Ersatzteile für die Hydraulik der HP-150 machen?,"Sehr geehrte Damen und Herren,

vielen Dank für Ihre Anfrage. Für ein konkretes Angebot benötigen wir die genaue Bezeichnung der benötigten Ersatzteile und die Seriennummer Ihrer HP-150.",4,1.0,Ersatzteile & Technik
2023-09-11,Warnung 'Sensorfehler' bei CNCF-500. Was tun?,"Sehr geehrte Damen und Herren,

vielen Dank für Ihre Anfrage. Ein Sensorfehler bei Ihrer CNCF-500 kann verschiedene Ursachen haben. Bitte überprüfen Sie die Verkabelung und den Zustand des Sensors. Im Handbuch im Downloadbereich finden Sie weitere Informationen zur Fehlerbehebung.",8,1.0,Ersatzteile & Technik
2023-09-28,"Software stürzt ab, seit dem Update. Version 2.5","Sehr geehrte Damen und Herren,

vielen Dank für Ihre Anfrage. Abstürze nach einem Update können vorkommen. Versuchen Sie, die Software neu zu installieren. Falls das Problem weiterhin besteht, kontaktieren Sie uns erneut.",1,1.0,Software & IT
2023-10-16,Wie lange dauert ein typischer Wartungstermin für die DM-500?,"Sehr geehrte Damen und Herren,

vielen Dank für Ihre Anfrage. Ein typischer Wartungstermin für die DM-500 dauert ca. 4-6 Stunden, abhängig vom Umfang der Arbeiten.",13,1.0,Wartung & Service
2023-11-05,"Hallo, ich habe am 15.10 bestellt und noch nix gehört. Bestellnr. 67890. Und ich bräuchte auch mal die Rechnung.","Sehr geehrte Damen und Herren,

vielen Dank für Ihre Anfrage. Wir prüfen umgehend den Status Ihrer Bestellung 67890 und senden Ihnen die Versandbestätigung sowie die Rechnung per E-Mail zu. Bitte geben Sie uns noch kurz die Seriennummer Ihrer Maschine.",11,1.0,Lieferung & Bestellung
2023-01-15,"Hallo, ich habe am 10.01. eine DM-500 bestellt, aber noch keine Versandbestätigung erhalten. Bestellnummer ist 20230110-01.","Guten Tag. Ihre Bestellung vom 10.01. für die DM-500 wird derzeit bearbeitet. Die Versandbestätigung sollte innerhalb von 24-48 Stunden per E-Mail an Sie gesendet werden. Bitte prüfen Sie auch Ihren Spam-Ordner. Sollten Sie bis morgen Abend keine Versandbestätigung erhalten haben, melden Sie sich bitte erneut.",10,1.0,Lieferung & Bestellung
2023-01-22,"Ich brauche dringend ein Ersatzteil für meine FSL-300, Artikelnummer 4711. Können Sie mir ein Angebot machen und die Lieferzeit nennen?","Guten Tag. Gerne erstellen wir Ihnen ein Angebot für das Ersatzteil (Artikelnummer 4711) für Ihre FSL-300. Bitte geben Sie uns die Seriennummer Ihrer Maschine an, damit wir sicherstellen können, dass es sich um das korrekte Ersatzteil handelt. Die Lieferzeit beträgt in der Regel 3-5 Werktage.",2,1.0,Lieferung & Bestellung
2023-02-05,Die Spindel meiner CNCF-500 zeigt eine Übertemperaturwarnung. Was kann ich tun?,"Guten Tag. Eine Übertemperaturwarnung der Spindel kann verschiedene Ursachen haben. Bitte prüfen Sie zunächst die Kühlmittelversorgung und ob die Lüftungsschlitze frei sind. Im Handbuch im Downloadbereich finden Sie eine detaillierte Fehlerbehebung. Notieren Sie sich die genaue Fehlermeldung und die Betriebsbedingungen, wenn das Problem erneut auftritt.",5,1.0,Sonstiges
2023-02-18,Unsere Software für die SCS-100 stürzt ständig ab. Wir nutzen Version 2.3. Was können wir tun?,"Guten Tag. Software-Abstürze können durch verschiedene Faktoren verursacht werden. Bitte stellen Sie sicher, dass Ihr System die Mindestanforderungen für Version 2.3 erfüllt. Versuchen Sie, die Software neu zu installieren. Wenn das Problem weiterhin besteht, kontaktieren Sie uns bitte mit einer genauen Beschreibung, wann der Absturz auftritt und welche Schritte dazu führen.",1,1.0,Software & IT
2023-03-01,Wann ist die nächste Wartung für die HP-150 fällig? Wir haben die Maschine vor 6 Monaten in Betrieb genommen.,"Guten Tag. Die Wartungsintervalle für die HP-150 finden Sie im Wartungsplan im Handbuch. Bei einer Inbetriebnahme vor 6 Monaten ist in der Regel die erste Routineinspektion fällig. Wir empfehlen, diese von einem qualifizierten Techniker durchführen zu lassen.",9,1.0,Wartung & Service
2023-03-12,Meine SNU-200 hat einen Defekt. Ich habe sie erst vor 2 Monaten gekauft. Was kann ich machen?,"Guten Tag. Bitte kontaktieren Sie uns mit Ihrer Bestellnummer und der Seriennummer der SNU-200. Wir prüfen, ob Ihr Gerät noch unter die Garantie fällt und wie wir den Defekt beheben können. Eine erste Diagnose kann oft schon per Fernsupport erfolgen.",-1,0.0,Lieferung & Bestellung
2023-04-08,Ich benötige eine Schulung für die DM-500. Wer kann uns helfen?,Guten Tag. Wir bieten regelmäßige Schulungen für die DM-500 an. Informationen zu den Terminen und Inhalten finden Sie auf unserer Webseite im Schulungsbereich. Alternativ können wir auch eine individuelle Schulung vor Ort anbieten.,0,1.0,Schulung & Inbetriebnahme
2023-04-20,Wo finde ich die Anleitung zur Inbetriebnahme der FSL-300?,"Guten Tag. Die Anleitung zur Inbetriebnahme der FSL-300 finden Sie im Handbuch, welches Sie im Downloadbereich auf unserer Webseite finden. Dort ist auch ein Video zur korrekten Installation verfügbar.",0,0.11654454530195535,Schulung & Inbetriebnahme
2023-05-03,Ich warte seit 3 Wochen auf mein Ersatzteil (Artikelnummer 8423) für die SCS-100!,"Guten Tag. Entschuldigen Sie die lange Lieferzeit. Bitte geben Sie uns Ihre Bestellnummer, damit wir den Status Ihrer Bestellung prüfen können. Wir werden uns umgehend darum kümmern.",9,0.27154575728971403,Wartung & Service
2023-05-15,Die Hydraulik meines CNCF-500 macht komische Geräusche.,"Guten Tag. Ungewöhnliche Geräusche der Hydraulik können auf ein Problem mit dem Ölstand oder einer defekten Pumpe hindeuten. Bitte prüfen Sie zunächst den Ölstand und ob es sichtbare Lecks gibt. Dokumentieren Sie, wann die Geräusche auftreten.",-1,0.0,Lieferung & Bestellung
2023-06-10,DXF Import funktioniert in der Software nicht. Version 3.1,"Guten Tag. Stellen Sie sicher, dass die DXF-Datei das korrekte Format hat und keine fehlerhaften Elemente enthält. Versuchen Sie, die Datei in einem anderen Programm zu öffnen, um die Kompatibilität zu überprüfen. Wenn das Problem weiterhin besteht, senden Sie uns die DXF-Datei zur Analyse.",7,0.20541491663374642,Software & IT
2023-06-25,Ich möchte einen Wartungsvertrag für meine HP-150 abschließen.,Guten Tag. Informationen zu unseren Wartungsverträgen finden Sie auf unserer Webseite im Servicebereich. Sie können dort auch direkt ein Angebot anfordern. Alternativ kontaktieren Sie uns gerne telefonisch.,-1,0.0,Lieferung & Bestellung
2023-07-02,Bestellnummer 20230702-05. Wo ist meine DM-500?,Guten Tag. Ihre Bestellung 20230702-05 für die DM-500 wurde gestern versandt. Sie erhalten die Sendungsnummer per E-Mail. Sie können den Sendungsstatus auch im Kundenportal verfolgen.,6,1.0,Lieferung & Bestellung
2023-07-18,Sensor an der SCS-100 defekt. Wie tausche ich den aus?,"Guten Tag. Der Austausch eines Sensors sollte von einem qualifizierten Techniker durchgeführt werden. Im Handbuch im Downloadbereich finden Sie eine Explosionszeichnung der SCS-100 mit den Teilenummern. Bitte geben Sie uns die Seriennummer Ihrer Maschine, damit wir sicherstellen können, dass Sie das korrekte Ersatzteil bestellen.",8,1.0,Ersatzteile & Technik
2023-08-09,Software Lizenz für FSL-300 verloren. Wie bekomme ich eine neue?,Guten Tag. Bitte kontaktieren Sie uns mit Ihrer Seriennummer der FSL-300 und dem Namen des ursprünglichen Lizenzinhabers. Wir können Ihnen dann eine neue Lizenz ausstellen.,1,0.7242449361662325,Software & IT
2023-08-22,Die Maschine piept und zeigt 'Druck zu niedrig' an. (CNCF-500),Guten Tag. Ein 'Druck zu niedrig'-Alarm deutet auf ein Problem mit dem Drucksystem hin. Bitte prüfen Sie die Druckluftversorgung und die Schläuche auf Lecks. Reinigen Sie ggf. den Druckregler. Notieren Sie sich die genaue Fehlermeldung.,4,0.07325185615897702,Ersatzteile & Technik
2023-09-05,Ersatzteil Anfrage SNU-200 Artikel 7890 + Anfrage Lieferzeit?,Guten Tag. Wir prüfen die Verfügbarkeit von Artikel 7890 für die SNU-200 und senden Ihnen umgehend ein Angebot mit der Lieferzeit. Bitte geben Sie die Seriennummer Ihrer Maschine an.,2,1.0,Lieferung & Bestellung
2023-09-19,Garantie für DM-500. Maschine defekt innerhalb der Garantiezeit!,"Guten Tag. Bitte senden Sie uns Ihre Bestellnummer, die Seriennummer der DM-500 und eine genaue Beschreibung des Defekts. Wir prüfen, ob die Maschine noch unter die Garantie fällt und wie wir den Defekt beheben können.",3,0.09859853678502266,Garantie & Reklamation
2023-10-11,Brauche Hilfe bei der Installation der SCS-100 Software.,"Guten Tag. Die Installationsanleitung für die SCS-100 Software finden Sie im Handbuch auf unserer Webseite im Downloadbereich. Dort ist auch ein Video zur Installation verfügbar. Wenn Sie weitere Unterstützung benötigen, kontaktieren Sie uns bitte.",0,0.27704053376609816,Schulung & Inbetriebnahme
2023-10-28,Lieferstatus fehlt bei Bestellung 20231028-02. HP-150,"Guten Tag. Wir prüfen den Status Ihrer Bestellung 20231028-02 für die HP-150 und informieren Sie umgehend.  Bitte geben Sie uns Ihre E-Mail Adresse, falls die Versandbestätigung in Ihrem Spam Ordner gelandet ist.",-1,0.0,Lieferung & Bestellung
2023-01-15,"Hallo, ich habe am 02.01.2023 eine DM-500 bestellt. Bisher keine Versandbestätigung erhalten. Bestellnummer ist 20230102-01.","Guten Tag, vielen Dank für Ihre Anfrage. Wir prüfen den Status Ihrer Bestellung 20230102-01 umgehend. Bitte geben Sie uns einen Moment. Sie erhalten in Kürze eine Rückmeldung per E-Mail. Sollte es Probleme geben, melden wir uns telefonisch.",10,1.0,Lieferung & Bestellung
2023-01-22,Wo bleibt meine Lieferung? Artikelnummer 4711-DM-500-01. Sollte doch schon da sein?,"Guten Tag, um den Lieferstatus Ihrer Bestellung mit der Artikelnummer 4711-DM-500-01 zu überprüfen, benötigen wir bitte Ihre Bestellnummer. Könnten Sie uns diese mitteilen?",6,1.0,Lieferung & Bestellung
2023-02-05,"Ich benötige ein Ersatzteil für meine SCS-100, genauer gesagt das Hydraulikventil (Artikelnummer 8877-SCS-100-HV). Wie lange dauert die Lieferung?","Guten Tag, das Hydraulikventil (8877-SCS-100-HV) für Ihre SCS-100 ist lieferbar. Die aktuelle Lieferzeit beträgt ca. 5-7 Werktage.  Ein Angebot erstellen wir Ihnen gerne. Bitte geben Sie uns Ihre vollständige Rechnungsadresse.",4,1.0,Ersatzteile & Technik
2023-02-18,Benötige dringend ein neues Spindel-Lager für die CNCF-500. Gibt es ein Angebot?,"Guten Tag, für die CNCF-500 können wir Ihnen ein Angebot für das Spindel-Lager zukommen lassen. Bitte teilen Sie uns die genaue Bezeichnung des Lagers oder die Seriennummer Ihrer Maschine mit.",2,0.22309867871543793,Lieferung & Bestellung
2023-03-01,Meine FSL-300 zeigt eine Übertemperatur-Warnung an. Was tun?,"Guten Tag, eine Übertemperatur-Warnung an der FSL-300 kann verschiedene Ursachen haben. Bitte überprüfen Sie zuerst die Kühlmittelstände und die Belüftung. Genaue Anleitungen finden Sie im Handbuch im Downloadbereich unserer Webseite.",5,1.0,Sonstiges
2023-03-10,Die Maschine meldet Druckabfall! Modell SNU-200.  Dringend!,"Guten Tag, ein Druckabfall bei der SNU-200 sollte umgehend geprüft werden. Bitte schalten Sie die Maschine ab und überprüfen Sie die Druckleitungen auf Beschädigungen. Nennen Sie uns bitte die genaue Fehlermeldung.",3,0.07960081632648465,Garantie & Reklamation
2023-04-08,Software stürzt ständig ab! CNCF-500. Version 4.2,"Guten Tag, Softwareabstürze der CNCF-500 (Version 4.2) sind bekannt. Bitte installieren Sie das aktuelle Update (Version 4.2.1). Sie finden das Update im Downloadbereich unserer Webseite.",1,1.0,Software & IT
2023-04-22,Ich kann keine DXF-Dateien mehr importieren. Software hängt.,"Guten Tag, Probleme beim DXF-Import können durch beschädigte Dateien oder inkompatible Versionen verursacht werden. Bitte prüfen Sie die DXF-Datei und versuchen Sie ein Update der Software. Die aktuelle Version finden Sie im Downloadbereich.",7,0.27899687389235167,Software & IT
2023-05-15,Wann ist die nächste Wartung für die DM-500 fällig?,"Guten Tag, die Wartungsintervalle für die DM-500 sind im Wartungsplan im Handbuch detailliert beschrieben. Dort finden Sie auch Informationen zu den erforderlichen Spezialwerkzeugen.",9,1.0,Wartung & Service
2023-05-28,Wie oft muss ich die SCS-100 warten lassen?,"Guten Tag, die SCS-100 sollte gemäß Wartungsplan alle 12 Monate oder nach 500 Betriebsstunden gewartet werden.  Details finden Sie im Handbuch.",13,1.0,Wartung & Service
2023-06-03,Meine HP-150 ist innerhalb der Garantie defekt. Wie gehe ich vor?,"Guten Tag, für Garantieansprüche bei der HP-150 benötigen wir bitte Ihre Bestellnummer, die Seriennummer der Maschine und eine detaillierte Beschreibung des Defekts. Bitte senden Sie diese Informationen an unseren Garantie-Support.",14,1.0,Garantie & Reklamation
2023-06-19,Reklamation FSL-300. Defekt nach 2 Monaten!,"Guten Tag, wir bedauern den Defekt Ihrer FSL-300. Bitte senden Sie uns die Bestellnummer, die Seriennummer der Maschine und eine detaillierte Fehlerbeschreibung, damit wir die Reklamation bearbeiten können.",3,0.0989084072500012,Garantie & Reklamation
2023-07-07,Ich brauche eine Schulung für die neue CNCF-500.,"Guten Tag, wir bieten regelmäßige Schulungen für die CNCF-500 an. Informationen zu den Terminen und Inhalten finden Sie auf unserer Webseite im Bereich Schulungen.",0,1.0,Schulung & Inbetriebnahme
2023-07-21,Wie funktioniert die Inbetriebnahme der SNU-200?,"Guten Tag, die Inbetriebnahme der SNU-200 ist im Handbuch detailliert beschrieben. Dort finden Sie eine Schritt-für-Schritt-Anleitung.",0,0.31951025791048204,Schulung & Inbetriebnahme
2023-08-12,Lieferstatus 20230615-05,"Guten Tag, Ihre Bestellung 20230615-05 wurde am 09.08.2023 versandt. Die Sendungsnummer lautet XY123456789. Sie können den Versandstatus hier verfolgen: [Link entfernt]",-1,0.0,Lieferung & Bestellung
2023-09-01,Fehler Sensor DM-500,"Guten Tag, ein Fehler am Sensor der DM-500 kann verschiedene Ursachen haben. Bitte nennen Sie uns die genaue Fehlermeldung und die Seriennummer Ihrer Maschine.",8,1.0,Ersatzteile & Technik
2023-10-18,Lizenzproblem Software,"Guten Tag, Probleme mit der Softwarelizenz können meist durch einen Neustart des Systems behoben werden. Falls das Problem weiterhin besteht, benötigen wir Ihre Lizenznummer und die verwendete Softwareversion.",1,1.0,Software & IT
2023-11-05,Wartungsplan + Ersatzteile SCS-100,"Guten Tag, den Wartungsplan für die SCS-100 finden Sie im Handbuch. Für die benötigten Ersatzteile erstellen wir Ihnen gerne ein Angebot, sobald wir die genaue Artikelnummer kennen.",13,1.0,Wartung & Service
2023-12-20,Druckabfall + Übertemperatur SNU-200,"Guten Tag, Sie schildern zwei unterschiedliche Probleme mit Ihrer SNU-200. Bitte beschreiben Sie die Fehlermeldungen genauer und teilen Sie uns die Seriennummer Ihrer Maschine mit.  Wir werden diese prüfen.",5,1.0,Sonstiges
2023-12-28,wo finde ich die aktuelle Software Version?,"Guten Tag, die aktuelle Software Version finden Sie im Downloadbereich unserer Webseite. Dort können Sie die neueste Version herunterladen und installieren.",1,0.8390110301383047,Software & IT
2023-01-15,"Hallo, ich habe am 05.01.2023 eine Maschine bestellt (Bestellnummer 2023-0012) und noch keine Versandbestätigung erhalten. Können Sie mir sagen, wann ich mit der Lieferung rechnen kann?","Sehr geehrte/r Kunde/in, vielen Dank für Ihre Anfrage. Wir prüfen umgehend den Status Ihrer Bestellung 2023-0012. Bitte geben Sie uns einen Moment. Sie erhalten innerhalb von 24 Stunden eine Rückmeldung mit Informationen zum voraussichtlichen Versanddatum.",10,0.11851210063200306,Lieferung & Bestellung
2023-01-22,Meine DM-500 hat seit gestern eine Übertemperatur-Warnung. Was kann ich tun?,"Sehr geehrte/r Kunde/in, vielen Dank für Ihre Anfrage. Eine Übertemperatur-Warnung bei der DM-500 deutet oft auf eine mangelnde Kühlung oder einen Blockierung der Kühlkanäle hin. Bitte prüfen Sie zunächst, ob die Lüftungsschlitze frei sind und die Kühlflüssigkeit ausreichend gefüllt ist. Weitere Informationen finden Sie im Handbuch.",5,1.0,Sonstiges
2023-02-03,"Ich benötige ein Ersatzteil für meine FSL-300. Es handelt sich um die Spindel, Artikelnummer 456789. Wie lange dauert die Lieferung?","Sehr geehrte/r Kunde/in, vielen Dank für Ihre Anfrage. Die Lieferzeit für die Spindel (Artikelnummer 456789) beträgt in der Regel 5-7 Werktage. Wir prüfen die aktuelle Lagerbeständigkeit und geben Ihnen eine genauere Auskunft.",2,1.0,Lieferung & Bestellung
2023-02-18,"Die Software stürzt ständig ab, wenn ich eine DXF-Datei importiere. Modell: CNCF-500. Was kann ich machen?","Sehr geehrte/r Kunde/in, vielen Dank für Ihre Anfrage. Abstürze beim DXF-Import der CNCF-500 können verschiedene Ursachen haben. Bitte stellen Sie sicher, dass Sie die aktuellste Softwareversion installiert haben. Falls das Problem weiterhin besteht, senden Sie uns die DXF-Datei zur Analyse.",7,1.0,Software & IT
2023-03-08,"Hallo, wann ist die nächste Wartung für meine SCS-100 fällig? Ich finde den Wartungsplan nicht.","Sehr geehrte/r Kunde/in, vielen Dank für Ihre Anfrage. Der Wartungsplan für die SCS-100 ist abhängig von der Nutzungsdauer. Sie finden diesen im Handbuch im Downloadbereich unserer Webseite. Alternativ teilen Sie uns Ihre Seriennummer mit, so können wir Ihnen den korrekten Plan zukommen lassen.",9,1.0,Wartung & Service
2023-03-20,Meine Maschine (SNU-200) ist defekt. Innerhalb der Garantiezeit. Was muss ich tun?,"Sehr geehrte/r Kunde/in, vielen Dank für Ihre Anfrage. Bitte senden Sie uns die Seriennummer Ihrer SNU-200 sowie eine genaue Fehlerbeschreibung zu. Wir prüfen, ob Ihr Fall unter die Garantie fällt und informieren Sie über die nächsten Schritte.",14,1.0,Garantie & Reklamation
2023-04-01,Ich brauche Hilfe bei der Inbetriebnahme der HP-150. Gibt es eine Schulung?,"Sehr geehrte/r Kunde/in, vielen Dank für Ihre Anfrage. Wir bieten regelmäßige Schulungen für die HP-150 an. Die aktuellen Termine finden Sie auf unserer Webseite unter [Link]. Alternativ können wir eine individuelle Inbetriebnahme vor Ort vereinbaren.",0,0.7401044622976388,Schulung & Inbetriebnahme
2023-04-12,Wo finde ich die Lizenzdatei für meine Software?,"Sehr geehrte/r Kunde/in, vielen Dank für Ihre Anfrage. Die Lizenzdatei wurde Ihnen zusammen mit dem Kaufbeleg per E-Mail zugesandt. Sie finden sie auch in Ihrem Kundenkonto auf unserer Webseite.",1,0.7102909359152435,Software & IT
2023-05-05,Lieferstatus Bestellung 2023-0045?,"Sehr geehrte/r Kunde/in, vielen Dank für Ihre Anfrage. Wir prüfen umgehend den Status Ihrer Bestellung 2023-0045 und informieren Sie innerhalb von 24 Stunden.",-1,0.0,Lieferung & Bestellung
2023-05-19,"Brauche dringend Ersatzteile für die DM-500, bitte Angebot!","Sehr geehrte/r Kunde/in, vielen Dank für Ihre Anfrage. Bitte teilen Sie uns die benötigten Artikelnummern und die genaue Anzahl mit, damit wir Ihnen ein Angebot erstellen können.",2,0.11902274270915165,Lieferung & Bestellung
2023-06-10,Druckwarnung bei FSL-300. Was tun?,"Sehr geehrte/r Kunde/in, vielen Dank für Ihre Anfrage. Eine Druckwarnung bei der FSL-300 kann durch verschiedene Faktoren verursacht werden. Bitte prüfen Sie die Druckeinstellungen und die Verbindung zum Drucksystem. Weitere Informationen finden Sie im Handbuch.",8,0.1808320919227173,Ersatzteile & Technik
2023-06-25,Software stürzt ab. CNCF-500. Fehler tritt sporadisch auf.,"Sehr geehrte/r Kunde/in, vielen Dank für Ihre Anfrage. Um das Problem besser zu verstehen, benötigen wir weitere Informationen. Welche Softwareversion verwenden Sie? Können Sie den Fehler reproduzieren?",1,1.0,Software & IT
2023-07-03,Wartungsintervalle SCS-100?,"Sehr geehrte/r Kunde/in, vielen Dank für Ihre Anfrage. Die Wartungsintervalle für die SCS-100 finden Sie im zugehörigen Handbuch im Downloadbereich unserer Webseite.",13,1.0,Wartung & Service
2023-07-18,"SNU-200 defekt, Garantie vorhanden.","Sehr geehrte/r Kunde/in, vielen Dank für Ihre Anfrage. Bitte teilen Sie uns die Seriennummer Ihrer SNU-200 sowie eine genaue Fehlerbeschreibung mit, damit wir Ihren Garantieanspruch prüfen können.",3,1.0,Garantie & Reklamation
2023-08-01,Schulung HP-150 gesucht.,"Sehr geehrte/r Kunde/in, vielen Dank für Ihre Anfrage. Informationen zu unseren Schulungen für die HP-150 finden Sie auf unserer Webseite unter [Link].",0,1.0,Schulung & Inbetriebnahme
2023-08-15,Kann ich die Software auf einem anderen PC nutzen? Lizenz?,"Sehr geehrte/r Kunde/in, vielen Dank für Ihre Anfrage. Die Nutzung der Software auf mehreren PCs ist lizenzabhängig. Bitte prüfen Sie die Lizenzbedingungen oder kontaktieren Sie uns mit Ihrer Lizenznummer.",1,0.6951183833962682,Software & IT
2023-09-09,Bestellung 2023-0078 noch nicht angekommen,"Sehr geehrte/r Kunde/in, vielen Dank für Ihre Anfrage. Wir prüfen den Versandstatus Ihrer Bestellung 2023-0078 und informieren Sie umgehend.",11,1.0,Lieferung & Bestellung
2023-09-25,Ersatzteil Anfrage CNCF-500 Hydraulikpumpe,"Sehr geehrte/r Kunde/in, vielen Dank für Ihre Anfrage. Bitte teilen Sie uns die genaue Artikelnummer der Hydraulikpumpe für die CNCF-500 mit, damit wir Ihnen ein Angebot erstellen können.",4,1.0,Ersatzteile & Technik
2023-10-12,Fehler DM-500: Sensor defekt,"Sehr geehrte/r Kunde/in, vielen Dank für Ihre Anfrage. Ein defekter Sensor bei der DM-500 kann verschiedene Ursachen haben. Bitte teilen Sie uns die genaue Bezeichnung des Sensors mit, damit wir Ihnen weiterhelfen können.",8,1.0,Ersatzteile & Technik
2023-11-03,Software Update CNCF-500 fehlgeschlagen.,"Sehr geehrte/r Kunde/in, vielen Dank für Ihre Anfrage. Ein fehlgeschlagenes Softwareupdate der CNCF-500 kann durch verschiedene Faktoren verursacht werden. Bitte starten Sie das System neu und versuchen Sie das Update erneut. Sollte das Problem weiterhin bestehen, kontaktieren Sie uns mit der genauen Fehlermeldung.",1,1.0,Software & IT
2023-01-15,"Hallo, ich habe am 05.01.2023 eine Maschine bestellt (Bestellnummer 2023-01-005) und noch keine Versandbestätigung erhalten. Können Sie mir bitte Bescheid geben, wann ich mit der Lieferung rechnen kann?","Sehr geehrte Damen und Herren,

vielen Dank für Ihre Anfrage. Wir prüfen umgehend den Status Ihrer Bestellung 2023-01-005. Bitte geben Sie uns einen Moment. Sie erhalten innerhalb von 24 Stunden eine Rückmeldung mit Informationen zum Versandtermin.

Mit freundlichen Grüßen,
Ihr ENDI Support",10,0.1192269119893439,Lieferung & Bestellung
2023-01-22,Ich benötige dringend ein Ersatzteil für meine DM-500. Es ist das Getriebe (Artikelnummer 4711-002). Wie lange dauert die Lieferung?,"Sehr geehrte Damen und Herren,

vielen Dank für Ihre Anfrage. Das Getriebe (4711-002) für die DM-500 ist in der Regel lagernd. Die Lieferzeit beträgt 3-5 Werktage. Bitte teilen Sie uns Ihre vollständige Rechnungs- oder Lieferadresse mit, damit wir die Bestellung aufnehmen können.

Mit freundlichen Grüßen,
Ihr ENDI Support",2,1.0,Lieferung & Bestellung
2023-02-03,Meine SCS-100 zeigt eine Warnung 'Übertemperatur Spindel'. Was bedeutet das und was kann ich tun?,"Sehr geehrte Damen und Herren,

die Warnung 'Übertemperatur Spindel' deutet auf eine mögliche Überlastung oder ein Problem mit der Kühlung hin. Bitte überprüfen Sie, ob die Spindel ausreichend gekühlt wird und ob die Belastungsgrenzen eingehalten werden. Details zur Fehlerbehebung finden Sie im Handbuch im Downloadbereich auf unserer Website. Bitte notieren Sie sich die genaue Fehlermeldung, falls das Problem weiterhin besteht.

Mit freundlichen Grüßen,
Ihr ENDI Support",5,0.5505143919589482,Sonstiges
2023-02-10,"Die Software stürzt ständig ab, wenn ich eine DXF-Datei importiere. Ich benutze Version 2.5. Was kann ich machen?","Sehr geehrte Damen und Herren,

vielen Dank für Ihre Anfrage. Abstürze beim DXF-Import in Version 2.5 sind uns bekannt. Bitte versuchen Sie zunächst, die DXF-Datei in einem anderen Programm zu öffnen und zu überprüfen, ob sie korrekt ist.  Ein Update auf die neueste Version (2.6) behebt dieses Problem in den meisten Fällen. Sie finden die aktuelle Version im Downloadbereich unserer Website.

Mit freundlichen Grüßen,
Ihr ENDI Support",7,1.0,Software & IT
2023-02-28,Wann ist die nächste Wartung für die FSL-300 fällig? Und benötige ich Spezialwerkzeug?,"Sehr geehrte Damen und Herren,

die Wartungsintervalle für die FSL-300 finden Sie im Wartungsplan im Handbuch.  In der Regel ist eine Wartung alle 6 Monate oder 500 Betriebsstunden erforderlich. Für einige Wartungsarbeiten ist Spezialwerkzeug erforderlich, welches Sie in unserem Online-Shop erwerben können.  Die benötigten Werkzeuge sind im Wartungsplan aufgelistet.

Mit freundlichen Grüßen,
Ihr ENDI Support",12,0.5017189882927497,Wartung & Service
2023-03-05,Meine CNCF-500 hat einen Defekt. Sie ist erst 3 Monate alt. Was kann ich tun?,"Sehr geehrte Damen und Herren,

vielen Dank für Ihre Anfrage. Bitte teilen Sie uns Ihre Bestellnummer und die Seriennummer der Maschine mit, damit wir den Defekt prüfen und die weitere Vorgehensweise besprechen können.  Bitte beschreiben Sie den Defekt so genau wie möglich.

Mit freundlichen Grüßen,
Ihr ENDI Support",-1,0.0,Lieferung & Bestellung
2023-03-12,Ich bräuchte Unterlagen zur Inbetriebnahme der HP-150. Gibt es da ein Tutorial?,"Sehr geehrte Damen und Herren,

wir bieten für die HP-150 eine detaillierte Inbetriebnahme-Anleitung im Downloadbereich auf unserer Webseite an.  Dort finden Sie auch ein Video-Tutorial, welches Ihnen den Prozess Schritt für Schritt erklärt. Zusätzlich bieten wir auch individuelle Schulungen an.

Mit freundlichen Grüßen,
Ihr ENDI Support",0,0.4147233615864678,Schulung & Inbetriebnahme
2023-04-01,Ich habe meine Bestellung vor 2 Wochen aufgegeben und noch nichts erhalten.,"Sehr geehrte Damen und Herren,

vielen Dank für Ihre Anfrage. Bitte geben Sie uns Ihre Bestellnummer, damit wir den Status Ihrer Bestellung überprüfen können. Wir werden uns umgehend darum kümmern.

Mit freundlichen Grüßen,
Ihr ENDI Support",6,0.23277212926955448,Lieferung & Bestellung
2023-04-18,Wo finde ich die Ersatzteileliste für die SNU-200?,"Sehr geehrte Damen und Herren,

die Ersatzteileliste für die SNU-200 finden Sie im Downloadbereich auf unserer Website. Dort können Sie auch direkt die benötigten Ersatzteile bestellen.

Mit freundlichen Grüßen,
Ihr ENDI Support",12,0.7661469027769847,Wartung & Service
2023-05-02,Fehler am Hydrauliksystem der DM-500. Druckabfall.,"Sehr geehrte Damen und Herren,

ein Druckabfall im Hydrauliksystem der DM-500 kann verschiedene Ursachen haben. Bitte überprüfen Sie zunächst den Ölstand und die Leitungen auf Beschädigungen. Im Handbuch finden Sie detaillierte Anweisungen zur Fehlerbehebung. Bitte notieren Sie die genaue Fehlermeldung.

Mit freundlichen Grüßen,
Ihr ENDI Support",4,0.26220390504516455,Ersatzteile & Technik
2023-05-15,Software Lizenz funktioniert nicht mehr nach Update. Was tun?,"Sehr geehrte Damen und Herren,

vielen Dank für Ihre Anfrage. Bitte stellen Sie sicher, dass die Software korrekt aktiviert ist. Deinstallieren Sie die alte Version vollständig und installieren Sie die neue Version erneut. Sollte das Problem weiterhin bestehen, kontaktieren Sie uns bitte mit Ihrer Lizenznummer.

Mit freundlichen Grüßen,
Ihr ENDI Support",1,1.0,Software & IT
2023-06-08,Wie oft muss die FSL-300 gewartet werden? (Sonderfall),"Sehr geehrte Damen und Herren,

die FSL-300 sollte gemäß Wartungsplan alle 6 Monate oder 500 Betriebsstunden gewartet werden. Bei starker Beanspruchung empfehlen wir, die Intervalle zu verkürzen.  Bitte konsultieren Sie das Handbuch für detaillierte Informationen.

Mit freundlichen Grüßen,
Ihr ENDI Support",13,1.0,Wartung & Service
2023-07-01,Lieferung verzögert. Bestellnummer 2023-06-022,"Sehr geehrte Damen und Herren,

vielen Dank für Ihre Anfrage. Wir prüfen den Status Ihrer Bestellung 2023-06-022 umgehend. Aufgrund unerwartet hoher Nachfrage kommt es aktuell zu leichten Verzögerungen. Sie erhalten innerhalb von 24 Stunden eine detaillierte Rückmeldung.

Mit freundlichen Grüßen,
Ihr ENDI Support",11,0.2666983044215636,Lieferung & Bestellung
2023-07-15,Sensor defekt an der CNCF-500. Wie tausche ich ihn aus?,"Sehr geehrte Damen und Herren,

vielen Dank für Ihre Anfrage. Bitte teilen Sie uns die genaue Bezeichnung des defekten Sensors mit. Im Handbuch finden Sie eine detaillierte Anleitung zum Austausch.  Bitte beachten Sie die Sicherheitsvorkehrungen.

Mit freundlichen Grüßen,
Ihr ENDI Support",8,1.0,Ersatzteile & Technik
2023-08-22,Ich benötige ein Angebot für Ersatzteile für die SCS-100.,"Sehr geehrte Damen und Herren,

vielen Dank für Ihre Anfrage. Bitte senden Sie uns eine Liste der benötigten Ersatzteile mit Artikelnummern. Wir erstellen Ihnen umgehend ein Angebot.

Mit freundlichen Grüßen,
Ihr ENDI Support",2,0.11974600400312808,Lieferung & Bestellung
2023-09-05,Spindel der DM-500 macht komische Geräusche.,"Sehr geehrte Damen und Herren,

komische Geräusche an der Spindel der DM-500 können verschiedene Ursachen haben. Bitte überprüfen Sie die Spindel auf Verschleiß und Beschädigungen.  Im Handbuch finden Sie Hinweise zur Fehlerbehebung. Bitte notieren Sie genau, wann die Geräusche auftreten.

Mit freundlichen Grüßen,
Ihr ENDI Support",-1,0.0,Lieferung & Bestellung
2023-10-10,Software Update fehlgeschlagen. HP-150,"Sehr geehrte Damen und Herren,

vielen Dank für Ihre Anfrage. Bitte stellen Sie sicher, dass während des Updates keine anderen Programme geöffnet sind. Versuchen Sie, das Update erneut zu starten. Sollte das Problem weiterhin bestehen, kontaktieren Sie uns bitte mit Ihrer Softwareversion.

Mit freundlichen Grüßen,
Ihr ENDI Support",1,1.0,Software & IT
2023-11-18,Garantiefrage: Maschine defekt innerhalb der Garantiezeit. SNU-200.,"Sehr geehrte Damen und Herren,

vielen Dank für Ihre Anfrage. Bitte teilen Sie uns Ihre Bestellnummer und die Seriennummer der Maschine mit, damit wir die Garantiebedingungen prüfen können.  Bitte beschreiben Sie den Defekt so detailliert wie möglich.

Mit freundlichen Grüßen,
Ihr ENDI Support",3,0.10052499951838469,Garantie & Reklamation
2023-12-03,Training für die CNCF-500?,"Sehr geehrte Damen und Herren,

wir bieten regelmäßige Schulungen für die CNCF-500 an.  Die aktuellen Termine und Preise finden Sie auf unserer Website im Bereich Schulungen.  Gerne können Sie uns auch für ein individuelles Angebot kontaktieren.

Mit freundlichen Grüßen,
Ihr ENDI Support",0,1.0,Schulung & Inbetriebnahme
2023-12-20,"Bestellung 2023-12-010, noch keine Info über Versand!","Sehr geehrte Damen und Herren,

vielen Dank für Ihre Anfrage. Wir prüfen den Status Ihrer Bestellung 2023-12-010 umgehend. Sie erhalten innerhalb von 24 Stunden eine Rückmeldung mit Informationen zum Versandtermin.

Mit freundlichen Grüßen,
Ihr ENDI Support",11,1.0,Lieferung & Bestellung
2023-01-15,"Hallo, ich habe am 02.01. eine DM-500 bestellt, aber noch keine Versandbestätigung erhalten. Bestellnummer ist 20230102-01.","Sehr geehrte/r Kunde/in, vielen Dank für Ihre Anfrage. Wir prüfen umgehend den Status Ihrer Bestellung 20230102-01. Eine Versandbestätigung sollte in Kürze per E-Mail versendet werden. Sollte dies nicht der Fall sein, melden Sie sich bitte erneut.",10,1.0,Lieferung & Bestellung
2023-01-22,"Wo bleibt meine Bestellung? SNU-200, Bestellt am 10.01.","Sehr geehrte/r Kunde/in, danke für Ihre Nachricht. Um den Status Ihrer SNU-200 Bestellung zu prüfen, benötigen wir bitte Ihre Bestellnummer. Diese finden Sie in Ihrer Auftragsbestätigung.",6,0.32638539666843924,Lieferung & Bestellung
2023-02-05,Ich benötige dringend ein Ersatzteil für meine SCS-100. Es ist der Sensor an der X-Achse defekt. Artikelnummer 423987.,"Sehr geehrte/r Kunde/in, vielen Dank für Ihre Anfrage. Wir prüfen die Verfügbarkeit des Sensors (Artikelnummer 423987) für Ihre SCS-100 und erstellen Ihnen ein Angebot inklusive Lieferzeit. Bitte geben Sie uns Ihre vollständige Rechnungsadresse an.",8,1.0,Ersatzteile & Technik
2023-02-18,Wie lange dauert die Lieferung von Ersatzteilen?,"Sehr geehrte/r Kunde/in, die Lieferzeit für Ersatzteile variiert je nach Verfügbarkeit. In der Regel beträgt sie 3-7 Werktage. Bitte teilen Sie uns die Artikelnummer des benötigten Teils und das Modell Ihrer Maschine mit, damit wir Ihnen eine genauere Auskunft geben können.",2,0.7841196224972752,Lieferung & Bestellung
2023-03-10,Meine CNCF-500 zeigt eine Übertemperatur-Warnung. Was tun?,"Sehr geehrte/r Kunde/in, eine Übertemperatur-Warnung deutet auf ein Problem mit der Kühlung hin. Bitte überprüfen Sie die Kühlmittelstände und die Funktion des Kühlventilators. Im Handbuch im Downloadbereich finden Sie detaillierte Anweisungen zur Fehlerbehebung.",5,1.0,Sonstiges
2023-03-25,Fehler an der Hydraulik der HP-150. Drückt nicht richtig.,"Sehr geehrte/r Kunde/in, bitte geben Sie uns die Seriennummer Ihrer HP-150 an, um den Fehler besser zu analysieren. Überprüfen Sie auch den Hydraulikölstand und die Leitungen auf Beschädigungen. Details zur Wartung finden Sie im Handbuch.",4,0.1646300528338575,Ersatzteile & Technik
2023-04-01,"Die Software stürzt ständig ab. FSL-300, Version 2.5","Sehr geehrte/r Kunde/in, danke für Ihre Meldung. Ein Software-Absturz kann verschiedene Ursachen haben. Bitte starten Sie die Software neu und prüfen Sie, ob das Problem weiterhin besteht. Wenn ja, senden Sie uns bitte die Fehlermeldung (Screenshot) und die genaue Version Ihrer Software.",1,1.0,Software & IT
2023-04-15,Kann ich DXF Dateien in die Software importieren?,"Sehr geehrte/r Kunde/in, ja, unsere Software unterstützt den Import von DXF-Dateien. Bitte stellen Sie sicher, dass die DXF-Datei mit der Software kompatibel ist (Version, Format). Im Handbuch finden Sie Hinweise zum Importieren von Dateien.",7,0.25531813486220784,Software & IT
2023-05-08,Wann ist der nächste Wartungstermin für meine DM-500?,"Sehr geehrte/r Kunde/in, das Wartungsintervall für die DM-500 beträgt 6 Monate oder 500 Betriebsstunden, je nachdem, was zuerst eintritt. Bitte teilen Sie uns das Datum der letzten Wartung mit, damit wir den nächsten Termin planen können.",9,1.0,Wartung & Service
2023-05-20,Ich benötige Spezialwerkzeug für die SCS-100 Wartung.,"Sehr geehrte/r Kunde/in, das benötigte Spezialwerkzeug für die SCS-100 Wartung finden Sie in der Stückliste im Wartungshandbuch. Die Werkzeuge können Sie über unseren Online-Shop oder Ihren Vertriebspartner beziehen.",12,1.0,Wartung & Service
2023-06-03,Meine Maschine (Bestellnummer 20230215-05) ist innerhalb der Garantie defekt!,"Sehr geehrte/r Kunde/in, vielen Dank für Ihre Meldung. Bitte geben Sie uns die Seriennummer Ihrer Maschine und eine genaue Beschreibung des Defekts. Wir prüfen dann, ob der Defekt unter die Garantie fällt und wie wir weiter vorgehen können.",14,0.4442983902085515,Garantie & Reklamation
2023-06-12,Reklamation. FSL-300 defekt nach 2 Monaten!,"Sehr geehrte/r Kunde/in, bitte senden Sie uns Ihre Bestellnummer und die Seriennummer der FSL-300 zu. Beschreiben Sie den Defekt so detailliert wie möglich. Wir werden Ihre Reklamation prüfen.",3,0.30576823547526305,Garantie & Reklamation
2023-07-19,Ich brauche Schulung für die CNCF-500. Wann gibt es Termine?,"Sehr geehrte/r Kunde/in, wir bieten regelmäßig Schulungen für die CNCF-500 an. Die aktuellen Termine finden Sie auf unserer Webseite im Bereich 'Service & Support'.",0,0.6877804854437299,Schulung & Inbetriebnahme
2023-07-28,Inbetriebnahme der SNU-200 - wer kann mir helfen?,"Sehr geehrte/r Kunde/in, für die Inbetriebnahme der SNU-200 empfehlen wir, einen unserer erfahrenen Servicetechniker zu beauftragen. Wir koordinieren gerne einen Termin für Sie.",0,0.37610063219485745,Schulung & Inbetriebnahme
2023-08-05,Lieferstatus DM-500? Hab noch nix gehört.,"Sehr geehrte/r Kunde/in, wir prüfen umgehend den Status Ihrer DM-500 Bestellung. Bitte nennen Sie uns Ihre Bestellnummer, damit wir schnellere Auskunft geben können.",11,1.0,Lieferung & Bestellung
2023-08-18,Spindel der HP-150 macht komische Geräusche. Was ist los?,"Sehr geehrte/r Kunde/in, ungewöhnliche Geräusche von der Spindel können verschiedene Ursachen haben. Bitte geben Sie uns die Seriennummer Ihrer HP-150 an, damit wir den Fehler analysieren können. Überprüfen Sie auch die Spindelkühlung.",-1,0.0,Lieferung & Bestellung
2023-09-11,Software Update SNU-200 nicht möglich.,"Sehr geehrte/r Kunde/in, bitte prüfen Sie, ob Sie die aktuellste Software-Version für die SNU-200 verwenden. Im Downloadbereich finden Sie die neueste Version und eine Installationsanleitung. Falls das Problem weiterhin besteht, senden Sie uns die Fehlermeldung.",1,1.0,Software & IT
2023-09-22,Wartungsplan FSL-300?,"Sehr geehrte/r Kunde/in, den Wartungsplan für die FSL-300 finden Sie im Handbuch im Downloadbereich auf unserer Webseite. Dort sind die empfohlenen Wartungsintervalle und -arbeiten aufgeführt.",13,1.0,Wartung & Service
2023-10-06,"Die Maschine hat einen Fehler, und ich bin im Garantiezeitraum.","Sehr geehrte/r Kunde/in, bitte teilen Sie uns die Modellbezeichnung, Seriennummer und das Datum der Inbetriebnahme Ihrer Maschine mit. Beschreiben Sie den Fehler so detailliert wie möglich. Wir prüfen, ob der Fehler unter die Garantie fällt.",14,1.0,Garantie & Reklamation
2023-10-17,Ich brauche ein Angebot für Ersatzteile. Und wie lange dauert die Lieferung?,"Sehr geehrte/r Kunde/in, bitte senden Sie uns eine Liste der benötigten Ersatzteile mit Artikelnummern und die Modellbezeichnung Ihrer Maschine. Wir erstellen Ihnen umgehend ein Angebot inklusive Lieferzeit.",2,0.7660576932694648,Lieferung & Bestellung
2023-01-15,"Hallo, ich habe am 02.01.2023 eine DM-500 bestellt. Bisher keine Versandbestätigung erhalten. Können Sie mir sagen, was los ist?","Sehr geehrte Damen und Herren, vielen Dank für Ihre Anfrage. Wir prüfen gerne den Status Ihrer Bestellung. Bitte geben Sie uns Ihre Bestellnummer an, damit wir Ihnen schnellstmöglich Auskunft geben können. Sie finden die Bestellnummer in Ihrer Auftragsbestätigung.",10,1.0,Lieferung & Bestellung
2023-01-22,Ich benötige dringend ein Ersatzteil für meine FSL-300 – den Motor (Artikelnummer 4711). Wie lange dauert die Lieferung?,"Sehr geehrte Damen und Herren, vielen Dank für Ihre Anfrage. Die Lieferzeit für den Motor (Artikelnummer 4711) beträgt in der Regel 5-7 Werktage. Bitte teilen Sie uns die Seriennummer Ihrer FSL-300 mit, damit wir die Kompatibilität sicherstellen können.",2,1.0,Lieferung & Bestellung
2023-02-05,Die CNCF-500 zeigt eine Übertemperaturwarnung. Was kann ich tun?,"Sehr geehrte Damen und Herren, vielen Dank für Ihre Anfrage. Eine Übertemperaturwarnung kann verschiedene Ursachen haben. Bitte überprüfen Sie zunächst die Kühlmittelstände und die Luftzufuhr. Im Handbuch im Downloadbereich finden Sie eine detaillierte Fehleranalyse und mögliche Lösungsansätze.",5,1.0,Sonstiges
2023-02-18,"Die Software stürzt ständig ab, wenn ich eine DXF-Datei importiere. (SNU-200)","Sehr geehrte Damen und Herren, vielen Dank für Ihre Anfrage. Abstürze beim DXF-Import können durch beschädigte Dateien oder veraltete Softwareversionen verursacht werden. Bitte aktualisieren Sie die Software auf die neueste Version und versuchen Sie, eine andere DXF-Datei zu importieren.  Bitte nennen Sie uns Ihre aktuelle Software Version.",7,1.0,Software & IT
2023-03-01,Wann ist die nächste Wartung für meine SCS-100 fällig?,"Sehr geehrte Damen und Herren, vielen Dank für Ihre Anfrage. Die Wartungsintervalle für die SCS-100 sind im Wartungsplan im Handbuch definiert. Die Intervalle sind abhängig von der Nutzung. Bitte prüfen Sie den Wartungsplan und teilen Sie uns gegebenenfalls die Betriebsstunden Ihrer Maschine mit, damit wir eine genaue Empfehlung geben können.",9,1.0,Wartung & Service
2023-03-12,Ich habe die DM-500 erst vor einem Monat gekauft und jetzt ist schon etwas kaputt. Wie läuft das mit der Garantie?,"Sehr geehrte Damen und Herren, vielen Dank für Ihre Anfrage. Bitte senden Sie uns eine detaillierte Beschreibung des Defekts sowie die Seriennummer und den Kaufnachweis, damit wir den Garantieanspruch prüfen können.  Wir werden uns dann umgehend mit Ihnen in Verbindung setzen.",-1,0.0,Lieferung & Bestellung
2023-04-08,Wo finde ich Infos zu Schulungen für die CNCF-500?,"Sehr geehrte Damen und Herren, vielen Dank für Ihre Anfrage. Informationen zu unseren Schulungen für die CNCF-500 finden Sie auf unserer Website im Bereich ""Service & Support"". Dort finden Sie auch den aktuellen Schulungskalender.",0,1.0,Schulung & Inbetriebnahme
2023-04-20,"Keine Ahnung warum, aber die Maschine meldet jetzt 'Druck zu niedrig'. Was soll ich machen?","Sehr geehrte Damen und Herren, vielen Dank für Ihre Anfrage. Ein 'Druck zu niedrig'-Fehler kann verschiedene Ursachen haben. Bitte überprüfen Sie zunächst die Druckluftversorgung und die Druckschläuche auf Beschädigungen. Im Handbuch im Downloadbereich finden Sie eine detaillierte Fehleranalyse.",4,0.07010018887458161,Ersatzteile & Technik
2023-05-03,Ich brauche ein Angebot für Ersatzteile für die HP-150. Insbesondere das Spindel-Lager.,"Sehr geehrte Damen und Herren, vielen Dank für Ihre Anfrage. Gerne erstellen wir Ihnen ein Angebot für das Spindel-Lager für Ihre HP-150. Bitte teilen Sie uns die Seriennummer Ihrer Maschine mit, damit wir die korrekte Ersatzteilnummer ermitteln können.",2,0.12457047358538681,Lieferung & Bestellung
2023-05-15,Die Software Version 3.2 hängt sich immer wieder auf. Ich brauche Hilfe.,"Sehr geehrte Damen und Herren, vielen Dank für Ihre Anfrage. Bei Softwareversion 3.2 sind uns bereits einige Abstürze bekannt. Wir empfehlen Ihnen ein Update auf die aktuelle Version 3.3.  Sie können die neueste Version im Downloadbereich herunterladen. Bitte sichern Sie vorher Ihre Daten.",1,1.0,Software & IT
2023-06-22,Lieferstatus der Bestellung 12345? Und Rechnung?,"Sehr geehrte Damen und Herren, vielen Dank für Ihre Anfrage. Wir prüfen gerne den Status Ihrer Bestellung 12345 und senden Ihnen die Rechnung zu. Bitte geben Sie uns die Seriennummer Ihrer Maschine an, um die Zuordnung sicherzustellen.",-1,0.0,Lieferung & Bestellung
2023-07-01,"Hallo, hab ne Frage zur DM-500. Wie oft muss man die denn warten?","Sehr geehrte Damen und Herren, vielen Dank für Ihre Anfrage. Die Wartungsintervalle für die DM-500 sind abhängig von der Nutzung und den Betriebsbedingungen. Im Handbuch im Downloadbereich finden Sie einen detaillierten Wartungsplan.",13,1.0,Wartung & Service
2023-07-18,Hydraulikpumpe defekt bei SCS-100. Was nun?,"Sehr geehrte Damen und Herren, vielen Dank für Ihre Anfrage. Bitte senden Sie uns die Seriennummer Ihrer SCS-100 sowie eine detaillierte Beschreibung des Defekts, damit wir den Fall prüfen und Ihnen weiterhelfen können.",4,0.16858846248489479,Ersatzteile & Technik
2023-08-05,Ich kann keine DXF Dateien mehr importieren. Meldung 'Datei beschädigt',"Sehr geehrte Damen und Herren, vielen Dank für Ihre Anfrage. Versuchen Sie bitte, eine andere DXF-Datei zu importieren, um auszuschließen, dass das Problem an der Datei liegt.  Bitte teilen Sie uns Ihre Softwareversion mit.",7,0.22900599322182633,Software & IT
2023-08-29,Wartung + Ersatzteilfrage für FSL-300. Was kostet ein neues Kühlmittelpumpenrad?,"Sehr geehrte Damen und Herren, vielen Dank für Ihre Anfrage. Gerne erstellen wir Ihnen ein Angebot für das Kühlmittelpumpenrad für Ihre FSL-300.  Bitte teilen Sie uns die Seriennummer Ihrer Maschine mit, um die Kompatibilität sicherzustellen. Bezüglich der Wartung, schauen Sie bitte in den Wartungsplan.",4,0.5721751946529188,Ersatzteile & Technik
2023-09-11,Die DM-500 ist innerhalb der Garantie defekt. Wie gehe ich vor?,"Sehr geehrte Damen und Herren, vielen Dank für Ihre Anfrage. Bitte senden Sie uns eine detaillierte Beschreibung des Defekts, die Seriennummer und den Kaufnachweis, damit wir den Garantieanspruch prüfen können.",14,1.0,Garantie & Reklamation
2023-10-03,Sensor an der SNU-200 defekt. Fehlermeldung: 'Sensor 12 nicht erkannt'.,"Sehr geehrte Damen und Herren, vielen Dank für Ihre Anfrage. Bitte überprüfen Sie die Verkabelung des Sensors 12. Im Handbuch im Downloadbereich finden Sie eine detaillierte Anleitung zur Fehlerbehebung.",8,1.0,Ersatzteile & Technik
2023-11-17,Wo finde ich die Anleitung für die Inbetriebnahme der HP-150?,"Sehr geehrte Damen und Herren, vielen Dank für Ihre Anfrage. Die Anleitung zur Inbetriebnahme der HP-150 finden Sie im Handbuch im Downloadbereich unserer Website.",0,0.1159384765030333,Schulung & Inbetriebnahme
2023-11-28,Ich warte seit 3 Wochen auf meine Bestellung. Was ist da los?? (Best.Nr. 67890),"Sehr geehrte Damen und Herren, vielen Dank für Ihre Anfrage. Wir prüfen umgehend den Status Ihrer Bestellung 67890 und informieren Sie innerhalb von 24 Stunden über den aktuellen Stand. Bitte entschuldigen Sie die Verzögerung.",6,0.35550039288927904,Lieferung & Bestellung
2023-12-10,CNCF-500: Spindel dreht nicht. Was jetzt?,"Sehr geehrte Damen und Herren, vielen Dank für Ihre Anfrage. Bitte überprüfen Sie zunächst die Stromversorgung und die Not-Aus-Schalter. Im Handbuch im Downloadbereich finden Sie weitere Hinweise zur Fehlerbehebung.",3,0.4011445459463424,Garantie & Reklamation
2023-01-15,"Hallo, ich habe am 05.01. eine DM-500 bestellt, aber noch keine Versandbestätigung erhalten. Bestellnummer ist 20230105-123.","Guten Tag, vielen Dank für Ihre Anfrage. Ihre Bestellung mit der Nummer 20230105-123 wird derzeit bearbeitet. Es kann aktuell aufgrund hoher Nachfrage zu Verzögerungen kommen. Sie erhalten eine Versandbestätigung, sobald die Ware unser Lager verlässt. Bitte erlauben Sie uns noch 2-3 Werktage.",10,1.0,Lieferung & Bestellung
2023-01-22,"Wo bleibt meine Lieferung? Bestellnummer 20230110-456, SCS-100.","Guten Tag, Ihre Bestellung 20230110-456 mit der SCS-100 befindet sich im Versand. Sie können den aktuellen Status mit der Sendungsnummer [Sendungsnummer einfügen, falls vorhanden] unter dem Link des Versanddienstleisters verfolgen.",6,1.0,Lieferung & Bestellung
2023-02-03,Ich benötige dringend ein Ersatzteil für meine FSL-300. Es handelt sich um die Spindelnutmutter (Art.-Nr. 4711-003). Wie lange dauert die Lieferung?,"Guten Tag, vielen Dank für Ihre Anfrage. Die Lieferzeit für die Spindelnutmutter (Art.-Nr. 4711-003) beträgt in der Regel 3-5 Werktage. Bitte teilen Sie uns Ihre vollständige Rechnungsadresse mit, damit wir ein Angebot erstellen können.",2,1.0,Lieferung & Bestellung
2023-02-18,Kann ich ein Angebot für Ersatzteile für die SNU-200 erhalten? Insbesondere interessiert mich der Hydraulikzylinder.,"Guten Tag, gern erstellen wir Ihnen ein Angebot für Ersatzteile der SNU-200, inklusive des Hydraulikzylinders. Bitte geben Sie die Seriennummer Ihrer Maschine an, damit wir die passenden Teile identifizieren können.",4,1.0,Ersatzteile & Technik
2023-03-01,Meine CNCF-500 zeigt eine Übertemperaturwarnung an. Was bedeutet das?,"Guten Tag, eine Übertemperaturwarnung deutet auf eine mögliche Überlastung oder eine Fehlfunktion der Kühlung hin. Bitte prüfen Sie zunächst die Luftzufuhr und die Kühlflüssigkeit. Im Handbuch im Downloadbereich finden Sie detaillierte Anweisungen zur Fehlerbehebung.",5,0.43271538310974367,Sonstiges
2023-03-10,Bei meiner DM-500 blinkt der Drucksensor. Was muss ich tun?,"Guten Tag, das Blinken des Drucksensors deutet auf einen niedrigen oder hohen Druck hin. Prüfen Sie die Druckluftzufuhr und stellen Sie sicher, dass keine Leitungen geknickt sind.  Bitte geben Sie die genaue Fehlermeldung an, die auf dem Display angezeigt wird.",8,0.20485842296199647,Ersatzteile & Technik
2023-04-05,"Die Software stürzt ständig ab, wenn ich eine DXF-Datei importiere. (Version 2.5)","Guten Tag, vielen Dank für Ihre Meldung. Ein Absturz beim DXF-Import kann verschiedene Ursachen haben. Bitte stellen Sie sicher, dass Sie die aktuellste Version unserer Software (2.6) verwenden. Andernfalls installieren Sie die neueste Version von unserer Website. Wenn das Problem weiterhin besteht, senden Sie uns bitte die DXF-Datei zur Analyse.",7,1.0,Software & IT
2023-04-22,Ich kann die Software nicht aktivieren. Lizenzfehler.,"Guten Tag, bitte überprüfen Sie zunächst, ob Ihre Lizenz noch gültig ist. Stellen Sie außerdem sicher, dass Ihre Firewall die Software nicht blockiert. Sollte das Problem weiterhin bestehen, kontaktieren Sie bitte unseren Lizenzen-Support mit Ihrer Lizenznummer.",1,0.8217345158973265,Software & IT
2023-05-12,Wann ist die nächste Wartung für meine HP-150 fällig?,"Guten Tag, die Wartungsintervalle für die HP-150 finden Sie im Wartungsplan im Handbuch im Downloadbereich. Bitte prüfen Sie den Kilometerstand oder die Betriebsstunden Ihrer Maschine, um das nächste Wartungsintervall zu ermitteln.",9,1.0,Wartung & Service
2023-05-28,Welche Spezialwerkzeuge benötige ich für die Wartung der SCS-100?,"Guten Tag, für die regelmäßige Wartung der SCS-100 benötigen Sie unter anderem einen Drehmomentschlüssel, einen Satz Inbusschlüssel und ein Messgerät für die Lagerung. Eine vollständige Liste der benötigten Werkzeuge finden Sie im Wartungshandbuch.",12,1.0,Wartung & Service
2023-06-07,Ich habe die Maschine erst vor 2 Monaten gekauft und jetzt ist die Spindel defekt. Was kann ich tun? (Bestellnummer 20230401-789),"Guten Tag, vielen Dank für Ihre Anfrage. Bitte senden Sie uns Fotos oder Videos des Defekts sowie Ihre Bestellnummer (20230401-789). Wir prüfen dann, ob der Defekt unter die Garantie fällt und welche Schritte wir unternehmen können.",-1,0.0,Lieferung & Bestellung
2023-06-21,Die Maschine funktioniert nicht mehr. Reklamation!,"Guten Tag, bitte teilen Sie uns die genaue Modellbezeichnung und Seriennummer Ihrer Maschine mit, sowie eine detaillierte Beschreibung des Problems. Wir werden Ihre Reklamation prüfen und Ihnen schnellstmöglich eine Lösung anbieten.",3,0.38051698358267255,Garantie & Reklamation
2023-07-03,Ich brauche eine Schulung für die CNCF-500. Wer kann mir helfen?,"Guten Tag, wir bieten regelmäßige Schulungen für unsere Maschinen an. Informationen zu den aktuellen Schulungsterminen und -inhalten finden Sie auf unserer Website im Bereich 'Service & Support'.",0,1.0,Schulung & Inbetriebnahme
2023-07-19,Wo finde ich Informationen zur Inbetriebnahme der DM-500?,"Guten Tag, eine detaillierte Anleitung zur Inbetriebnahme der DM-500 finden Sie im Handbuch im Downloadbereich unserer Website. Dort werden alle Schritte ausführlich erklärt.",0,0.11282833393891538,Schulung & Inbetriebnahme
2023-08-08,Versandstatus 20230615-111,"Guten Tag, Ihre Bestellung 20230615-111 wird derzeit bearbeitet und befindet sich im Versand. Sie erhalten eine E-Mail mit der Sendungsnummer, sobald diese verfügbar ist.",-1,0.0,Lieferung & Bestellung
2023-08-25,Ersatzteile SNU-200 dringend!,"Guten Tag, welche Ersatzteile für die SNU-200 benötigen Sie genau? Bitte geben Sie die Artikelnummern an, damit wir die Verfügbarkeit prüfen können.",2,0.1689692227979611,Lieferung & Bestellung
2023-09-11,Fehler: Spindel überhitzt. FSL-300,"Guten Tag, eine überhitzte Spindel kann verschiedene Ursachen haben. Bitte überprüfen Sie die Kühlung und die Schmierung. Im Handbuch im Downloadbereich finden Sie weitere Informationen.",5,0.603718582395657,Sonstiges
2023-09-27,Software crasht beim öffnen von dxf,"Guten Tag, bitte installieren Sie die neueste Version unserer Software. Sollte das Problem weiterhin bestehen, senden Sie uns bitte die DXF-Datei zur Analyse.",1,1.0,Software & IT
2023-10-14,Wartungsplan für HP-150? und brauch ich spezielle Werkzeuge?,"Guten Tag, den Wartungsplan für die HP-150 finden Sie im Handbuch im Downloadbereich. Eine Liste der benötigten Spezialwerkzeuge ist ebenfalls dort aufgeführt.",12,1.0,Wartung & Service
2023-11-02,Maschine defekt innerhalb der Garantiezeit.,"Guten Tag, bitte geben Sie die Seriennummer Ihrer Maschine und eine detaillierte Beschreibung des Defekts an. Wir werden Ihre Garantieansprüche prüfen.",3,0.3372717474009143,Garantie & Reklamation
2023-01-15,"Hallo, ich habe am 05.01.2023 eine Bestellung aufgegeben (Bestellnummer 20230105-01) und noch keine Versandbestätigung erhalten. Könnten Sie mir bitte sagen, wann meine Bestellung verschickt wird?","Sehr geehrte Damen und Herren,
vielen Dank für Ihre Anfrage. Wir prüfen gerne den Status Ihrer Bestellung 20230105-01. Bitte geben Sie uns einen Moment Zeit. In der Regel versenden wir Bestellungen innerhalb von 2-3 Werktagen. Sollte es hierbei zu Verzögerungen kommen, werden Sie umgehend informiert. Sie finden die Sendungsverfolgung auch in Ihrem Kundenkonto.",10,0.13799027427255614,Lieferung & Bestellung
2023-01-20,Wo bleibt meine Lieferung? Bestellnummer 20230110-03. Ich brauche das dringend.,"Sehr geehrte Damen und Herren,
wir bedauern die Verzögerung. Bitte teilen Sie uns Ihre vollständige Bestellnummer mit, damit wir den Status prüfen können. Sie finden diese in Ihrer Auftragsbestätigung.  Sobald die Ware versandt wurde, erhalten Sie eine Sendungsverfolgungsnummer.",6,1.0,Lieferung & Bestellung
2023-02-05,Ich benötige ein Ersatzteil für meine DM-500. Es handelt sich um die Spindel. Können Sie mir ein Angebot zukommen lassen?,"Sehr geehrte Damen und Herren,
gerne erstellen wir Ihnen ein Angebot für eine Spindel für Ihre DM-500. Bitte teilen Sie uns die Seriennummer Ihrer Maschine mit, damit wir das passende Ersatzteil identifizieren können.  Sobald wir die Seriennummer haben, senden wir Ihnen das Angebot zu.",2,0.24619897467899393,Lieferung & Bestellung
2023-02-18,Wie lange dauert die Lieferung von Ersatzteilen?,"Sehr geehrte Damen und Herren,
die Lieferzeit für Ersatzteile beträgt in der Regel 5-7 Werktage, abhängig von der Verfügbarkeit. Sollte ein Teil nicht auf Lager sein, informieren wir Sie über die längere Lieferzeit.  Informationen zur Verfügbarkeit finden Sie auch im Online-Ersatzteilkatalog.",2,0.7702782671019843,Lieferung & Bestellung
2023-03-10,Meine SCS-100 zeigt eine Übertemperatur-Warnung an. Was kann ich tun?,"Sehr geehrte Damen und Herren,
eine Übertemperatur-Warnung deutet auf eine mögliche Überlastung oder einen Defekt im Kühlsystem hin.  Bitte prüfen Sie zunächst die Luftzufuhr und reinigen Sie die Lüftungsschlitze.  Sollte das Problem weiterhin bestehen, notieren Sie sich die genaue Fehlermeldung und kontaktieren Sie unseren technischen Support.",5,1.0,Sonstiges
2023-03-25,Die Maschine FSL-300 meldet einen Fehler am Drucksensor. Was bedeutet das?,"Sehr geehrte Damen und Herren,
ein Fehler am Drucksensor kann verschiedene Ursachen haben. Bitte notieren Sie die genaue Fehlermeldung und prüfen Sie die Anschlüsse des Sensors.  Im Handbuch im Downloadbereich finden Sie eine detaillierte Fehleranalyse und mögliche Lösungsansätze.",8,0.21533606637348804,Ersatzteile & Technik
2023-04-02,Die Software stürzt ständig ab. Ich arbeite mit Version 2.5.,"Sehr geehrte Damen und Herren,
Softwareabstürze können durch verschiedene Faktoren verursacht werden. Bitte starten Sie zunächst Ihren Computer neu und prüfen Sie, ob das Problem weiterhin besteht.  Sollte das Problem weiterhin auftreten, prüfen Sie, ob ein Update verfügbar ist.  Falls das Problem weiterhin besteht, kontaktieren Sie unseren Support und geben Sie die genaue Fehlermeldung und Ihre Softwareversion an.",1,1.0,Software & IT
2023-04-15,Ich kann keine DXF-Dateien importieren. Was mache ich falsch?,"Sehr geehrte Damen und Herren,
prüfen Sie bitte, ob die DXF-Datei das korrekte Format hat und nicht beschädigt ist.  Stellen Sie außerdem sicher, dass die Softwareversion aktuell ist.  Im Handbuch finden Sie detaillierte Informationen zum DXF-Import.",7,0.2333807048366015,Software & IT
2023-05-01,Wann muss ich die SNU-200 das nächste Mal warten lassen?,"Sehr geehrte Damen und Herren,
die SNU-200 sollte gemäß Wartungsplan alle 12 Monate oder nach 500 Betriebsstunden gewartet werden, je nachdem, was zuerst eintritt.  Die genauen Wartungsintervalle finden Sie im Handbuch.",9,0.36758684096045824,Wartung & Service
2023-05-12,Benötige Spezialwerkzeug für Wartung DM-500.,"Sehr geehrte Damen und Herren,
für die Wartung der DM-500 benötigen Sie das Spezialwerkzeug-Set Artikelnummer 4711.  Dieses können Sie in unserem Online-Shop bestellen.  Die Anleitung für die Wartung finden Sie im Handbuch.",12,0.5240730090372214,Wartung & Service
2023-06-08,Die Maschine HP-150 ist defekt. Ich habe sie erst vor 3 Monaten gekauft.,"Sehr geehrte Damen und Herren,
bitte teilen Sie uns die Seriennummer Ihrer Maschine und eine detaillierte Beschreibung des Defekts mit.  Wir prüfen, ob Ihr Fall unter die Garantie fällt.  Bitte senden Sie auch eine Kopie des Kaufbelegs.",-1,0.0,Lieferung & Bestellung
2023-06-22,Ich habe ein Problem mit der Reklamation. Es dauert zu lange.,"Sehr geehrte Damen und Herren,
wir entschuldigen uns für die Verzögerung bei Ihrer Reklamation. Bitte teilen Sie uns Ihre Reklamationsnummer mit, damit wir den Status prüfen können. Wir werden uns umgehend mit Ihnen in Verbindung setzen.",11,0.25706190034436477,Lieferung & Bestellung
2023-07-03,Ich bräuchte eine Schulung für die CNCF-500.,"Sehr geehrte Damen und Herren,
wir bieten regelmäßige Schulungen für die CNCF-500 an.  Die aktuellen Termine finden Sie auf unserer Webseite im Bereich Schulungen.  Sie können sich dort auch direkt anmelden.",0,1.0,Schulung & Inbetriebnahme
2023-07-18,Wie funktioniert die Inbetriebnahme der DM-500?,"Sehr geehrte Damen und Herren,
die Inbetriebnahme der DM-500 wird im Handbuch detailliert beschrieben.  Wir empfehlen Ihnen, die Anleitung sorgfältig durchzulesen.  Bei Fragen stehen wir Ihnen gerne zur Verfügung.",0,0.3190594915235341,Schulung & Inbetriebnahme
2023-08-01,Ich habe meine Bestellung (Nr. 20230801-01) nicht erhalten. Was ist los?,"Sehr geehrte Damen und Herren,
wir prüfen umgehend den Status Ihrer Bestellung 20230801-01. Bitte geben Sie uns einen Moment. Sie erhalten in Kürze eine Rückmeldung.",11,1.0,Lieferung & Bestellung
2023-08-15,Benötige dringend Ersatzteil für FSL-300 - Artikelnummer 12345. Wie lange dauert die Lieferung?,"Sehr geehrte Damen und Herren,
wir prüfen die Verfügbarkeit des Ersatzteils 12345 für die FSL-300. Die Lieferzeit beträgt in der Regel 5-7 Werktage nach Bestätigung der Verfügbarkeit.",2,1.0,Lieferung & Bestellung
2023-09-05,Die Spindel der SCS-100 macht komische Geräusche.,"Sehr geehrte Damen und Herren,
komische Geräusche bei der Spindel können verschiedene Ursachen haben. Bitte notieren Sie sich die genauen Umstände, unter denen die Geräusche auftreten, und kontaktieren Sie unseren technischen Support.",-1,0.0,Lieferung & Bestellung
2023-09-20,Software Update fehlgeschlagen.,"Sehr geehrte Damen und Herren,
prüfen Sie bitte, ob Ihr Computer die Systemanforderungen für das Update erfüllt. Starten Sie die Software neu und versuchen Sie das Update erneut.  Sichern Sie vorher wichtige Daten.",1,1.0,Software & IT
2023-10-10,Wartungsplan für HP-150? Unklar.,"Sehr geehrte Damen und Herren,
der Wartungsplan für die HP-150 finden Sie im Handbuch im Downloadbereich unserer Webseite. Dort sind die Intervalle und die erforderlichen Wartungsarbeiten detailliert beschrieben.",13,1.0,Wartung & Service
2023-10-25,Maschine defekt innerhalb der Garantiezeit. Was jetzt?,"Sehr geehrte Damen und Herren,
bitte teilen Sie uns die Seriennummer Ihrer Maschine und eine detaillierte Beschreibung des Defekts mit.  Wir prüfen, ob Ihr Fall unter die Garantie fällt und wie wir weiter vorgehen können.",3,0.306479364816426,Garantie & Reklamation
2023-01-15,"Hallo, ich habe am 05.01. eine DM-500 bestellt, aber noch keine Versandbestätigung erhalten. Bestellnummer ist 20230105-01.","Guten Tag. Ihre Bestellung vom 05.01. für die DM-500 wird geprüft. Bitte geben Sie uns einen Moment. Wir prüfen den Status und senden Ihnen eine Versandbestätigung zu, sobald verfügbar. Sollte es Verzögerungen geben, werden wir Sie informieren.",10,1.0,Lieferung & Bestellung
2023-01-22,"Ich brauche dringend ein Ersatzteil für meine FSL-300, und zwar das Hydraulikventil. Wie kann ich ein Angebot anfordern?",Guten Tag. Für ein Angebot für das Hydraulikventil der FSL-300 benötigen wir die genaue Artikelnummer des benötigten Teils. Diese finden Sie im Ersatzteilkatalog oder im Handbuch. Bitte teilen Sie uns auch Ihre Seriennummer mit.,4,1.0,Ersatzteile & Technik
2023-02-03,Maschine SCS-100 zeigt Übertemperatur an! Was tun?,"Guten Tag. Die Übertemperaturmeldung bei der SCS-100 deutet auf ein mögliches Problem mit der Kühlung hin. Bitte prüfen Sie, ob die Kühlflüssigkeit ausreichend ist und die Lüftungsschlitze frei sind. Im Handbuch finden Sie weitere Anweisungen zur Fehlerbehebung.",5,1.0,Sonstiges
2023-02-18,"Die Software stürzt ständig ab, wenn ich eine DXF-Datei importiere. Version 2.5.","Guten Tag. Abstürze beim DXF-Import in Version 2.5 sind bekannt. Wir arbeiten an einem Update. Bitte versuchen Sie, die DXF-Datei in einem älteren Format zu speichern oder die Software neu zu installieren. Ein Update wird im Downloadbereich verfügbar sein.",7,1.0,Software & IT
2023-03-01,Wie oft muss ich die DM-500 warten?,"Guten Tag. Die DM-500 hat einen Wartungsplan, der im Handbuch detailliert beschrieben ist. Die Intervalle hängen vom Nutzungsgrad ab. In der Regel empfehlen wir eine Wartung alle 6 Monate oder 500 Betriebsstunden.",13,1.0,Wartung & Service
2023-03-10,Die Spindel an meiner CNCF-500 macht komische Geräusche. Garantie noch vorhanden.,"Guten Tag. Bitte teilen Sie uns die Seriennummer Ihrer CNCF-500 mit, um die Garantie zu prüfen. Beschreiben Sie die Geräusche bitte genauer. Wir werden dann prüfen, ob ein Austausch im Rahmen der Garantie möglich ist.",-1,0.0,Lieferung & Bestellung
2023-04-05,Ich benötige eine Schulung für die Inbetriebnahme der SNU-200.,Guten Tag. Wir bieten regelmäßige Schulungen für die Inbetriebnahme der SNU-200 an. Die aktuellen Termine und Anmeldemöglichkeiten finden Sie auf unserer Website im Schulungsbereich.,0,1.0,Schulung & Inbetriebnahme
2023-04-12,Wo finde ich die Ersatzteilliste für die SCS-100?,Guten Tag. Die Ersatzteilliste für die SCS-100 finden Sie im Downloadbereich auf unserer Website oder im Handbuch der Maschine.,12,0.39292303398077955,Wartung & Service
2023-05-02,Fehlermeldung: Druck zu niedrig. Maschine: FSL-300.,Guten Tag. Die Fehlermeldung 'Druck zu niedrig' bei der FSL-300 kann verschiedene Ursachen haben. Bitte prüfen Sie die Druckluftversorgung und die Einstellungen am Bedienfeld. Im Handbuch finden Sie eine detaillierte Anleitung zur Fehlerbehebung.,4,0.06982735806842341,Ersatzteile & Technik
2023-05-15,Software-Update fehlgeschlagen. Was jetzt?,"Guten Tag. Wenn ein Software-Update fehlgeschlagen ist, versuchen Sie bitte, die Software neu zu starten. Wenn das Problem weiterhin besteht, laden Sie das Update erneut herunter und führen Sie es erneut aus. Im Handbuch finden Sie eine Anleitung zum Software-Update.",1,1.0,Software & IT
2023-06-08,Wartungsplan für HP-150 – wo finde ich ihn?,Guten Tag. Den Wartungsplan für die HP-150 finden Sie im Handbuch der Maschine oder im Downloadbereich unserer Website.,-1,0.0,Lieferung & Bestellung
2023-06-22,"Defekt an der DM-500, innerhalb der Garantiezeit.","Guten Tag. Bitte teilen Sie uns die Seriennummer der DM-500 und eine detaillierte Beschreibung des Defekts mit. Wir prüfen dann, ob der Defekt im Rahmen der Garantie behoben werden kann.",3,0.33103713240834937,Garantie & Reklamation
2023-07-01,Wie lange dauert die Lieferung von Ersatzteilen?,"Guten Tag. Die Lieferzeit für Ersatzteile hängt von der Verfügbarkeit ab. In der Regel beträgt die Lieferzeit 3-5 Werktage. Bitte geben Sie uns die Artikelnummer des benötigten Teils, damit wir die genaue Lieferzeit prüfen können.",2,0.7399381485102592,Lieferung & Bestellung
2023-07-18,Maschine SCS-100 – Sensorfehler!,Guten Tag. Ein Sensorfehler bei der SCS-100 kann verschiedene Ursachen haben. Bitte notieren Sie sich die genaue Fehlermeldung und die betroffene Sensoreinheit. Im Handbuch finden Sie Anweisungen zur Diagnose und Behebung des Fehlers.,8,1.0,Ersatzteile & Technik
2023-08-10,Ich brauche eine Lizenz für die Software.,"Guten Tag. Für die Softwarelizenz benötigen wir Ihre Kundennummer und die Seriennummer der Maschine, auf der die Software installiert werden soll. Bitte senden Sie uns diese Informationen zu.",1,0.6817029710073521,Software & IT
2023-09-05,Bestellstatus 20230815-03. DM-500. Nichts erhalten.,Guten Tag. Wir prüfen umgehend den Status Ihrer Bestellung 20230815-03 für die DM-500. Wir melden uns schnellstmöglich mit einem Update bei Ihnen.,3,0.09518239312323169,Garantie & Reklamation
2023-10-12,Hydraulikprobleme bei FSL-300 + Rechnung fehlt.,"Guten Tag. Wir prüfen die Hydraulikprobleme der FSL-300. Bitte geben Sie die Seriennummer an. Bezüglich der fehlenden Rechnung benötigen wir Ihre Bestellnummer, um diese erneut zu senden.",4,0.15265208493510843,Ersatzteile & Technik
2023-11-03,"cnc f500 absturz, dxf import","Guten Tag. Es gibt bekannte Probleme beim DXF-Import mit der CNCF-500. Wir arbeiten an einem Fix. Bitte prüfen Sie, ob ein Softwareupdate verfügbar ist. Bitte teilen Sie uns die genaue Softwareversion mit.",7,0.18729871284228394,Software & IT
2023-12-20,SNU-200 – Inbetriebnahme – Anleitung?,"Guten Tag. Die Anleitung zur Inbetriebnahme der SNU-200 finden Sie im Handbuch, das der Maschine beilag. Sie können das Handbuch auch im Downloadbereich unserer Website finden.",0,0.36368853894694264,Schulung & Inbetriebnahme
2023-12-28,"Überhitzung SNU-200, was tun?!",Guten Tag. Bei Überhitzung der SNU-200 prüfen Sie bitte die Kühlung und die Belüftung. Ist die Maschine überlastet? Detaillierte Anweisungen zur Fehlerbehebung finden Sie im Handbuch.,5,1.0,Sonstiges
2023-01-15,"Hallo, ich habe am 10.01.2023 eine Bestellung aufgegeben (Bestellnummer 20230110-01). Bisher habe ich keine Versandbestätigung erhalten. Könnten Sie bitte nachsehen, wo meine Bestellung ist?","Sehr geehrte Damen und Herren,

vielen Dank für Ihre Anfrage. Wir prüfen gerne den Status Ihrer Bestellung mit der Bestellnummer 20230110-01. Bitte erlauben Sie uns 1-2 Werktage für die Recherche. Wir informieren Sie umgehend, sobald wir Informationen zum Versandstatus haben. Sollte es sich verzögern, werden wir Sie proaktiv kontaktieren.",10,0.1638062722256566,Lieferung & Bestellung
2023-01-22,"DM-500 Spindel überhitzt, zeigt Warnung E12. Was tun?","Sehr geehrte Damen und Herren,

die Warnmeldung E12 an Ihrer DM-500 Spindel deutet auf eine Überhitzung hin. Bitte überprüfen Sie zunächst die Kühlmittelversorgung und stellen Sie sicher, dass keine Blockaden vorliegen. Im Handbuch im Downloadbereich auf unserer Webseite finden Sie detaillierte Informationen zur Fehlerbehebung. Sollte das Problem weiterhin bestehen, kontaktieren Sie uns bitte mit der Seriennummer Ihrer Maschine.",5,1.0,Sonstiges
2023-02-03,"Ich benötige ein Ersatzteil für die FSL-300, Artikelnummer 4711-003. Wie lange dauert die Lieferung?","Sehr geehrte Damen und Herren,

Danke für Ihre Anfrage. Die Lieferzeit für das Ersatzteil 4711-003 für die FSL-300 beträgt in der Regel 3-5 Werktage, sofern es auf Lager ist. Um die Verfügbarkeit zu prüfen und ein konkretes Angebot zu erstellen, benötigen wir bitte die Seriennummer Ihrer Maschine.",2,1.0,Lieferung & Bestellung
2023-02-18,"Die Software stürzt ständig ab, wenn ich eine DXF-Datei importiere. Ich verwende Version 2.5.","Sehr geehrte Damen und Herren,

danke für Ihre Meldung. Abstürze beim DXF-Import können verschiedene Ursachen haben. Bitte versuchen Sie zunächst, die Software neu zu starten und die DXF-Datei zu vereinfachen (weniger Elemente, Linien). Wenn das Problem weiterhin besteht, aktualisieren Sie bitte auf die neueste Softwareversion (2.6) und prüfen Sie, ob das Problem behoben ist. Ggf. ist auch ein Update Ihrer Grafiktreiber erforderlich.",7,1.0,Software & IT
2023-03-08,Wo finde ich den Wartungsplan für die SCS-100?,"Sehr geehrte Damen und Herren,

der Wartungsplan für die SCS-100 ist im Handbuch im Downloadbereich unserer Webseite hinterlegt. Dort finden Sie alle erforderlichen Informationen zu Wartungsintervallen und erforderlichen Materialien. Zusätzlich bieten wir individuelle Wartungsverträge an; Informationen dazu finden Sie auf unserer Webseite.",-1,0.0,Lieferung & Bestellung
2023-03-20,Ich habe am 01.03 eine Maschine bestellt. Wo bleibt die Lieferung?,"Sehr geehrte Damen und Herren,

wir prüfen umgehend den Status Ihrer Bestellung. Bitte teilen Sie uns Ihre Bestellnummer mit, damit wir die Anfrage schnellstmöglich bearbeiten können.",6,1.0,Lieferung & Bestellung
2023-04-05,Ersatzteil für HP-150 gesucht: Hydraulikpumpe. Angebot bitte.,"Sehr geehrte Damen und Herren,

gerne erstellen wir Ihnen ein Angebot für die Hydraulikpumpe der HP-150. Um das korrekte Ersatzteil zu identifizieren, benötigen wir bitte die Seriennummer Ihrer Maschine.",4,1.0,Ersatzteile & Technik
2023-04-12,CNCF-500 zeigt Fehler: Druck zu niedrig. Was ist zu tun?,"Sehr geehrte Damen und Herren,

der Fehler 'Druck zu niedrig' bei der CNCF-500 kann verschiedene Ursachen haben. Überprüfen Sie bitte zunächst die Druckluftversorgung und die Einstellungen am Druckregler. Im Handbuch finden Sie eine detaillierte Fehlerbehebung.",4,0.07055473908768976,Ersatzteile & Technik
2023-05-01,Die Software hängt sich bei großen Dateien auf. Kann ich eine ältere Version wiederherstellen?,"Sehr geehrte Damen und Herren,

Es tut uns leid zu hören, dass Sie Probleme mit der Software haben. Ja, Sie können prinzipiell eine ältere Version wiederherstellen. Bitte beachten Sie jedoch, dass dadurch möglicherweise neue Funktionen verloren gehen. Die älteren Versionen finden Sie im Kundenportal im Downloadbereich. Welche Version ist aktuell bei Ihnen installiert?",1,1.0,Software & IT
2023-05-17,Wann ist die nächste Wartung für die SNU-200 fällig?,"Sehr geehrte Damen und Herren,

das Wartungsintervall für die SNU-200 hängt von der Nutzung ab. Bitte entnehmen Sie die genauen Intervalle dem Wartungsplan im Handbuch. Wenn Sie uns die Seriennummer Ihrer Maschine nennen, können wir Ihnen den letzten Wartungstermin und den nächsten Fälligkeitstermin mitteilen.",9,1.0,Wartung & Service
2023-06-10,Die Maschine ist innerhalb der Garantie defekt. Was muss ich tun?,"Sehr geehrte Damen und Herren,

Bitte kontaktieren Sie uns umgehend, wenn Ihre Maschine innerhalb der Garantiezeit defekt ist. Wir benötigen die Seriennummer der Maschine, eine detaillierte Beschreibung des Defekts und ggf. Fotos oder Videos zur Dokumentation. Wir werden den Fall prüfen und Ihnen die nächsten Schritte mitteilen.",14,1.0,Garantie & Reklamation
2023-06-28,"Ich habe eine Bestellung aufgegeben, aber noch nichts gehört. Bestellnummer ist 20230628-01","Sehr geehrte Damen und Herren,

vielen Dank für Ihre Anfrage. Wir prüfen den Status Ihrer Bestellung mit der Bestellnummer 20230628-01 und melden uns umgehend bei Ihnen.",10,0.6269847190923561,Lieferung & Bestellung
2023-07-05,"Brauche dringend Ersatzteil für DM-500, Artikelnummer 4711-005. Wie schnell geht das?","Sehr geehrte Damen und Herren,

Wir prüfen die Verfügbarkeit des Ersatzteils 4711-005 für Ihre DM-500 umgehend.  Um die Lieferung zu beschleunigen, benötigen wir bitte die Seriennummer Ihrer Maschine.",2,1.0,Lieferung & Bestellung
2023-08-15,Fehlermeldung P001 an der SCS-100. Im Handbuch finde ich nichts dazu.,"Sehr geehrte Damen und Herren,

die Fehlermeldung P001 an der SCS-100 deutet auf ein Problem mit dem internen Sensor hin. Bitte notieren Sie sich die genaue Umstände, unter denen der Fehler aufgetreten ist und kontaktieren Sie uns mit der Seriennummer Ihrer Maschine. Wir werden den Fall an unseren Technischen Support weiterleiten.",8,0.403193574140329,Ersatzteile & Technik
2023-09-02,Wie installiere ich die neue Softwareversion 2.7?,"Sehr geehrte Damen und Herren,

die Installationsanleitung für die Softwareversion 2.7 finden Sie im Downloadbereich auf unserer Webseite. Bitte beachten Sie die Hinweise zur Datensicherung vor der Installation.",1,0.8962882203619426,Software & IT
2023-10-20,"Wartung für CNCF-500 geplant, benötige Spezialwerkzeug XYZ. Woher bekomme ich das?","Sehr geehrte Damen und Herren,

das Spezialwerkzeug XYZ für die Wartung der CNCF-500 können Sie über unseren Online-Shop oder direkt über unseren Kundenservice bestellen. Bitte geben Sie die Seriennummer Ihrer Maschine an, um sicherzustellen, dass Sie das passende Werkzeug erhalten.",12,1.0,Wartung & Service
2023-11-08,Die Maschine ist defekt (innerhalb der Garantie) und macht komische Geräusche.,"Sehr geehrte Damen und Herren,

Es tut uns leid zu hören, dass Ihre Maschine defekt ist. Bitte beschreiben Sie die Geräusche genauer und teilen Sie uns die Seriennummer der Maschine mit. Wir werden den Fall prüfen und die notwendigen Schritte zur Reparatur unter Garantie einleiten.",3,1.0,Garantie & Reklamation
2023-12-14,Ich bräuchte eine Schulung für die Bedienung der FSL-300.,"Sehr geehrte Damen und Herren,

wir bieten regelmäßige Schulungen für die Bedienung der FSL-300 an. Informationen zu den nächsten Terminen und Anmeldemöglichkeiten finden Sie auf unserer Webseite im Bereich 'Service & Support'.",0,1.0,Schulung & Inbetriebnahme
2024-01-05,Lieferstatus Bestellung 20231220-02? Dringend!,"Sehr geehrte Damen und Herren,

Wir prüfen umgehend den Status Ihrer Bestellung 20231220-02. Bitte erlauben Sie uns eine kurze Recherche. Wir informieren Sie schnellstmöglich.",-1,0.0,Lieferung & Bestellung
2024-01-18,Software update fehlgeschlagen. Was jetzt?,"Sehr geehrte Damen und Herren,

Ein fehlgeschlagenes Software-Update kann verschiedene Ursachen haben. Bitte starten Sie Ihren Computer neu und versuchen Sie das Update erneut. Wenn das Problem weiterhin besteht, kontaktieren Sie uns bitte mit Angabe der genauen Fehlermeldung und der verwendeten Softwareversion.",1,1.0,Software & IT
2023-01-15,"Hallo, ich habe am 02.01.2023 eine Maschine bestellt (Bestellnummer 20230102-01). Bisher keine Versandbestätigung erhalten.","Sehr geehrte Damen und Herren, vielen Dank für Ihre Anfrage. Ihre Bestellung mit der Nummer 20230102-01 wird derzeit bearbeitet. Bitte prüfen Sie kurz Ihren Spam-Ordner. Sollten Sie auch dort keine E-Mail finden, können wir den Versandstatus gerne für Sie intern überprüfen.  Bitte geben Sie uns hierfür die Seriennummer der bestellten Maschine an.",10,1.0,Lieferung & Bestellung
2023-01-22,Wo bleibt meine DM-500? Sollte doch schon da sein!,"Sehr geehrte Damen und Herren, vielen Dank für Ihre Nachricht. Um den Status Ihrer Bestellung zu überprüfen, benötigen wir bitte Ihre Bestellnummer oder Seriennummer der DM-500.  Sobald wir diese Informationen haben, können wir Ihnen Auskunft über den aktuellen Lieferstatus geben.",6,1.0,Lieferung & Bestellung
2023-02-08,Ich benötige ein Ersatzteil für meine FSL-300 (Artikelnummer 4711-001). Was kostet das und wie lange dauert die Lieferung?,"Sehr geehrte Damen und Herren, vielen Dank für Ihre Anfrage. Für das Ersatzteil (Artikelnummer 4711-001) für Ihre FSL-300 erstellen wir Ihnen gerne ein Angebot.  Bitte teilen Sie uns zur schnelleren Bearbeitung die genaue Bezeichnung des Ersatzteils oder, falls vorhanden, die Explosionszeichnung mit. Die Lieferzeit beträgt in der Regel 5-10 Werktage nach Auftragseingang.",2,1.0,Lieferung & Bestellung
2023-02-18,Preis für Ersatzteil SNU-200 Hydraulikpumpe?,"Sehr geehrte Damen und Herren, vielen Dank für Ihre Anfrage. Um Ihnen ein präzises Angebot für die Hydraulikpumpe der SNU-200 erstellen zu können, benötigen wir bitte die genaue Artikelnummer des Ersatzteils. Sie finden diese in der Ersatzteilliste im Handbuch im Downloadbereich auf unserer Webseite.",4,1.0,Ersatzteile & Technik
2023-03-05,Meine CNCF-500 zeigt eine Übertemperaturwarnung an. Was soll ich tun?,"Sehr geehrte Damen und Herren, vielen Dank für Ihre Nachricht. Eine Übertemperaturwarnung deutet auf eine mögliche Überlastung oder einen Defekt des Kühlsystems hin. Bitte schalten Sie die Maschine umgehend ab und überprüfen Sie die Kühlflüssigkeit.  Geben Sie uns bitte die genaue Fehlermeldung und die Seriennummer der CNCF-500 an, damit wir Ihnen weiterhelfen können.",5,1.0,Sonstiges
2023-03-12,Spindel der SCS-100 macht komische Geräusche!,"Sehr geehrte Damen und Herren, vielen Dank für Ihre Anfrage. Ungewöhnliche Geräusche von der Spindel der SCS-100 können verschiedene Ursachen haben. Bitte teilen Sie uns die genaue Art des Geräusches (z.B. Schleifen, Klopfen) und die Seriennummer der Maschine mit.  Wir werden dann prüfen, ob ein Techniker vor Ort benötigt wird.",-1,0.0,Lieferung & Bestellung
2023-04-01,Software stürzt ständig ab. Version 3.2.1,"Sehr geehrte Damen und Herren, vielen Dank für Ihre Nachricht. Softwareabstürze können durch verschiedene Faktoren verursacht werden. Bitte versuchen Sie zunächst, die Software neu zu starten und sicherzustellen, dass Ihr Betriebssystem auf dem neuesten Stand ist.  Bitte teilen Sie uns die genaue Fehlermeldung und die Version der Software mit.",1,1.0,Software & IT
2023-04-15,DXF Import funktioniert nicht mehr,"Sehr geehrte Damen und Herren, vielen Dank für Ihre Anfrage. Probleme beim DXF-Import können auf beschädigte Dateien oder Inkompatibilitäten zurückzuführen sein. Bitte stellen Sie sicher, dass die DXF-Datei korrekt formatiert ist und die Softwareversion aktuell ist.  Bitte senden Sie uns eine Beispiel-DXF-Datei, damit wir das Problem genauer untersuchen können.",7,0.20144078620235165,Software & IT
2023-05-02,Wann ist die nächste Wartung fällig für die HP-150?,"Sehr geehrte Damen und Herren, vielen Dank für Ihre Anfrage. Die Wartungsintervalle für die HP-150 finden Sie im Wartungsplan im Handbuch.  Bitte teilen Sie uns die Seriennummer Ihrer Maschine mit, damit wir den letzten Wartungstermin überprüfen und Ihnen den nächsten Termin mitteilen können.",9,1.0,Wartung & Service
2023-05-20,Benötige Spezialwerkzeug für Wartung DM-500,"Sehr geehrte Damen und Herren, vielen Dank für Ihre Anfrage.  Für die Wartung der DM-500 benötigen Sie eventuell ein spezielles Werkzeug. Eine Liste der benötigten Werkzeuge finden Sie im Wartungshandbuch der DM-500 im Downloadbereich unserer Webseite.",12,1.0,Wartung & Service
2023-06-10,Die Maschine ist innerhalb der Garantie defekt. Was muss ich tun?,"Sehr geehrte Damen und Herren, vielen Dank für Ihre Nachricht.  Bitte teilen Sie uns die Seriennummer der Maschine, das genaue Datum des Kaufs und eine detaillierte Beschreibung des Defekts mit. Wir werden dann prüfen, ob der Defekt unter die Garantie fällt und wie wir weiter vorgehen können.",14,1.0,Garantie & Reklamation
2023-06-25,Reklamation: SNU-200 defekt.,"Sehr geehrte Damen und Herren, vielen Dank für Ihre Reklamation. Um diese bearbeiten zu können, benötigen wir bitte die Bestellnummer, die Seriennummer der SNU-200 und eine genaue Beschreibung des Defekts. Bitte senden Sie uns auch Fotos oder Videos, die den Defekt dokumentieren.",3,0.36363711918608066,Garantie & Reklamation
2023-07-01,Ich brauche eine Schulung für die neue Software.,"Sehr geehrte Damen und Herren, vielen Dank für Ihre Anfrage. Wir bieten regelmäßige Schulungen für unsere Software an.  Bitte besuchen Sie unsere Webseite im Bereich 'Schulungen', um sich über die aktuellen Termine und Inhalte zu informieren.",-1,0.0,Lieferung & Bestellung
2023-07-18,Inbetriebnahme SCS-100 - Wer hilft mir?,"Sehr geehrte Damen und Herren, vielen Dank für Ihre Anfrage. Wir bieten Unterstützung bei der Inbetriebnahme der SCS-100 an. Sie können einen Techniker für die Inbetriebnahme beauftragen. Bitte kontaktieren Sie unseren Vertrieb, um einen Termin zu vereinbaren.",0,0.37142962069602603,Schulung & Inbetriebnahme
2023-08-05,Lieferstatus Bestellung 20230801-02?,"Sehr geehrte Damen und Herren, vielen Dank für Ihre Anfrage.  Ihre Bestellung 20230801-02 befindet sich derzeit in der Auslieferung. Die voraussichtliche Lieferzeit ist der 09.08.2023. Sie erhalten eine separate Versandbestätigung mit Sendungsverfolgungsnummer.",-1,0.0,Lieferung & Bestellung
2023-08-22,Ich brauche dringend das Handbuch für die DM-500.,"Sehr geehrte Damen und Herren, vielen Dank für Ihre Anfrage. Das Handbuch für die DM-500 finden Sie im Downloadbereich auf unserer Webseite unter 'Support'.  Alternativ können wir Ihnen das Handbuch auch per E-Mail zusenden. Bitte teilen Sie uns Ihre E-Mail-Adresse mit.",0,0.09796923423092932,Schulung & Inbetriebnahme
2023-09-10,Was kostet ein Ersatzfilter für die CNCF-500?,"Sehr geehrte Damen und Herren, vielen Dank für Ihre Anfrage. Der Preis für einen Ersatzfilter für die CNCF-500 beträgt 75,00 EUR zzgl. Mehrwertsteuer.  Die Lieferzeit beträgt in der Regel 3-5 Werktage.",2,0.13123352642571076,Lieferung & Bestellung
2023-09-28,Fehler: Hydraulikdruck zu niedrig - SNU-200,"Sehr geehrte Damen und Herren, vielen Dank für Ihre Nachricht. Ein zu niedriger Hydraulikdruck bei der SNU-200 kann verschiedene Ursachen haben. Bitte überprüfen Sie den Ölstand und die Hydraulikschläuche auf Beschädigungen. Geben Sie uns die Seriennummer an, damit wir Ihnen gezielter helfen können.",4,0.15232322949483776,Ersatzteile & Technik
2023-10-12,Software update fehlerhaft. Läuft nicht mehr!,"Sehr geehrte Damen und Herren, vielen Dank für Ihre Nachricht.  Bitte teilen Sie uns die genaue Softwareversion, die Sie aktualisiert haben, und die Fehlermeldung mit.  Wir empfehlen, die Software zunächst neu zu installieren. Eine Anleitung dazu finden Sie im Handbuch.",1,1.0,Software & IT
2023-10-29,Rechnung und Lieferstatus?,"Sehr geehrte Damen und Herren, vielen Dank für Ihre Anfrage.  Bitte teilen Sie uns Ihre Bestellnummer mit, damit wir Ihnen die Rechnung und den Lieferstatus zukommen lassen können. Sie finden die Rechnung auch im Kundenportal.",-1,0.0,Lieferung & Bestellung
2023-01-15,"Hallo, ich habe am 10.01. bestellt (Bestellnummer 20230110-01) und noch keine Versandbestätigung erhalten. Können Sie mir bitte Auskunft geben?","Sehr geehrte Damen und Herren, vielen Dank für Ihre Anfrage. Wir prüfen gerne den Status Ihrer Bestellung 20230110-01. Bitte geben Sie uns einen Moment. Normalerweise wird die Versandbestätigung innerhalb von 24-48 Stunden nach Bestellung versendet. Wir informieren Sie umgehend, sobald wir ein Update haben.",10,0.15844346326580727,Lieferung & Bestellung
2023-01-20,Wo bleibt meine Lieferung? Bestellnummer 20230110-01. Ich brauche das dringend!,"Sehr geehrte Damen und Herren, vielen Dank für Ihre Anfrage. Wir überprüfen den aktuellen Stand Ihrer Bestellung 20230110-01. Könnten Sie bitte Ihre vollständige Lieferadresse bestätigen, damit wir sicherstellen können, dass die Lieferung korrekt zugestellt wird?",6,1.0,Lieferung & Bestellung
2023-02-05,"Ich benötige ein Ersatzteil für meine DM-500. Es ist die Spindel, Artikelnummer 4711-SP. Was kostet das und wie lange dauert die Lieferung?","Sehr geehrte Damen und Herren, vielen Dank für Ihre Anfrage. Die Spindel (Artikelnummer 4711-SP) für die DM-500 kostet 350,00 EUR zzgl. Versand. Die aktuelle Lieferzeit beträgt ca. 5-7 Werktage. Bitte teilen Sie uns Ihre vollständige Rechnungs- und Lieferadresse mit, damit wir ein Angebot erstellen können.",2,1.0,Lieferung & Bestellung
2023-02-18,"Angebot für Ersatzteil SCS-100, Artikelnummer 8008-HYD, Hydraulikpumpe. Schnelle Lieferung erwünscht.","Sehr geehrte Damen und Herren, vielen Dank für Ihre Anfrage. Gerne erstellen wir Ihnen ein Angebot für die Hydraulikpumpe (Artikelnummer 8008-HYD) für die SCS-100. Die Lieferzeit beträgt in der Regel 3-5 Werktage. Bitte geben Sie uns Ihre vollständigen Kontaktdaten an.",4,1.0,Ersatzteile & Technik
2023-03-01,Meine CNCF-500 zeigt eine Übertemperaturwarnung. Was kann ich tun?,"Sehr geehrte Damen und Herren, vielen Dank für Ihre Anfrage. Eine Übertemperaturwarnung bei der CNCF-500 kann verschiedene Ursachen haben. Bitte überprüfen Sie zunächst die Kühlmittelfüllstände und die Luftzirkulation im Schaltschrank. Im Handbuch im Downloadbereich finden Sie detaillierte Anweisungen zur Fehlerbehebung.",5,1.0,Sonstiges
2023-03-10,"Fehler an der Maschine, Druck zu niedrig! Modell FSL-300. Was ist das Problem?","Sehr geehrte Damen und Herren, vielen Dank für Ihre Anfrage. Ein zu niedriger Druck an der FSL-300 kann verschiedene Ursachen haben. Bitte überprüfen Sie die Druckregler und die Leitungen auf Beschädigungen.  Nennen Sie uns bitte die genaue Fehlermeldung, die angezeigt wird, sowie die Seriennummer der Maschine.",4,0.06914143537365859,Ersatzteile & Technik
2023-04-08,Software stürzt ständig ab. Version 7.2. Was kann ich machen?,"Sehr geehrte Damen und Herren, vielen Dank für Ihre Anfrage. Softwareabstürze können verschiedene Ursachen haben. Bitte versuchen Sie zunächst, die Software neu zu installieren. Stellen Sie sicher, dass Ihr Betriebssystem und Ihre Grafiktreiber aktuell sind. Sollte das Problem weiterhin bestehen, kontaktieren Sie uns erneut mit einer genauen Beschreibung der Situation.",1,1.0,Software & IT
2023-04-22,Ich kann keine DXF-Dateien importieren. Software-Version 7.2. Hilfe!,"Sehr geehrte Damen und Herren, vielen Dank für Ihre Anfrage. Probleme beim DXF-Import können auf verschiedene Ursachen zurückzuführen sein. Bitte überprüfen Sie, ob die DXF-Datei korrekt formatiert ist und keine ungültigen Zeichen enthält. Aktualisieren Sie gegebenenfalls die Software auf die neueste Version.",7,0.23829995265210555,Software & IT
2023-05-12,Wann muss ich die DM-500 warten? Und welche Spezialwerkzeuge brauche ich?,"Sehr geehrte Damen und Herren, vielen Dank für Ihre Anfrage. Die DM-500 sollte gemäß Wartungsplan alle 6 Monate gewartet werden. Die benötigten Spezialwerkzeuge sind im Wartungshandbuch im Downloadbereich aufgeführt. Dort finden Sie auch eine detaillierte Checkliste.",12,0.5519043681929577,Wartung & Service
2023-05-28,Wie oft muss ich die SCS-100 warten?,"Sehr geehrte Damen und Herren, vielen Dank für Ihre Anfrage. Die SCS-100 sollte je nach Betriebsart alle 12 Monate oder nach 500 Betriebsstunden gewartet werden. Bitte konsultieren Sie das Wartungshandbuch für detaillierte Informationen.",13,1.0,Wartung & Service
2023-06-03,Die Maschine ist innerhalb der Garantiezeit defekt. Was muss ich tun?,"Sehr geehrte Damen und Herren, vielen Dank für Ihre Anfrage. Bitte teilen Sie uns die Seriennummer der Maschine und eine detaillierte Beschreibung des Defekts mit. Wir prüfen dann, ob der Defekt unter die Garantie fällt und welche Schritte zur Reparatur erforderlich sind.",14,1.0,Garantie & Reklamation
2023-06-17,Reklamation. Artikelnummer 1234-DEF. Defekt nach 2 Monaten.,"Sehr geehrte Damen und Herren, vielen Dank für Ihre Reklamation. Bitte senden Sie uns Fotos des defekten Artikels (Artikelnummer 1234-DEF) und eine Kopie des Kaufbelegs zu. Wir werden Ihre Reklamation prüfen und uns umgehend mit Ihnen in Verbindung setzen.",3,0.15842853952360605,Garantie & Reklamation
2023-07-01,Ich brauche eine Schulung für die neue SNU-200.,"Sehr geehrte Damen und Herren, vielen Dank für Ihre Anfrage. Wir bieten regelmäßige Schulungen für die SNU-200 an. Die aktuellen Termine und Preise finden Sie auf unserer Website im Bereich Schulungen.",0,1.0,Schulung & Inbetriebnahme
2023-07-15,Wie kann ich die Maschine in Betrieb nehmen? Modell HP-150.,"Sehr geehrte Damen und Herren, vielen Dank für Ihre Anfrage. Eine detaillierte Anleitung zur Inbetriebnahme der HP-150 finden Sie im Handbuch im Downloadbereich auf unserer Website. Wir bieten auch optional eine Vor-Ort-Inbetriebnahme durch unsere Servicetechniker an.",0,0.3260418824105872,Schulung & Inbetriebnahme
2023-08-20,Keine Ahnung wo meine Bestellung geblieben ist! Bestellnr fehlt.,"Sehr geehrte Damen und Herren, vielen Dank für Ihre Anfrage. Um Ihre Bestellung verfolgen zu können, benötigen wir bitte Ihre Bestellnummer. Könnten Sie uns diese bitte mitteilen?",11,1.0,Lieferung & Bestellung
2023-09-05,Ich brauche dringend ein Handbuch für die DM-500!,"Sehr geehrte Damen und Herren, vielen Dank für Ihre Anfrage. Sie können das Handbuch für die DM-500 jederzeit im Downloadbereich auf unserer Website herunterladen.",0,0.09980477583127519,Schulung & Inbetriebnahme
2023-10-10,Software-Update fehlgeschlagen. CNCF-500. Was jetzt?,"Sehr geehrte Damen und Herren, vielen Dank für Ihre Anfrage. Ein fehlgeschlagenes Software-Update kann verschiedene Ursachen haben. Bitte überprüfen Sie, ob ausreichend Speicherplatz vorhanden ist und ob die Software während des Updates nicht durch andere Programme gestört wurde. Versuchen Sie, das Update erneut zu starten.",1,1.0,Software & IT
2023-11-02,Wartung und Ersatzteil für SCS-100,"Sehr geehrte Damen und Herren, vielen Dank für Ihre Anfrage. Bezüglich der Wartung der SCS-100 verweisen wir auf den Wartungsplan im Handbuch. Für ein konkretes Angebot für Ersatzteile, nennen Sie uns bitte die Artikelnummer des benötigten Teils.",12,0.47608391593726146,Wartung & Service
2023-12-18,Die Hydraulik an der FSL-300 macht komische Geräusche.,"Sehr geehrte Damen und Herren, vielen Dank für Ihre Anfrage. Ungewöhnliche Geräusche bei der Hydraulik der FSL-300 können auf einen Defekt hindeuten. Bitte überprüfen Sie den Ölstand und die Leitungen. Nennen Sie uns bitte die Seriennummer der Maschine und beschreiben Sie das Geräusch genauer.",-1,0.0,Lieferung & Bestellung
2023-12-29,Lizenz für Software Version 7.3. Ich habe meine Lizenznummer vergessen.,"Sehr geehrte Damen und Herren, vielen Dank für Ihre Anfrage. Um Ihnen bei der Wiederherstellung Ihrer Lizenznummer für Software Version 7.3 zu helfen, benötigen wir bitte Ihren vollständigen Namen und die E-Mail-Adresse, die Sie bei der Registrierung verwendet haben.",1,0.7743195232397406,Software & IT
2023-01-15,"Hallo, ich habe am 05.01. eine DM-500 bestellt, aber noch keine Versandbestätigung erhalten. Bestellnummer ist 20230105-01. Können Sie mir sagen, wann ich mit der Lieferung rechnen kann?","Guten Tag, vielen Dank für Ihre Anfrage. Wir prüfen gerne den Status Ihrer Bestellung mit der Nummer 20230105-01. Bitte geben Sie uns einen Moment. Die aktuelle Lieferzeit für die DM-500 beträgt ca. 7-10 Werktage. Wir werden Sie informieren, sobald die Bestellung versandt wurde.",10,0.13749268261035025,Lieferung & Bestellung
2023-01-22,"Wo bleibt meine Bestellung? Artikelnummer 4711-DM-500, bestellt am 10.Januar. Keine Rückmeldung!","Guten Tag, vielen Dank für Ihre Nachricht. Wir entschuldigen uns für die Verzögerung bei der Lieferung Ihrer Bestellung. Um den Status schnellstmöglich zu prüfen, benötigen wir bitte Ihre vollständige Bestellnummer.",6,1.0,Lieferung & Bestellung
2023-02-03,Ich benötige ein Ersatzteil für meine FSL-300. Es handelt sich um die Spindel (Art.Nr. 8877-FSL-300-SP). Können Sie mir ein Angebot zukommen lassen und die voraussichtliche Lieferzeit nennen?,"Guten Tag, vielen Dank für Ihre Anfrage. Gerne erstellen wir Ihnen ein Angebot für die Spindel (Art.Nr. 8877-FSL-300-SP) für Ihre FSL-300. Die Lieferzeit beträgt in der Regel 3-5 Werktage nach Auftragseingang. Wir senden Ihnen das Angebot umgehend per E-Mail zu.",2,1.0,Lieferung & Bestellung
2023-02-18,Hat jemand Erfahrung mit der SCS-100? Ständig Fehlermeldung 'Übertemperatur Spindel'. Was tun?,"Guten Tag, vielen Dank für Ihre Anfrage. Die Fehlermeldung 'Übertemperatur Spindel' bei der SCS-100 kann verschiedene Ursachen haben. Bitte prüfen Sie zunächst die Kühlmittelversorgung und die Belüftung der Maschine. Weitere Informationen finden Sie im Handbuch im Downloadbereich auf unserer Webseite.",5,1.0,Sonstiges
2023-03-01,"Die Software stürzt ständig ab, wenn ich eine DXF-Datei importieren möchte. Modell: CNCF-500, Version 2.5.","Guten Tag, vielen Dank für Ihre Nachricht. Ein Absturz beim DXF-Import mit der Version 2.5 der Software für die CNCF-500 ist uns bekannt. Wir empfehlen, die neueste Version (2.6) herunterzuladen und zu installieren. Das Update finden Sie im Kundenportal.",7,1.0,Software & IT
2023-03-10,Wann muss die DM-500 gewartet werden? Gibt es einen Wartungsplan?,"Guten Tag, vielen Dank für Ihre Anfrage. Für die DM-500 empfehlen wir eine Wartung alle 12 Monate oder nach 500 Betriebsstunden, je nachdem, was zuerst eintritt. Einen detaillierten Wartungsplan finden Sie im Handbuch oder auf unserer Webseite im Downloadbereich.",9,0.5439759745742344,Wartung & Service
2023-04-05,Meine FSL-300 ist defekt. Ich habe sie erst vor 6 Monaten gekauft. Was kann ich tun?,"Guten Tag, vielen Dank für Ihre Nachricht. Bitte teilen Sie uns Ihre Bestellnummer und die Seriennummer der FSL-300 mit, damit wir Ihren Garantieanspruch prüfen können. Beschreiben Sie bitte auch den genauen Defekt.",-1,0.0,Lieferung & Bestellung
2023-04-20,Ich bräuchte dringend ein Angebot für Ersatzteile für die SNU-200.  Speziell Artikel 9234-SNU-200-HYD,"Guten Tag, vielen Dank für Ihre Anfrage. Wir erstellen Ihnen umgehend ein Angebot für das Ersatzteil (9234-SNU-200-HYD) für Ihre SNU-200. Die aktuelle Lieferzeit beträgt ca. 5-7 Werktage nach Auftragserteilung.",2,0.11444746214559166,Lieferung & Bestellung
2023-05-12,HP-150 zeigt Warnung 'Druck zu niedrig'. Was bedeutet das?,"Guten Tag, vielen Dank für Ihre Nachricht. Die Warnung 'Druck zu niedrig' bei der HP-150 deutet auf ein Problem mit dem Hydrauliksystem hin. Bitte prüfen Sie den Ölstand und die Schläuche auf Undichtigkeiten. Bei anhaltenden Problemen kontaktieren Sie bitte unseren technischen Support.",4,0.0703918017672216,Ersatzteile & Technik
2023-05-28,Software CNCF-500 hängt sich bei größeren Dateien auf. Update hilft nicht!,"Guten Tag, vielen Dank für Ihre Rückmeldung. Bitte teilen Sie uns die genaue Dateigröße und das Dateiformat der Dateien mit, bei denen es zu Problemen kommt. Des Weiteren wäre die genaue Softwareversion hilfreich, auch wenn Sie bereits ein Update durchgeführt haben.",1,1.0,Software & IT
2023-06-08,Wartung der DM-500 – welche Spezialwerkzeuge brauche ich?,"Guten Tag, vielen Dank für Ihre Anfrage. Für die Wartung der DM-500 benötigen Sie u.a. einen Drehmomentschlüssel, einen Satz Inbusschlüssel und ein Multimeter. Eine detaillierte Liste der benötigten Werkzeuge finden Sie im Wartungshandbuch.",12,1.0,Wartung & Service
2023-06-15,Die DM-500 ist innerhalb der Garantie defekt. Wie gehe ich vor?,"Guten Tag, vielen Dank für Ihre Anfrage. Bitte senden Sie uns Ihre Bestellnummer, die Seriennummer der DM-500 und eine detaillierte Beschreibung des Defekts. Wir werden Ihren Garantieanspruch prüfen und Ihnen die weiteren Schritte mitteilen.",14,1.0,Garantie & Reklamation
2023-07-02,Ich brauche eine Schulung für die SCS-100. Wie kann ich mich anmelden?,"Guten Tag, vielen Dank für Ihre Anfrage. Informationen zu unseren Schulungen für die SCS-100 finden Sie auf unserer Webseite unter dem Bereich 'Service & Support'. Dort können Sie sich auch direkt online anmelden.",0,1.0,Schulung & Inbetriebnahme
2023-07-18,Status Bestellung 20230710-03 - DM-500,"Guten Tag, vielen Dank für Ihre Anfrage. Ihre Bestellung (20230710-03) mit der DM-500 wurde am 15.07. versandt. Sie erhalten eine separate E-Mail mit der Sendungsnummer.",-1,0.0,Lieferung & Bestellung
2023-08-25,Spindel FSL-300 macht komische Geräusche. Was könnte das sein?,"Guten Tag, vielen Dank für Ihre Nachricht. Ungewöhnliche Geräusche bei der Spindel der FSL-300 können verschiedene Ursachen haben, wie z.B. ein Verschleiß der Lager oder eine Unwucht. Bitte lassen Sie die Maschine von einem qualifizierten Techniker überprüfen.",-1,0.0,Lieferung & Bestellung
2023-09-09,"Können Sie mir sagen, wie ich die Software Version herausfinde? (CNCF-500)","Guten Tag, vielen Dank für Ihre Anfrage. Um die Softwareversion der CNCF-500 herauszufinden, starten Sie die Software und klicken Sie im Menü auf 'Hilfe' -> 'Über'. Dort wird die installierte Version angezeigt.",1,0.796228085215051,Software & IT
2023-10-11,Ich brauche ein Angebot für Ersatzteil 1234-SNU-200-SEN und Infos zur Wartung.,"Guten Tag, vielen Dank für Ihre Anfrage. Gerne erstellen wir Ihnen ein Angebot für das Ersatzteil (1234-SNU-200-SEN) und senden Ihnen Informationen zur Wartung der SNU-200 zu. Bitte geben Sie uns einen Moment.",2,0.17016045943980707,Lieferung & Bestellung
2023-11-03,SC-100 – Hydraulikpumpe macht Probleme! Kann ich das selbst reparieren?,"Guten Tag, vielen Dank für Ihre Nachricht. Reparaturen an der Hydraulikpumpe der SCS-100 sollten nur von qualifiziertem Fachpersonal durchgeführt werden. Bitte kontaktieren Sie unseren technischen Support, um einen Servicetermin zu vereinbaren.",4,0.16642048398943202,Ersatzteile & Technik
2023-12-19,"Software abstürze... Immer wenn ich versuche, die Lizenz zu aktivieren, geht alles aus.","Guten Tag, vielen Dank für Ihre Nachricht. Bitte stellen Sie sicher, dass Ihr Betriebssystem und Ihre Grafiktreiber auf dem neuesten Stand sind. Versuchen Sie, die Software als Administrator auszuführen. Wenn das Problem weiterhin besteht, kontaktieren Sie bitte unseren technischen Support mit Angabe Ihrer Lizenznummer.",1,1.0,Software & IT
2023-12-28,Lieferstatus DM-500 Bestellung vom 15.12.2023?,"Guten Tag, vielen Dank für Ihre Anfrage. Ihre Bestellung (15.12.2023) der DM-500 befindet sich im Versand und wird voraussichtlich am 02.01.2024 bei Ihnen eintreffen. Die Sendungsnummer lautet XYZ123456.",-1,0.0,Lieferung & Bestellung
2023-01-15,"Hallo, ich habe am 10.01.2023 eine Bestellung aufgegeben (Bestellnummer 20230110-01), aber noch keine Versandbestätigung erhalten. Könnten Sie bitte nachschauen?","Guten Tag, vielen Dank für Ihre Anfrage. Wir prüfen gerne den Status Ihrer Bestellung 20230110-01. Bitte geben Sie uns einen Moment. Sie erhalten in Kürze eine Rückmeldung per E-Mail. Falls Sie die E-Mail nicht erhalten, antworten Sie bitte auf diese Nachricht.",10,0.1607081021257167,Lieferung & Bestellung
2023-01-22,DM-500 zeigt 'Übertemperatur Spindel' an. Was tun?,"Guten Tag, die Warnmeldung 'Übertemperatur Spindel' deutet auf eine mögliche Überlastung oder Kühlproblematik hin. Bitte prüfen Sie zunächst, ob die Spindel angemessen gekühlt wird und die Belastungsgrenzen nicht überschritten werden.  Detaillierte Informationen finden Sie im Handbuch im Downloadbereich unserer Webseite.",5,1.0,Sonstiges
2023-02-05,Ich benötige ein Ersatzteil für meine SCS-100. Es ist das Zahnrad für den Vorschub. Wie kann ich ein Angebot anfordern?,"Guten Tag, für ein Angebot für das Zahnrad für den Vorschub der SCS-100 benötigen wir die genaue Artikelnummer des Ersatzteils. Diese finden Sie in der Explosionszeichnung im Handbuch oder auf unserer Webseite im Ersatzteilkatalog. Alternativ können Sie uns auch ein Foto des defekten Teils zukommen lassen.",2,0.11966190052917705,Lieferung & Bestellung
2023-02-18,Software stürzt ständig ab beim DXF Import. FSL-300. Version 3.2,"Guten Tag, wir haben bereits von einigen Kunden ähnliche Probleme beim DXF-Import mit Version 3.2 der Software für die FSL-300 gemeldet bekommen. Wir arbeiten an einem Update. Bitte prüfen Sie, ob ein Workaround durch Reduzierung der DXF-Komplexität möglich ist. Alternativ können Sie auf eine ältere Softwareversion zurückgreifen.",7,1.0,Software & IT
2023-03-01,Wann ist die nächste Wartung für die SNU-200 fällig?,"Guten Tag, die Wartungsintervalle für die SNU-200 sind abhängig vom Einsatzgrad. In der Regel empfehlen wir eine Wartung alle 6 Monate oder 500 Betriebsstunden, je nachdem, welcher Wert zuerst erreicht wird. Detaillierte Informationen finden Sie in Ihrem Wartungsplan.",9,1.0,Wartung & Service
2023-03-10,Lieferung verzögert sich. Bestellnummer 20230301-02.  Wo ist meine Maschine?,"Guten Tag, wir entschuldigen uns für die Verzögerung Ihrer Lieferung (Bestellnummer 20230301-02). Wir prüfen den aktuellen Status und informieren Sie schnellstmöglich. Bitte haben Sie etwas Geduld.",6,1.0,Lieferung & Bestellung
2023-04-08,DM-500 hat einen Defekt. Innerhalb der Garantiezeit. Was muss ich tun?,"Guten Tag, für eine Bearbeitung Ihrer Garantieanfrage benötigen wir die Seriennummer der DM-500 sowie eine genaue Beschreibung des Defekts. Bitte senden Sie uns diese Informationen zusammen mit einem Foto oder Video des Defekts zu.",14,1.0,Garantie & Reklamation
2023-04-22,Brauche dringend Ersatzteile für HP-150. Artikelnummern 456789 und 123456. Wie lange dauert die Lieferung?,"Guten Tag, wir prüfen die Lieferzeit der Artikelnummern 456789 und 123456 für die HP-150. Die voraussichtliche Lieferzeit beträgt in der Regel 3-5 Werktage nach Auftragseingang. Wir informieren Sie, sobald die Bestellung versandt wurde.",2,1.0,Lieferung & Bestellung
2023-05-12,Die CNCF-500 zeigt einen Fehler beim Drucksensor an.,"Guten Tag, ein Fehler beim Drucksensor der CNCF-500 kann verschiedene Ursachen haben. Bitte überprüfen Sie die Anschlüsse und Schläuche des Sensors. Detaillierte Anleitungen zur Fehlersuche finden Sie im Handbuch.",8,0.20325266333289296,Ersatzteile & Technik
2023-05-28,Ich habe Probleme mit der Softwarelizenz. Sie wird nicht erkannt.,"Guten Tag, um Ihr Lizenzproblem zu lösen, benötigen wir Ihre Lizenznummer und die genaue Softwareversion, die Sie verwenden. Bitte senden Sie uns diese Informationen zu.",1,0.7353834462993875,Software & IT
2023-06-03,Wartungsplan SNU-200 - welche Spezialwerkzeuge brauche ich?,"Guten Tag, für die Wartung der SNU-200 benötigen Sie je nach Wartungsschritt spezifische Spezialwerkzeuge. Eine vollständige Liste der benötigten Werkzeuge finden Sie im Wartungsplan im Downloadbereich unserer Webseite.",12,1.0,Wartung & Service
2023-06-17,Bestellung 20230610-01 noch nicht angekommen. Und Rechnung fehlt auch.,"Guten Tag, wir prüfen sowohl den Status Ihrer Bestellung 20230610-01 als auch die Rechnungsstellung. Wir informieren Sie umgehend über den aktuellen Stand beider Anliegen.",11,1.0,Lieferung & Bestellung
2023-07-01,"SCS-100 Spindel überhitzt, obwohl Kühlung läuft.","Guten Tag, wenn die Spindel der SCS-100 trotz laufender Kühlung überhitzt, prüfen Sie bitte die Kühlmittelförderung und eventuelle Verstopfungen im Kühlsystem.  Konsultieren Sie das Handbuch für detaillierte Anweisungen.",5,1.0,Sonstiges
2023-07-15,Benötige Ersatzteil für FSL-300 - Motorlager.,"Guten Tag, für das Motorlager der FSL-300 benötigen wir die genaue Artikelnummer.  Bitte prüfen Sie den Explosionszeichnung im Handbuch oder kontaktieren Sie uns mit der Seriennummer der Maschine.",2,0.09937657917678548,Lieferung & Bestellung
2023-08-05,Software stürzt ab - HP-150. Neuinstallation hat nichts gebracht.,"Guten Tag, da eine Neuinstallation keine Verbesserung gebracht hat, benötigen wir weitere Informationen zur Fehlerursache. Bitte nennen Sie uns die genaue Softwareversion und beschreiben Sie die Situation, die zum Absturz führt.",1,1.0,Software & IT
2023-08-22,Inbetriebnahme DM-500 - wer kann helfen?,"Guten Tag, für die Inbetriebnahme der DM-500 bieten wir Schulungen und Vor-Ort-Service an. Bitte kontaktieren Sie unseren Vertrieb, um einen Termin zu vereinbaren.",0,0.37457028662927183,Schulung & Inbetriebnahme
2023-09-10,Garantieanspruch für SCS-100 - Hydraulik defekt.,"Guten Tag, für die Bearbeitung Ihres Garantieanspruchs für die SCS-100 (Hydraulikdefekt) benötigen wir die Seriennummer der Maschine sowie eine detaillierte Fehlerbeschreibung.",4,0.20892775232784638,Ersatzteile & Technik
2023-09-25,Lieferstatus Bestellung 20230918-01??,"Guten Tag, wir prüfen umgehend den Lieferstatus Ihrer Bestellung 20230918-01 und informieren Sie schnellstmöglich.",-1,0.0,Lieferung & Bestellung
2023-10-02,CNCF-500 zeigt 'Sensorfehler' - welche genau?,"Guten Tag, bei einem Sensorfehler der CNCF-500 ist die genaue Fehlermeldung wichtig.  Bitte notieren Sie sich den genauen Wortlaut der Fehlermeldung und teilen Sie uns diesen mit.",8,1.0,Ersatzteile & Technik
2023-10-18,Training für SNU-200 - Kosten?,"Guten Tag, die Kosten für ein Training für die SNU-200 sind abhängig vom Umfang und der Anzahl der Teilnehmer. Bitte kontaktieren Sie unseren Vertrieb für ein individuelles Angebot.",0,1.0,Schulung & Inbetriebnahme
2023-01-15,"Hallo, ich habe am 05.01.2023 eine DM-500 bestellt. Bisher keine Versandbestätigung erhalten. Bestellnummer ist 20230105-01.","Guten Tag, vielen Dank für Ihre Anfrage. Wir prüfen umgehend den Status Ihrer Bestellung 20230105-01. Bitte haben Sie etwas Geduld, wir informieren Sie innerhalb von 24 Stunden über den aktuellen Stand. Sollte es Verzögerungen geben, werden wir Sie proaktiv informieren.",10,1.0,Lieferung & Bestellung
2023-01-22,"Ich benötige ein Ersatzteil für meine FSL-300, und zwar den Hydraulikzylinder. Können Sie mir ein Angebot machen?","Guten Tag, für ein Angebot zum Hydraulikzylinder für Ihre FSL-300 benötigen wir die genaue Artikelnummer des Teils. Diese finden Sie im Ersatzteilkatalog oder im Handbuch Ihrer Maschine.  Bitte teilen Sie uns diese mit, damit wir Ihnen schnellstmöglich ein Angebot zukommen lassen können.",4,1.0,Ersatzteile & Technik
2023-02-08,Die CNCF-500 zeigt eine Übertemperaturwarnung. Was bedeutet das?,"Guten Tag, eine Übertemperaturwarnung bei der CNCF-500 deutet auf eine mögliche Überlastung oder ein Problem mit dem Kühlsystem hin. Überprüfen Sie bitte zuerst, ob die Kühlschläuche korrekt angeschlossen und nicht verstopft sind. Im Handbuch finden Sie weitere Informationen zur Fehlerbehebung.",5,0.4119017441824146,Sonstiges
2023-02-18,"Die Software stürzt ständig ab, wenn ich eine DXF-Datei importiere. Version 2.5.","Guten Tag, wir sind uns des Problems mit dem DXF-Import in Version 2.5 bewusst. Bitte versuchen Sie, die Datei zunächst in einem anderen Format (z.B. STEP) zu importieren.  Sollte das Problem weiterhin bestehen, prüfen Sie, ob die DXF-Datei korrekt gespeichert wurde und keine ungültigen Zeichen enthält.  Ein Update auf die neueste Version 2.6 behebt das Problem in vielen Fällen.",7,1.0,Software & IT
2023-03-01,Wann ist die nächste Wartung für die SNU-200 fällig?,"Guten Tag, das Wartungsintervall für die SNU-200 beträgt 6 Monate oder 500 Betriebsstunden, je nachdem, welcher Zeitpunkt zuerst erreicht wird. Bitte überprüfen Sie das Wartungsprotokoll Ihrer Maschine, um das genaue Datum der letzten Wartung zu ermitteln.  Informationen zum Wartungsplan finden Sie im Handbuch.",9,1.0,Wartung & Service
2023-03-15,"Meine SCS-100 ist defekt, innerhalb der Garantiezeit. Was muss ich tun?","Guten Tag, bitte kontaktieren Sie unser Reklamationsdepartment unter Angabe der Seriennummer und des Kaufdatums. Wir werden den Defekt prüfen und Ihnen die weiteren Schritte zur Reparatur oder zum Austausch mitteilen. Bitte halten Sie eine Kopie des Kaufbelegs bereit.",14,1.0,Garantie & Reklamation
2023-04-05,Bietet ENDI Schulungen für die HP-150 an?,"Guten Tag, ja, wir bieten regelmäßige Schulungen für die HP-150 an.  Informationen zu den aktuellen Terminen und Inhalten finden Sie auf unserer Website im Bereich Schulungen oder Sie können uns direkt kontaktieren, um ein individuelles Angebot zu erhalten.",0,1.0,Schulung & Inbetriebnahme
2023-04-22,Wo ist meine Bestellung? Bestellnummer 20230410-03. Ich warte schon lange!,"Guten Tag, wir prüfen sofort den Status Ihrer Bestellung 20230410-03. Bitte geben Sie uns etwas Zeit. Wir melden uns schnellstmöglich mit einer Rückmeldung bei Ihnen.",6,1.0,Lieferung & Bestellung
2023-05-10,Ich brauche dringend Ersatzteile für die DM-500.,"Guten Tag, um Ihnen die passenden Ersatzteile für die DM-500 anbieten zu können, benötigen wir die genaue Artikelnummer oder eine detaillierte Beschreibung des benötigten Teils. Sie finden die Artikelnummern im Ersatzteilkatalog.",2,0.10661839897332767,Lieferung & Bestellung
2023-05-25,Fehlermeldung: Spindel überlastet. Was tun?,"Guten Tag, eine Spindelüberlastung kann verschiedene Ursachen haben. Bitte überprüfen Sie, ob das Werkstück korrekt eingespannt ist und ob die Schnittparameter (Vorschub, Drehzahl) den Empfehlungen im Handbuch entsprechen.  Vermeiden Sie eine zu hohe Belastung der Spindel.",5,0.3781074308848741,Sonstiges
2023-06-12,Software funktioniert nicht mehr nach dem Update!,"Guten Tag, nach einem Update kann es gelegentlich zu Kompatibilitätsproblemen kommen.  Bitte versuchen Sie, die Software neu zu installieren.  Sichern Sie vorher unbedingt Ihre Daten.  Sollte das Problem weiterhin bestehen, kontaktieren Sie unseren technischen Support.",1,1.0,Software & IT
2023-06-28,Wie oft muss ich die SCS-100 warten?,"Guten Tag, die SCS-100 sollte gemäß Wartungsplan alle 12 Monate oder nach 1000 Betriebsstunden gewartet werden.  Alle Details zum Wartungsplan finden Sie im Handbuch der Maschine.",13,1.0,Wartung & Service
2023-07-03,Garantie für CNCF-500 abgelaufen?,"Guten Tag, die Standardgarantie für die CNCF-500 beträgt 24 Monate ab Kaufdatum. Bitte teilen Sie uns die Seriennummer und das Kaufdatum mit, damit wir prüfen können, ob Ihre Maschine noch unter Garantie steht.",3,0.12578685767691547,Garantie & Reklamation
2023-07-18,Ich brauche eine Schulung für die Bedienung der FSL-300.,"Guten Tag, wir bieten verschiedene Schulungen für die FSL-300 an, von Grundlagen bis zu fortgeschrittenen Themen.  Die aktuellen Termine und Inhalte finden Sie auf unserer Website im Bereich Schulungen.",0,1.0,Schulung & Inbetriebnahme
2023-08-01,Keine Versandbestätigung für Bestellung vom 29.07.2023.,"Guten Tag, wir prüfen umgehend den Status Ihrer Bestellung vom 29.07.2023. Bitte geben Sie uns Ihre Bestellnummer an, damit wir die Anfrage schneller bearbeiten können.",11,1.0,Lieferung & Bestellung
2023-08-15,"Ersatzteil benötigt: Sensor für SNU-200, Artikelnummer unbekannt.","Guten Tag, um Ihnen das passende Ersatzteil für den Sensor der SNU-200 zu liefern, benötigen wir die genaue Bezeichnung oder eine detaillierte Beschreibung des Sensors.  Ein Foto des Sensors kann ebenfalls hilfreich sein.",8,1.0,Ersatzteile & Technik
2023-09-05,Druckabfall bei der Hydraulik – Maschine HP-150.,"Guten Tag, ein Druckabfall bei der Hydraulik kann verschiedene Ursachen haben. Bitte überprüfen Sie zuerst den Ölstand und die Dichtigkeit der Hydraulikleitungen. Im Handbuch finden Sie weitere Hinweise zur Fehlerbehebung.",4,0.45966360763738534,Ersatzteile & Technik
2023-09-20,Software update fehlgeschlagen. Was jetzt?,"Guten Tag, wenn ein Software-Update fehlgeschlagen ist, versuchen Sie bitte, die Software neu zu starten. Sollte das Problem weiterhin bestehen, laden Sie die neueste Version der Software von unserer Website herunter und installieren Sie diese erneut.",1,1.0,Software & IT
2023-10-10,Wartungsintervalle für DM-500 – wo finde ich die Infos?,"Guten Tag, die Wartungsintervalle für die DM-500 finden Sie im Handbuch der Maschine im Abschnitt Wartung. Dort ist ein detaillierter Wartungsplan aufgeführt.",-1,0.0,Lieferung & Bestellung
2023-11-02,Maschine defekt (innerhalb der Garantiezeit) + Rechnung angehängt.,"Guten Tag, vielen Dank für Ihre Nachricht und die Rechnung. Wir prüfen den Defekt umgehend und melden uns mit den nächsten Schritten zur Reparatur oder zum Austausch. Bitte geben Sie uns auch die Seriennummer der Maschine an.",3,0.30230434701899356,Garantie & Reklamation
2023-01-15,"Hallo, ich habe am 10.12.2023 eine DM-500 bestellt, aber noch keine Versandbestätigung erhalten. Bestellnummer ist 20231210-01.","Sehr geehrte/r Kunde/in,

vielen Dank für Ihre Anfrage. Wir prüfen gerne den Status Ihrer Bestellung. Bitte geben Sie uns einen Moment. Laut unserem System ist die Bestellung noch in Bearbeitung.  Wir gehen davon aus, dass sie innerhalb der nächsten 3 Werktage versendet wird. Sie erhalten dann automatisch eine Versandbestätigung per E-Mail. Sollte dies nicht der Fall sein, melden Sie sich bitte erneut.",10,1.0,Lieferung & Bestellung
2023-01-22,Wann kommt meine Bestellung? Artikelnummer 4711-DM-500. Ich brauche das dringend!,"Sehr geehrte/r Kunde/in,

vielen Dank für Ihre Anfrage. Um den Status Ihrer Bestellung zu prüfen, benötige ich bitte Ihre Bestellnummer. Sobald ich diese habe, kann ich Ihnen genaue Informationen zur Lieferung geben.",6,1.0,Lieferung & Bestellung
2023-02-05,Ich benötige ein Ersatzteil für meine FSL-300. Die Spindel ist defekt. Was kostet das und wie lange dauert die Lieferung?,"Sehr geehrte/r Kunde/in,

vielen Dank für Ihre Anfrage.  Für die FSL-300 bieten wir verschiedene Spindeln an. Um Ihnen ein Angebot erstellen zu können, benötige ich bitte die genaue Artikelnummer des benötigten Ersatzteils (oder eine detaillierte Beschreibung) sowie die Seriennummer Ihrer Maschine. Die Lieferzeit für Ersatzteile beträgt in der Regel 5-7 Werktage.",2,0.543320888712154,Lieferung & Bestellung
2023-02-18,"Guten Tag, ich suche ein Ersatzteil für die Hydraulik meines SNU-200. Können Sie mir da weiterhelfen?","Sehr geehrte/r Kunde/in,

vielen Dank für Ihre Anfrage. Gerne unterstützen wir Sie bei der Beschaffung eines Ersatzteils für die Hydraulik Ihrer SNU-200. Bitte teilen Sie uns die genaue Bezeichnung des benötigten Teils oder die Artikelnummer mit.  Eine Übersicht der Ersatzteile finden Sie im Handbuch im Downloadbereich auf unserer Website.",4,1.0,Ersatzteile & Technik
2023-03-01,Die CNCF-500 zeigt eine Übertemperaturwarnung. Was tun?,"Sehr geehrte/r Kunde/in,

vielen Dank für Ihre Anfrage. Eine Übertemperaturwarnung deutet auf eine mögliche Überlastung oder einen Defekt im Kühlsystem hin. Bitte prüfen Sie zuerst, ob die Kühlflüssigkeit ausreichend ist und die Lüfter korrekt funktionieren.  Wenn das Problem weiterhin besteht, notieren Sie sich bitte die genaue Fehlermeldung und die Umgebungsbedingungen (Raumtemperatur etc.). Diese Informationen helfen uns bei der Diagnose.",5,1.0,Sonstiges
2023-03-15,Maschine SCS-100 meldet Fehler: 'Sensor 3 defekt'. Was bedeutet das?,"Sehr geehrte/r Kunde/in,

vielen Dank für Ihre Anfrage.  Der Fehler 'Sensor 3 defekt' deutet auf ein Problem mit einem der Sensoren in Ihrer SCS-100 hin. Bitte prüfen Sie die Verkabelung des Sensors und ob dieser sauber ist.  Notieren Sie sich die genaue Fehlermeldung und die Seriennummer der Maschine. Wir empfehlen, sich an unseren technischen Support zu wenden, um eine detailliertere Diagnose durchführen zu lassen.",8,1.0,Ersatzteile & Technik
2023-04-10,Die Software stürzt ständig ab. Version 2.5. Ich habe DXF-Dateien importiert.,"Sehr geehrte/r Kunde/in,

vielen Dank für Ihre Anfrage. Software-Abstürze können verschiedene Ursachen haben. Da Sie DXF-Dateien importiert haben, kann es sein, dass diese beschädigt sind oder ein inkompatibles Format aufweisen. Bitte versuchen Sie, eine andere DXF-Datei zu importieren oder die Software neu zu installieren.  Überprüfen Sie außerdem, ob die Systemanforderungen für die Software erfüllt sind.",7,1.0,Software & IT
2023-04-25,Ich kann die neue Version der Software nicht installieren. Lizenz ungültig.,"Sehr geehrte/r Kunde/in,

vielen Dank für Ihre Anfrage. Bitte überprüfen Sie, ob Ihre Lizenz noch gültig ist und für die neue Softwareversion freigeschaltet ist.  Wenn Sie Probleme bei der Installation haben, wenden Sie sich bitte an unseren technischen Support. Nennen Sie dabei Ihre Lizenznummer und die genaue Fehlermeldung.",1,0.8135197769613929,Software & IT
2023-05-02,Wie oft muss ich die DM-500 warten?,"Sehr geehrte/r Kunde/in,

vielen Dank für Ihre Anfrage. Die DM-500 sollte gemäß dem Wartungsplan im Handbuch gewartet werden.  Die Intervalle variieren je nach Einsatzbedingungen.  Für normale Betriebsbedingungen empfehlen wir eine jährliche Wartung.",13,1.0,Wartung & Service
2023-05-18,Benötige Werkzeug für die Wartung der SCS-100. Was brauche ich?,"Sehr geehrte/r Kunde/in,

vielen Dank für Ihre Anfrage. Die benötigten Spezialwerkzeuge für die Wartung der SCS-100 sind im Handbuch im Downloadbereich auf unserer Website aufgeführt.  Dort finden Sie auch eine detaillierte Anleitung.",12,1.0,Wartung & Service
2023-06-07,Meine HP-150 ist innerhalb der Garantie defekt. Was nun?,"Sehr geehrte/r Kunde/in,

vielen Dank für Ihre Anfrage. Bitte senden Sie uns ein Foto des Defekts sowie eine Kopie des Kaufbelegs und die Seriennummer Ihrer HP-150.  Wir werden Ihren Fall prüfen und Ihnen mitteilen, wie es weitergeht.",14,1.0,Garantie & Reklamation
2023-06-22,Reklamation FSL-300. Defekt nach 2 Monaten.,"Sehr geehrte/r Kunde/in,

vielen Dank für Ihre Anfrage. Bitte senden Sie uns eine detaillierte Beschreibung des Defekts, die Seriennummer der Maschine sowie eine Kopie des Kaufbelegs. Wir werden Ihren Fall prüfen und Ihnen die nächsten Schritte mitteilen.",3,0.10166553635878381,Garantie & Reklamation
2023-07-12,Ich bräuchte eine Schulung für die CNCF-500.,"Sehr geehrte/r Kunde/in,

vielen Dank für Ihre Anfrage. Wir bieten regelmäßige Schulungen für die CNCF-500 an.  Die aktuellen Termine und Preise finden Sie auf unserer Website im Bereich 'Schulungen'.  Sie können sich auch direkt bei uns anmelden.",0,1.0,Schulung & Inbetriebnahme
2023-07-28,Wie lange dauert die Inbetriebnahme der SNU-200?,"Sehr geehrte/r Kunde/in,

vielen Dank für Ihre Anfrage. Die Inbetriebnahme der SNU-200 dauert in der Regel 1-2 Tage, je nach Komplexität der Installation und der Vertrautheit des Bedienpersonals. Wir bieten auch einen Inbetriebnahmeservice an.",13,1.0,Wartung & Service
2023-08-05,"Keine Ahnung warum, aber die Lieferung kommt nicht. Bestellnr. 20230801-05","Sehr geehrte/r Kunde/in,

vielen Dank für Ihre Anfrage. Wir prüfen den Status Ihrer Lieferung sofort. Mit der Bestellnummer können wir schnell herausfinden, wo sich das Paket befindet.",11,0.7401993324977364,Lieferung & Bestellung
2023-09-19,"Ersatzteil für Spindel SNU-200, danke","Sehr geehrte/r Kunde/in,

vielen Dank für Ihre Anfrage. Um Ihnen das richtige Ersatzteil für die Spindel der SNU-200 anbieten zu können, benötigen wir bitte die genaue Artikelnummer oder eine detaillierte Beschreibung des benötigten Teils sowie die Seriennummer Ihrer Maschine.",2,0.19604662390159316,Lieferung & Bestellung
2023-10-03,"Übertemperatur SCS-100, läuft nicht mehr!","Sehr geehrte/r Kunde/in,

vielen Dank für Ihre Anfrage. Eine Übertemperatur kann verschiedene Ursachen haben. Bitte prüfen Sie zuerst, ob die Kühlflüssigkeit ausreichend ist. Notieren Sie sich bitte die genaue Fehlermeldung und die Seriennummer Ihrer SCS-100, damit wir Ihnen besser helfen können.",5,1.0,Sonstiges
2023-11-11,"Softwareabsturz beim DXF Import, CNCF-500. Was mache ich?","Sehr geehrte/r Kunde/in,

vielen Dank für Ihre Anfrage.  Stellen Sie sicher, dass Ihre DXF-Dateien korrekt formatiert sind. Versuchen Sie, eine andere Datei zu importieren, um zu testen, ob das Problem an der Datei liegt.  Geben Sie bitte die verwendete Softwareversion an.",7,1.0,Software & IT
2023-12-01,Wartungsplan DM-500 und benötigtes Werkzeug?,"Sehr geehrte/r Kunde/in,

vielen Dank für Ihre Anfrage. Den Wartungsplan für die DM-500 sowie eine Liste der benötigten Werkzeuge finden Sie im Handbuch im Downloadbereich unserer Website. Dort finden Sie auch detaillierte Anleitungen.",13,1.0,Wartung & Service
2023-12-17,"Garantie HP-150. Maschine defekt, gekauft am 01.01.2023, Bestellnummer 20230101-01","Sehr geehrte/r Kunde/in,

vielen Dank für Ihre Anfrage. Wir prüfen, ob Ihre HP-150 noch unter Garantie steht. Bitte senden Sie uns ein Foto des Defekts, damit wir den Schaden beurteilen können. Die angegebene Bestellnummer hilft uns bei der schnellen Bearbeitung.",3,0.11984508701031957,Garantie & Reklamation
2023-01-15,"Hallo, ich habe am 05.01.2023 eine DM-500 bestellt, aber noch keine Versandbestätigung erhalten. Können Sie mir bitte sagen, wann ich mit der Lieferung rechnen kann?","Sehr geehrte/r Kunde/in, vielen Dank für Ihre Anfrage. Wir prüfen gerne den Status Ihrer Bestellung DM-500 vom 05.01.2023. Bitte geben Sie uns Ihre Bestellnummer an, damit wir die Bearbeitung beschleunigen können. Sobald wir diese haben, teilen wir Ihnen den aktuellen Stand mit.",10,0.12213778279894986,Lieferung & Bestellung
2023-01-22,Die SCS-100 zeigt eine Übertemperaturwarnung. Was bedeutet das und was muss ich tun?,"Sehr geehrte/r Kunde/in, eine Übertemperaturwarnung bei der SCS-100 deutet auf eine mögliche Überlastung oder ein Problem mit der Kühlung hin. Bitte überprüfen Sie, ob die Belüftungsschlitze frei sind und die Umgebungstemperatur nicht zu hoch ist. Genaue Informationen zur Fehlerbehebung finden Sie im Handbuch im Downloadbereich unserer Website.",5,0.48154157038404494,Sonstiges
2023-02-03,"Ich benötige ein Ersatzteil für meine CNCF-500. Es handelt sich um das Spindel-Lager, Artikelnummer 4711. Wie lange dauert die Lieferung?","Sehr geehrte/r Kunde/in, vielen Dank für Ihre Anfrage. Das Spindel-Lager (Artikelnummer 4711) für die CNCF-500 ist lieferbar. Die aktuelle Lieferzeit beträgt in der Regel 3-5 Werktage. Bitte teilen Sie uns Ihre vollständige Rechnungsadresse mit, um ein Angebot zu erstellen.",2,1.0,Lieferung & Bestellung
2023-02-18,Meine Software stürzt ständig ab. Ich benutze Version 3.2. Was kann ich tun?,"Sehr geehrte/r Kunde/in, Softwareabstürze können verschiedene Ursachen haben. Bitte stellen Sie sicher, dass Ihr Betriebssystem und Ihre Grafiktreiber auf dem neuesten Stand sind. Versuchen Sie außerdem, die Software neu zu installieren. Details zur Installation und Fehlerbehebung finden Sie in der Dokumentation.",1,1.0,Software & IT
2023-03-08,"Ich habe eine FSL-300 und möchte wissen, wann die nächste Wartung fällig ist.","Sehr geehrte/r Kunde/in, die Wartungsintervalle für die FSL-300 sind abhängig von der Nutzung. In der Regel empfehlen wir eine Wartung alle 12 Monate oder 500 Betriebsstunden, je nachdem, was zuerst eintritt. Bitte überprüfen Sie das Wartungsheft Ihrer Maschine für detaillierte Informationen.",9,1.0,Wartung & Service
2023-03-25,Die DM-500 ist defekt. Ich habe sie erst vor 6 Monaten gekauft. Was mache ich jetzt?,"Sehr geehrte/r Kunde/in, bitte geben Sie uns Ihre Bestellnummer und die Seriennummer der DM-500 an. Wir prüfen, ob Ihr Gerät noch unter Garantie steht und wie wir den Defekt beheben können. Beschreiben Sie den Defekt bitte so genau wie möglich.",-1,0.0,Lieferung & Bestellung
2023-04-10,Wo finde ich Informationen zur Inbetriebnahme der SNU-200?,"Sehr geehrte/r Kunde/in, detaillierte Informationen zur Inbetriebnahme der SNU-200 finden Sie im mitgelieferten Handbuch und im Downloadbereich unserer Website. Dort stehen Ihnen auch Videotutorials zur Verfügung.",0,0.11564016049742766,Schulung & Inbetriebnahme
2023-04-28,Ich benötige dringend Ersatzteile für die HP-150 – v.a. Dichtungen. Können Sie mir ein Angebot machen?,"Sehr geehrte/r Kunde/in, für die HP-150 können wir Ihnen gerne ein Angebot für Dichtungen erstellen. Bitte teilen Sie uns die genauen Artikelnummern der benötigten Dichtungen mit oder beschreiben Sie diese so detailliert wie möglich.",2,0.12264751260601546,Lieferung & Bestellung
2023-05-12,Die SCS-100 zeigt einen Fehler beim Drucksensor. Was bedeutet das?,"Sehr geehrte/r Kunde/in, ein Fehler beim Drucksensor der SCS-100 kann auf eine defekte Sensorik oder ein Problem mit der Druckluftversorgung hindeuten. Bitte prüfen Sie die Druckluftanschlüsse und den Sensor selbst. Weitere Informationen finden Sie im Handbuch.",8,0.2216336292731547,Ersatzteile & Technik
2023-05-29,Ich kann keine DXF-Dateien in die Software importieren.,"Sehr geehrte/r Kunde/in, Probleme beim DXF-Import können verschiedene Ursachen haben. Bitte stellen Sie sicher, dass die DXF-Datei korrekt formatiert ist und die Softwareversion aktuell ist. Versuchen Sie, die Datei in einem anderen Programm zu öffnen, um die Kompatibilität zu prüfen.",7,0.25087578182655884,Software & IT
2023-06-05,Wann ist die nächste Wartung für die DM-500 fällig? Und brauche ich spezielles Werkzeug?,"Sehr geehrte/r Kunde/in, die Wartungsintervalle für die DM-500 sind von der Nutzungsdauer abhängig. Um Ihnen genaue Informationen zu geben, benötigen wir die Seriennummer Ihrer Maschine.  Für bestimmte Wartungsarbeiten ist Spezialwerkzeug erforderlich, welches Sie in unserem Shop erwerben können.",12,0.5056414937887853,Wartung & Service
2023-06-19,Ich warte schon 2 Wochen auf meine Bestellung (Bestellnr. 12345). Wo bleibt die Lieferung?,"Sehr geehrte/r Kunde/in, entschuldigen Sie die Verzögerung. Wir prüfen sofort den Status Ihrer Bestellung 12345 und informieren Sie umgehend über den aktuellen Liefertermin.",6,0.33723230339323973,Lieferung & Bestellung
2023-07-02,Die CNCF-500 macht komische Geräusche bei der Spindel. Was ist los?,"Sehr geehrte/r Kunde/in, ungewöhnliche Geräusche bei der Spindel der CNCF-500 können auf ein Problem mit dem Lager oder dem Antrieb hindeuten. Bitte teilen Sie uns die Seriennummer Ihrer Maschine mit, damit wir weitere Informationen prüfen können.",-1,0.0,Lieferung & Bestellung
2023-07-15,Ich benötige eine neue Lizenz für die Software.,"Sehr geehrte/r Kunde/in, um Ihnen mit der Lizenzierung zu helfen, benötigen wir Ihre Kundennummer und die Softwareversion, für die Sie eine Lizenz benötigen. Bitte teilen Sie uns diese Informationen mit.",1,0.6908756160305818,Software & IT
2023-08-01,"Können Sie mir sagen, wann die Ersatzteile für die SCS-100 (Artikelnummer 6789) geliefert werden?","Sehr geehrte/r Kunde/in, wir prüfen gerne den Status Ihrer Ersatzteilbestellung (Artikelnummer 6789) für die SCS-100. Bitte geben Sie uns Ihre Bestellnummer an.",2,1.0,Lieferung & Bestellung
2023-08-22,Die Hydraulik der FSL-300 funktioniert nicht mehr.,"Sehr geehrte/r Kunde/in, ein Ausfall der Hydraulik bei der FSL-300 kann verschiedene Ursachen haben. Bitte prüfen Sie den Hydraulikölstand und die Schläuche auf Beschädigungen. Genaue Anweisungen zur Fehlerbehebung finden Sie im Handbuch.",4,0.1655842447261404,Ersatzteile & Technik
2023-09-08,Ich habe die Software aktualisiert und jetzt funktioniert nichts mehr!,"Sehr geehrte/r Kunde/in, nach einem Update können manchmal Probleme auftreten. Bitte versuchen Sie, die Software neu zu starten. Falls das nicht hilft, versuchen Sie, die vorherige Version wiederherzustellen. Anleitungen dazu finden Sie in der Dokumentation.",1,1.0,Software & IT
2023-09-25,Ich habe eine DM-500 gekauft und benötige eine Schulung.,"Sehr geehrte/r Kunde/in, wir bieten verschiedene Schulungen für die DM-500 an. Informationen zu Terminen und Inhalten finden Sie auf unserer Website im Schulungsbereich.",0,1.0,Schulung & Inbetriebnahme
2023-10-12,Bestellung 5678 - wo ist mein Zeug?,"Sehr geehrte/r Kunde/in, wir prüfen umgehend den Status Ihrer Bestellung 5678 und geben Ihnen schnellstmöglich Rückmeldung.",6,1.0,Lieferung & Bestellung
2023-10-29,Die SNU-200 hat einen Defekt innerhalb der Garantiezeit. Wie gehe ich vor?,"Sehr geehrte/r Kunde/in, bitte senden Sie uns ein Foto des Defekts sowie Ihre Bestellnummer und die Seriennummer der SNU-200. Wir prüfen dann, wie wir den Defekt im Rahmen der Garantie beheben können.",14,1.0,Garantie & Reklamation
2023-01-15,"Hallo, ich habe am 05.01. eine DM-500 bestellt und noch keine Versandbestätigung erhalten. Bestellnummer ist 20230105-123.","Guten Tag, vielen Dank für Ihre Anfrage. Ihre Bestellung mit der Nummer 20230105-123 wird derzeit bearbeitet. Die Versandbestätigung sollte Ihnen in den nächsten 24-48 Stunden zugesendet werden. Bitte überprüfen Sie auch Ihren Spam-Ordner. Sollten Sie danach noch keine Bestätigung erhalten, melden Sie sich bitte erneut.",10,1.0,Lieferung & Bestellung
2023-01-22,Wo bleibt meine Maschine? Ich warte schon ewig auf die Lieferung der SCS-100 (Bestellnr. 20221220-456).,"Guten Tag, vielen Dank für Ihre Anfrage. Wir prüfen umgehend den Status Ihrer Lieferung für die SCS-100 (Bestellnummer 20221220-456). Wir bitten um einen Moment Geduld und informieren Sie schnellstmöglich über den aktuellen Lieferstand.",6,1.0,Lieferung & Bestellung
2023-02-03,"Ich benötige ein Ersatzteil für meine FSL-300, und zwar das Hydraulikventil (Artikelnummer 4711-002). Können Sie mir ein Angebot machen und die Lieferzeit nennen?","Guten Tag, vielen Dank für Ihre Anfrage. Gerne erstellen wir Ihnen ein Angebot für das Hydraulikventil (Artikelnummer 4711-002) für Ihre FSL-300. Die Lieferzeit beträgt in der Regel 5-7 Werktage nach Auftragseingang. Das Angebot erhalten Sie separat per E-Mail.",4,1.0,Ersatzteile & Technik
2023-02-18,Brauche dringend ein neues Spindel-Lager für die CNCF-500. Wie schnell geht das?,"Guten Tag, vielen Dank für Ihre Anfrage. Wir prüfen die Verfügbarkeit des Spindellagers für Ihre CNCF-500. Bitte teilen Sie uns die Seriennummer Ihrer Maschine mit, damit wir das passende Ersatzteil identifizieren können. Die Lieferzeit hängt von der Lagerhaltung ab.",2,0.21454245672168176,Lieferung & Bestellung
2023-03-01,Die DM-500 zeigt eine Übertemperaturwarnung. Was kann ich tun?,"Guten Tag, vielen Dank für Ihre Anfrage. Eine Übertemperaturwarnung kann verschiedene Ursachen haben. Bitte überprüfen Sie zunächst die Kühlmittelstände und die Belüftung der Maschine. Informationen zur Fehlerbehebung finden Sie im Handbuch im Downloadbereich unserer Webseite. Wenn das Problem weiterhin besteht, teilen Sie uns bitte die genaue Fehlermeldung und die Seriennummer Ihrer DM-500 mit.",5,1.0,Sonstiges
2023-03-15,Fehler an der SNU-200: Druckabfall im Hydrauliksystem!,"Guten Tag, vielen Dank für Ihre Anfrage. Ein Druckabfall im Hydrauliksystem kann auf ein Leck oder eine defekte Komponente hindeuten. Bitte überprüfen Sie die Hydraulikleitungen und Anschlüsse auf Undichtigkeiten. Notieren Sie sich die genaue Fehlermeldung und die Seriennummer der SNU-200, damit wir Ihnen gezielter helfen können.",4,0.18164457094574096,Ersatzteile & Technik
2023-04-10,Software stürzt ständig ab. Version 3.2. Kann mir jemand helfen?,"Guten Tag, vielen Dank für Ihre Anfrage. Softwareabstürze können verschiedene Ursachen haben. Bitte stellen Sie sicher, dass Ihre Systemanforderungen erfüllt sind und die aktuelle Version der Software (3.2) installiert ist. Überprüfen Sie außerdem, ob Ihr Betriebssystem aktuell ist. Falls das Problem weiterhin besteht, teilen Sie uns bitte die genaue Fehlermeldung und Details zu Ihrem System mit.",1,1.0,Software & IT
2023-04-28,Ich kann keine DXF-Datei in die Software importieren. Fehlermeldung: 'Ungültiges Format'.,"Guten Tag, vielen Dank für Ihre Anfrage. Die Fehlermeldung 'Ungültiges Format' deutet darauf hin, dass die DXF-Datei möglicherweise beschädigt oder nicht mit unserer Software kompatibel ist. Bitte überprüfen Sie, ob die Datei korrekt erstellt wurde und das korrekte DXF-Format verwendet wurde. Versuchen Sie gegebenenfalls, die Datei mit einem anderen Programm zu öffnen und erneut zu exportieren.",7,0.24788623377704463,Software & IT
2023-05-05,Wann muss die HP-150 gewartet werden? Gibt es einen Wartungsplan?,"Guten Tag, vielen Dank für Ihre Anfrage. Für die HP-150 empfehlen wir einen regelmäßigen Wartungsplan. Dieser ist im Handbuch im Downloadbereich unserer Webseite detailliert beschrieben. Die Intervalle hängen von der Nutzung der Maschine ab, aber in der Regel empfehlen wir eine Wartung alle 6 Monate oder 500 Betriebsstunden.",9,0.3444275779361733,Wartung & Service
2023-05-20,Ich brauche Spezialwerkzeug für die Wartung der SCS-100. Wo bekomme ich das?,"Guten Tag, vielen Dank für Ihre Anfrage. Das benötigte Spezialwerkzeug für die Wartung der SCS-100 können Sie direkt über unseren Online-Shop oder unseren Kundenservice bestellen. Eine Liste des benötigten Werkzeugs finden Sie im Wartungshandbuch der SCS-100.",12,1.0,Wartung & Service
2023-06-12,Die Maschine ist innerhalb der Garantiezeit defekt. Was muss ich tun?,"Guten Tag, vielen Dank für Ihre Anfrage. Bitte melden Sie den Defekt umgehend über unser Online-Formular auf der Webseite oder kontaktieren Sie unseren Kundenservice. Wir benötigen die Seriennummer der Maschine, eine genaue Beschreibung des Defekts und gegebenenfalls Fotos oder Videos zur Dokumentation. Wir prüfen dann die Garantiebedingungen und informieren Sie über die nächsten Schritte.",14,1.0,Garantie & Reklamation
2023-06-29,Ich möchte eine Reklamation für die DM-500 einreichen. Die Lieferung war beschädigt.,"Guten Tag, vielen Dank für Ihre Anfrage. Bitte dokumentieren Sie den Schaden mit Fotos und reichen Sie diese zusammen mit Ihrer Bestellnummer und einer kurzen Beschreibung des Schadens über unser Online-Formular ein. Wir prüfen die Reklamation und informieren Sie über die weiteren Schritte.",3,0.37330008096061706,Garantie & Reklamation
2023-07-08,Bietet ENDI Schulungen für die CNCF-500 an? Ich bin neu in der Bedienung.,"Guten Tag, vielen Dank für Ihre Anfrage. Ja, wir bieten sowohl Vor-Ort-Schulungen als auch Online-Trainings für die CNCF-500 an. Informationen zu den Schulungsinhalten, Terminen und Preisen finden Sie auf unserer Webseite im Bereich 'Schulungen'.",0,0.7848025465522638,Schulung & Inbetriebnahme
2023-07-22,Wir brauchen eine Inbetriebnahme für die SCS-100. Können Sie jemanden schicken?,"Guten Tag, vielen Dank für Ihre Anfrage. Ja, wir bieten Inbetriebnahmen für die SCS-100 an. Bitte teilen Sie uns Ihren Standort und den gewünschten Termin mit, damit wir einen Techniker disponieren können. Die Kosten für die Inbetriebnahme sind abhängig von Ihrem Standort.",0,0.409678275253945,Schulung & Inbetriebnahme
2023-08-15,Lieferstatus bitte. Bestellnummer 20230801-789,"Guten Tag, vielen Dank für Ihre Anfrage. Wir prüfen umgehend den Lieferstatus Ihrer Bestellung mit der Nummer 20230801-789 und informieren Sie schnellstmöglich.",6,1.0,Lieferung & Bestellung
2023-09-03,Ich brauche ein Angebot für Ersatzteile für die FSL-300.,"Guten Tag, vielen Dank für Ihre Anfrage. Bitte teilen Sie uns die Artikelnummern der benötigten Ersatzteile oder eine detaillierte Beschreibung der Teile mit, damit wir Ihnen ein Angebot erstellen können.",2,0.11762234542711739,Lieferung & Bestellung
2023-10-11,Maschine zeigt Fehler: 'Sensor defekt'. Was tun?,"Guten Tag, vielen Dank für Ihre Anfrage. Bitte notieren Sie sich die genaue Fehlermeldung und die Seriennummer Ihrer Maschine. Informationen zur Fehlerbehebung finden Sie im Handbuch im Downloadbereich unserer Webseite. Kontaktieren Sie uns erneut, wenn das Problem weiterhin besteht.",8,1.0,Ersatzteile & Technik
2023-11-01,Software update fehlgeschlagen. Hilfe!,"Guten Tag, vielen Dank für Ihre Anfrage. Bitte stellen Sie sicher, dass Ihre Internetverbindung stabil ist und genügend Speicherplatz auf Ihrer Festplatte vorhanden ist. Starten Sie die Software neu und versuchen Sie das Update erneut. Sollte das Problem weiterhin bestehen, teilen Sie uns bitte die Softwareversion und die Fehlermeldung mit.",1,1.0,Software & IT
2023-11-20,Wartungsintervalle für DM-500?,"Guten Tag, vielen Dank für Ihre Anfrage. Die Wartungsintervalle für die DM-500 sind im Handbuch im Downloadbereich unserer Webseite detailliert beschrieben. In der Regel empfehlen wir eine Wartung alle 12 Monate oder 1000 Betriebsstunden.",13,1.0,Wartung & Service
2023-12-05,Software Lizenz funktioniert nicht mehr. Best.Nr. 20231201-101. + lieferstatus der bestellung?,"Guten Tag, vielen Dank für Ihre Anfrage. Wir prüfen die Gültigkeit Ihrer Softwarelizenz (Bestellnummer 20231201-101). Bezüglich des Lieferstatus Ihrer Bestellung erhalten Sie separate Informationen. Bitte teilen Sie uns die Seriennummer der Maschine mit, auf der die Lizenz aktiviert werden soll.",1,1.0,Software & IT
2023-01-15,"Hallo, ich habe am 02.01.2023 eine DM-500 bestellt, aber bis heute keine Versandbestätigung erhalten. Bestellnummer ist 2023-00123.","Sehr geehrte Damen und Herren,

vielen Dank für Ihre Anfrage. Wir überprüfen umgehend den Status Ihrer Bestellung 2023-00123. Bitte erlauben Sie uns 1-2 Werktage für die Recherche. Sie erhalten dann eine Rückmeldung per E-Mail. Bitte prüfen Sie auch Ihren Spam-Ordner.",10,1.0,Lieferung & Bestellung
2023-01-22,Ich benötige dringend Ersatzteile für meine FSL-300. Welche Teile sind auf Lager und wie lange dauert die Lieferung?,"Sehr geehrte Damen und Herren,

für die FSL-300 führen wir ein umfangreiches Ersatzteilsortiment. Um Ihnen ein konkretes Angebot erstellen zu können, benötigen wir die Seriennummer Ihrer Maschine und die genaue Bezeichnung der benötigten Teile (ggf. Artikelnummer). Die Lieferzeit variiert je nach Verfügbarkeit.",2,1.0,Lieferung & Bestellung
2023-02-03,Meine CNCF-500 zeigt eine Warnung 'Übertemperatur Spindel'. Was kann ich tun?,"Sehr geehrte Damen und Herren,

die Warnmeldung 'Übertemperatur Spindel' deutet auf eine mögliche Überlastung oder Kühlmittelproblematik hin. Bitte prüfen Sie zunächst den Kühlmittelstand und die Belüftung der Spindel. Im Handbuch im Downloadbereich finden Sie detaillierte Anweisungen zur Fehlerbehebung.",5,1.0,Sonstiges
2023-02-18,"Die Software stürzt ständig ab, wenn ich eine DXF-Datei importiere. Version ist 3.2.","Sehr geehrte Damen und Herren,

dank Ihnen für die Information. Ein Absturz beim DXF-Import in Version 3.2 kann verschiedene Ursachen haben. Bitte stellen Sie sicher, dass die DXF-Datei den geforderten Spezifikationen entspricht (siehe Handbuch). Ein Update auf die neueste Version (3.3) behebt häufig solche Probleme.",7,1.0,Software & IT
2023-03-08,Wann ist die nächste Wartung für die SNU-200 fällig? Und welche Spezialwerkzeuge benötige ich?,"Sehr geehrte Damen und Herren,

die Wartungsintervalle für die SNU-200 sind im Wartungsplan im Handbuch dokumentiert. Abhängig vom Einsatz der Maschine empfehlen wir eine Wartung alle 6 Monate oder 1000 Betriebsstunden. Die benötigten Spezialwerkzeuge sind ebenfalls im Wartungsplan aufgeführt.",12,0.5139598647872766,Wartung & Service
2023-03-22,Ich habe die DM-500 vor 3 Monaten gekauft und sie ist defekt. Was kann ich tun?,"Sehr geehrte Damen und Herren,

bitte senden Sie uns die Seriennummer der DM-500 und eine detaillierte Fehlerbeschreibung. Wir prüfen, ob Ihr Fall unter die Garantiebestimmungen fällt und leiten gegebenenfalls ein Reklamationsverfahren ein.",-1,0.0,Lieferung & Bestellung
2023-04-01,Wir benötigen eine Schulung für unsere Mitarbeiter zur Inbetriebnahme der SCS-100.,"Sehr geehrte Damen und Herren,

wir bieten regelmäßige Schulungen für die Inbetriebnahme und Bedienung der SCS-100 an. Die aktuellen Termine finden Sie auf unserer Webseite im Schulungsbereich. Gerne können Sie auch eine individuelle Schulung vor Ort vereinbaren.",0,0.83499454595888,Schulung & Inbetriebnahme
2023-04-15,Lieferstatus Bestellung 2023-00456.  Wo ist meine Maschine?,"Sehr geehrte Damen und Herren,

wir prüfen umgehend den aktuellen Status Ihrer Bestellung 2023-00456 und informieren Sie innerhalb von 24 Stunden per E-Mail.",6,1.0,Lieferung & Bestellung
2023-05-05,"Ich brauche ein neues Hydraulikventil für die HP-150, Artikelnummer 1234567.  Wie lange dauert die Lieferung?","Sehr geehrte Damen und Herren,

wir prüfen die Verfügbarkeit des Hydraulikventils (Artikelnummer 1234567) für die HP-150. Die Lieferzeit wird Ihnen nach Prüfung mitgeteilt.",4,1.0,Ersatzteile & Technik
2023-05-20,Die Maschine (DM-500) zeigt einen Fehler: 'Druck zu niedrig'. Was bedeutet das?,"Sehr geehrte Damen und Herren,

der Fehler 'Druck zu niedrig' bei der DM-500 kann verschiedene Ursachen haben. Bitte überprüfen Sie zuerst den Ölstand und die Funktion der Pumpe. Im Handbuch finden Sie eine detaillierte Fehleranalyse.",4,0.06978992814723,Ersatzteile & Technik
2023-06-10,Software funktioniert nicht mehr nach dem Update.  DXF Import geht gar nicht mehr!,"Sehr geehrte Damen und Herren,

Es tut uns leid zu hören, dass Sie nach dem Update Probleme mit dem DXF-Import haben. Bitte geben Sie uns die genaue Softwareversion an, die Sie installiert haben. Wir werden versuchen, eine Lösung zu finden.",7,0.2899679271887114,Software & IT
2023-06-25,Wartungsplan SNU-200. Was muss wann gemacht werden?,"Sehr geehrte Damen und Herren,

der Wartungsplan für die SNU-200 ist im Handbuch (Kapitel 5) detailliert beschrieben. Wir empfehlen, die Wartung gemäß den darin angegebenen Intervallen durchzuführen.",13,1.0,Wartung & Service
2023-07-02,Die Spindel der FSL-300 ist defekt. Garantie?,"Sehr geehrte Damen und Herren,

Bitte teilen Sie uns die Seriennummer der FSL-300 und das Kaufdatum mit, damit wir prüfen können, ob die Spindel noch unter die Garantie fällt.",3,1.0,Garantie & Reklamation
2023-07-18,Brauche Hilfe bei der Inbetriebnahme der CNCF-500.,"Sehr geehrte Damen und Herren,

wir bieten Ihnen gerne Unterstützung bei der Inbetriebnahme der CNCF-500 an. Bitte vereinbaren Sie einen Termin für eine Remote-Unterstützung oder eine Vor-Ort-Schulung.",0,0.3206019281410426,Schulung & Inbetriebnahme
2023-08-08,Bestellung 2023-00789 - wo bleibt die Lieferung??,"Sehr geehrte Damen und Herren,

wir prüfen den Status Ihrer Bestellung 2023-00789 und informieren Sie umgehend über den aktuellen Lieferstand.",6,0.3048929105113433,Lieferung & Bestellung
2023-08-22,Benötige ein neues Sensor Kabel für SCS-100. Artikel Nr. 8765432.,"Sehr geehrte Damen und Herren,

wir prüfen die Verfügbarkeit des Sensor Kabels (Artikelnummer 8765432) für die SCS-100 und teilen Ihnen die Lieferzeit mit.",8,1.0,Ersatzteile & Technik
2023-09-05,Fehlermeldung: 'Hydraulikdruck zu hoch' an der HP-150. Was tun?,"Sehr geehrte Damen und Herren,

die Fehlermeldung 'Hydraulikdruck zu hoch' an der HP-150 kann durch einen defekten Druckregler verursacht werden. Bitte prüfen Sie den Druckregler und die Hydraulikflüssigkeit. Im Handbuch finden Sie detaillierte Anweisungen.",4,0.14921655625698432,Ersatzteile & Technik
2023-09-20,Software Lizenz. Ich kann mich nicht anmelden.,"Sehr geehrte Damen und Herren,

Bitte überprüfen Sie Ihre Zugangsdaten (Benutzername und Passwort). Sollten Sie Ihr Passwort vergessen haben, können Sie es über die 'Passwort vergessen' Funktion zurücksetzen.",1,0.7780087686863448,Software & IT
2023-10-12,Wartungsintervalle für DM-500 und benötigtes Werkzeug?,"Sehr geehrte Damen und Herren,

die Wartungsintervalle und das benötigte Werkzeug für die DM-500 sind im Wartungsplan im Handbuch dokumentiert. Es wird empfohlen, die Wartung alle 6 Monate oder nach 500 Betriebsstunden durchzuführen.",13,1.0,Wartung & Service
2023-10-28,"Bestellung 2023-01010 ist angekommen, aber beschädigt. Was jetzt?","Sehr geehrte Damen und Herren,

Es tut uns leid, dass Ihre Bestellung beschädigt angekommen ist. Bitte senden Sie uns Fotos der Beschädigung und der Verpackung zu. Wir werden dann umgehend eine Lösung finden.",3,0.24260143086938923,Garantie & Reklamation
2023-01-15,"Hallo, ich habe am 02.01.2023 eine Maschine bestellt (Bestellnummer 2023-0012). Bisher keine Versandbestätigung erhalten.","Sehr geehrte Damen und Herren, vielen Dank für Ihre Anfrage. Wir prüfen umgehend den Status Ihrer Bestellung 2023-0012. Bitte geben Sie uns einen Moment. Sie erhalten innerhalb von 24 Stunden eine Rückmeldung mit den Versandinformationen. Sollten Sie dringenden Bedarf haben, können Sie uns auch telefonisch kontaktieren.",10,1.0,Lieferung & Bestellung
2023-01-22,DM-500 zeigt Übertemperatur. Was tun?,"Sehr geehrte Damen und Herren, bei einer Übertemperaturwarnung an Ihrer DM-500 empfehlen wir, zuerst die Kühlsysteme zu überprüfen. Stellen Sie sicher, dass die Lüfter frei sind und Kühlmittel ausreichend vorhanden ist. Weitere Informationen finden Sie im Handbuch im Downloadbereich unserer Website.",5,1.0,Sonstiges
2023-02-05,Wo finde ich Ersatzteile für SCS-100? Benötige Artikelnummer 4711.,"Sehr geehrte Damen und Herren, Ersatzteile für die SCS-100 können Sie über unseren Online-Shop bestellen oder über unser Vertriebsteam anfordern. Bitte teilen Sie uns die genaue Bezeichnung des benötigten Ersatzteils (Artikelnummer 4711) sowie die Seriennummer Ihrer Maschine mit, damit wir die Verfügbarkeit prüfen können.",12,1.0,Wartung & Service
2023-02-18,CNCF-500 stürzt ständig ab beim DXF-Import. Softwareversion 3.2.,"Sehr geehrte Damen und Herren, der Absturz beim DXF-Import der CNCF-500 mit Softwareversion 3.2 ist uns bekannt. Bitte versuchen Sie, die DXF-Datei in einem älteren Dateiformat zu speichern und erneut zu importieren. Falls das Problem weiterhin besteht, wenden Sie sich an unseren technischen Support mit der DXF-Datei zur Analyse.",7,1.0,Software & IT
2023-03-01,Wann ist die nächste Wartung für die FSL-300 fällig?,"Sehr geehrte Damen und Herren, die Wartungsintervalle für die FSL-300 sind abhängig von der Betriebsstundenzahl und dem Einsatzbereich. Bitte prüfen Sie das Wartungsbuch Ihrer Maschine oder kontaktieren Sie uns mit der Seriennummer, damit wir das passende Wartungsintervall für Sie ermitteln können.",9,1.0,Wartung & Service
2023-03-10,Lieferung verspätet! Bestellnr. 2023-0045. Wo bleibt meine Maschine?,"Sehr geehrte Damen und Herren, wir entschuldigen uns für die Verzögerung Ihrer Bestellung 2023-0045. Wir prüfen den aktuellen Lieferstatus und informieren Sie umgehend über den voraussichtlichen Liefertermin.",6,1.0,Lieferung & Bestellung
2023-04-08,"Spindel macht komische Geräusche, SNU-200.","Sehr geehrte Damen und Herren, ungewöhnliche Geräusche an der Spindel der SNU-200 können verschiedene Ursachen haben. Bitte teilen Sie uns die genaue Art des Geräuschs mit (z.B. Schleifen, Klopfen) und ob das Geräusch während des Betriebs auftritt. Die Seriennummer der Maschine wäre auch hilfreich.",-1,0.0,Lieferung & Bestellung
2023-04-22,Garantie HP-150. Maschine defekt.,"Sehr geehrte Damen und Herren, um Ihre Garantieansprüche für die HP-150 prüfen zu können, benötigen wir die Seriennummer der Maschine sowie eine detaillierte Beschreibung des Defekts. Bitte senden Sie uns auch eine Kopie des Kaufbelegs.",3,0.10122091023168386,Garantie & Reklamation
2023-05-12,Ich brauche eine Schulung für die DM-500!,"Sehr geehrte Damen und Herren, wir bieten regelmäßig Schulungen für die DM-500 an. Informationen zu den aktuellen Terminen und Inhalten finden Sie auf unserer Website im Bereich Schulungen. Sie können sich dort auch direkt anmelden.",0,1.0,Schulung & Inbetriebnahme
2023-05-28,"Hat jemand ne Ahnung, wo ich Ersatzteile für die SCS-100 bekomme?","Sehr geehrte Damen und Herren, Ersatzteile für die SCS-100 können Sie direkt über unseren Online-Shop oder über unseren Vertrieb bestellen. Bitte geben Sie die genaue Artikelnummer des Ersatzteils an.",12,1.0,Wartung & Service
2023-06-03,Hydraulikdruck zu niedrig bei FSL-300. Fehler P1234,"Sehr geehrte Damen und Herren, der Fehlercode P1234 bei der FSL-300 deutet auf ein Problem mit dem Hydraulikdruck hin. Bitte überprüfen Sie den Ölstand und die Funktion der Hydraulikpumpe. Weitere Informationen finden Sie im technischen Handbuch.",4,0.15004697095437516,Ersatzteile & Technik
2023-06-19,Software stürzt immer ab! CNCF-500,"Sehr geehrte Damen und Herren, um das Problem mit dem Software-Absturz der CNCF-500 besser eingrenzen zu können, benötigen wir bitte die genaue Softwareversion, die auf Ihrer Maschine installiert ist.  Bitte nennen Sie uns auch, welche Aktionen Sie durchführen, bevor der Absturz auftritt.",1,1.0,Software & IT
2023-07-07,Wie oft muss die SNU-200 gewartet werden?,"Sehr geehrte Damen und Herren, die SNU-200 hat je nach Auslastung unterschiedliche Wartungsintervalle. Im Handbuch finden Sie eine Tabelle, die die empfohlenen Intervalle für verschiedene Betriebsstunden aufzeigt.  Bitte prüfen Sie auch, ob Sonderbedingungen für Ihre Anwendung gelten.",13,1.0,Wartung & Service
2023-07-25,Bestellung 2023-0067 - wo ist die?,"Sehr geehrte Damen und Herren, wir haben Ihre Anfrage bezüglich der Bestellung 2023-0067 erhalten. Wir prüfen den aktuellen Status und informieren Sie innerhalb von 24 Stunden über den voraussichtlichen Liefertermin.",6,0.4679892451728565,Lieferung & Bestellung
2023-08-11,Fehler an der DM-500: Sensor defekt.,"Sehr geehrte Damen und Herren, bei einem defekten Sensor an Ihrer DM-500 empfehlen wir, diesen schnellstmöglich auszutauschen. Bitte teilen Sie uns die genaue Bezeichnung des Sensors sowie die Seriennummer Ihrer Maschine mit, damit wir die Verfügbarkeit prüfen können.",8,1.0,Ersatzteile & Technik
2023-09-02,Rechnung und Lieferstatus 2023-0082 bitte.,"Sehr geehrte Damen und Herren, wir bearbeiten Ihre Anfrage bezüglich Rechnung und Lieferstatus der Bestellung 2023-0082. Sie erhalten innerhalb von 24 Stunden eine E-Mail mit allen relevanten Informationen.",-1,0.0,Lieferung & Bestellung
2023-09-18,CNCF-500: Lizenzproblem. Software meldet ungültige Lizenz.,"Sehr geehrte Damen und Herren, bei Problemen mit der Lizenz der CNCF-500 überprüfen Sie bitte, ob die Lizenzdatei korrekt auf Ihrem System installiert ist.  Falls das Problem weiterhin besteht, senden Sie uns bitte die Lizenzdatei und die Seriennummer der Maschine zu.",1,0.7162710996946532,Software & IT
2023-10-05,Ich brauche dringend Ersatzteile!,"Sehr geehrte Damen und Herren, bitte nennen Sie uns die genaue Maschinenbezeichnung und die Artikelnummern der benötigten Ersatzteile.  Darüber hinaus ist die Seriennummer Ihrer Maschine wichtig, um die Kompatibilität sicherzustellen.",2,0.10541045003823626,Lieferung & Bestellung
2023-10-21,Wartungsplan für SCS-100 nicht gefunden.,"Sehr geehrte Damen und Herren, den Wartungsplan für die SCS-100 finden Sie im Downloadbereich unserer Website. Sie können diesen auch direkt unter folgendem Link aufrufen: [Link entfernt, wie in Regeln angegeben].  Bitte beachten Sie die spezifischen Intervalle für Ihre Anwendungsart.",13,1.0,Wartung & Service
2023-11-14,DM-500 zeigt Fehlercode E200. Was bedeutet das?,"Sehr geehrte Damen und Herren, der Fehlercode E200 an Ihrer DM-500 deutet auf ein Problem mit dem Drucksensor hin. Bitte überprüfen Sie die Anschlüsse und Leitungen des Sensors. Eine detaillierte Fehlerbeschreibung finden Sie im Handbuch.",8,0.3994142106337219,Ersatzteile & Technik
2023-01-15,"Hallo, ich habe am 02.01.2023 eine Maschine DM-500 bestellt. Bisher keine Versandbestätigung erhalten. Wo ist mein Gerät?","Sehr geehrte/r Kunde/in, vielen Dank für Ihre Anfrage. Bitte geben Sie uns Ihre Bestellnummer, damit wir den Status Ihrer Bestellung DM-500 prüfen können. Sobald wir diese haben, teilen wir Ihnen den aktuellen Stand umgehend mit.",10,1.0,Lieferung & Bestellung
2023-01-22,Ich benötige ein Ersatzteil für meine FSL-300. Und zwar den Sensor 42.156.03. Können Sie mir ein Angebot zukommen lassen?,"Sehr geehrte/r Kunde/in, vielen Dank für Ihre Anfrage. Wir erstellen Ihnen gerne ein Angebot für den Sensor 42.156.03 für Ihre FSL-300. Bitte teilen Sie uns die Seriennummer Ihrer Maschine mit, um sicherzustellen, dass das richtige Teil geliefert wird. Die Lieferzeit für Ersatzteile beträgt in der Regel 3-5 Werktage.",2,0.28808984617233246,Lieferung & Bestellung
2023-02-05,Die CNCF-500 zeigt eine Übertemperatur-Warnung. Was bedeutet das?,"Sehr geehrte/r Kunde/in, vielen Dank für Ihre Anfrage. Eine Übertemperatur-Warnung bei der CNCF-500 deutet auf eine mögliche Überlastung oder Kühlproblematik hin. Bitte überprüfen Sie die Kühlmittelstände und die Belüftung der Maschine. Im Handbuch im Downloadbereich finden Sie detaillierte Informationen zur Fehlerbehebung.",5,0.4226379365410315,Sonstiges
2023-02-18,"Software stürzt immer wieder ab, wenn ich eine DXF-Datei importiere. Version 4.2.3","Sehr geehrte/r Kunde/in, vielen Dank für Ihre Anfrage. Ein Absturz beim DXF-Import in Version 4.2.3 kann verschiedene Ursachen haben. Bitte versuchen Sie, die DXF-Datei zu vereinfachen oder eine ältere Version der Software zu testen. Falls das Problem weiterhin besteht, kontaktieren Sie uns erneut und schicken Sie uns die DXF-Datei zur Analyse.",7,1.0,Software & IT
2023-03-10,Wann ist die nächste Wartung für die SNU-200 fällig? Wir haben die Maschine im November gekauft.,"Sehr geehrte/r Kunde/in, vielen Dank für Ihre Anfrage. Der Wartungsplan für die SNU-200 ist im Handbuch beschrieben. Abhängig von der Nutzungshäufigkeit ist die erste Wartung in der Regel nach 6 Monaten oder 500 Betriebsstunden fällig. Bitte überprüfen Sie Ihren individuellen Bedarf.",9,1.0,Wartung & Service
2023-03-25,Die Maschine SCS-100 ist defekt. Innerhalb der Garantiezeit. Was tun?,"Sehr geehrte/r Kunde/in, vielen Dank für Ihre Anfrage. Bitte teilen Sie uns die Seriennummer der SCS-100 und eine genaue Beschreibung des Defekts mit. Wir prüfen dann, ob Ihr Fall unter die Garantiebedingungen fällt und leiten gegebenenfalls eine Reparatur ein.",14,1.0,Garantie & Reklamation
2023-04-02,Brauchen eine Schulung für die neue HP-150. Wer kann uns helfen?,"Sehr geehrte/r Kunde/in, vielen Dank für Ihre Anfrage. Wir bieten Schulungen für die HP-150 sowohl vor Ort als auch online an. Bitte kontaktieren Sie unsere Schulungsabteilung unter [E-Mail-Adresse] oder besuchen Sie unsere Webseite für weitere Informationen.",0,1.0,Schulung & Inbetriebnahme
2023-04-15,"Wo bleibt meine Bestellung? Bestellnummer 20230410-01, DM-500","Sehr geehrte/r Kunde/in, vielen Dank für Ihre Anfrage. Wir prüfen umgehend den Status Ihrer Bestellung mit der Nummer 20230410-01 (DM-500) und informieren Sie innerhalb von 24 Stunden.",6,1.0,Lieferung & Bestellung
2023-05-01,"Sensor defekt bei FSL-300, brauchen schnell Ersatz!","Sehr geehrte/r Kunde/in, vielen Dank für Ihre Anfrage. Bitte teilen Sie uns die genaue Artikelnummer des defekten Sensors und die Seriennummer Ihrer FSL-300 mit, damit wir die Bestellung schnellstmöglich bearbeiten können.",8,1.0,Ersatzteile & Technik
2023-05-15,Spindel der CNCF-500 macht komische Geräusche.,"Sehr geehrte/r Kunde/in, vielen Dank für Ihre Anfrage. Ungewöhnliche Geräusche der Spindel bei der CNCF-500 können auf ein Lagerspiel oder eine andere mechanische Ursache hinweisen. Bitte prüfen Sie die Spindellagerung und kontaktieren Sie uns bei Bedarf für einen Serviceeinsatz.",-1,0.0,Lieferung & Bestellung
2023-06-08,"Software stürzt ab, kann keine Dateien mehr öffnen.","Sehr geehrte/r Kunde/in, vielen Dank für Ihre Anfrage. Bitte teilen Sie uns die genaue Softwareversion und das Betriebssystem mit, auf dem die Software läuft. Versuchen Sie außerdem, die Software neu zu installieren.",1,1.0,Software & IT
2023-06-22,Wartungsintervalle SNU-200?,"Sehr geehrte/r Kunde/in, vielen Dank für Ihre Anfrage. Die Wartungsintervalle für die SNU-200 finden Sie detailliert im Wartungshandbuch. Als Richtwert gilt eine jährliche Wartung oder nach 1000 Betriebsstunden, je nachdem, was zuerst eintritt.",13,1.0,Wartung & Service
2023-07-03,Garantie auf DM-500? Maschine defekt.,"Sehr geehrte/r Kunde/in, vielen Dank für Ihre Anfrage. Bitte teilen Sie uns die Seriennummer Ihrer DM-500 und eine detaillierte Beschreibung des Defekts mit. Wir prüfen dann, ob Ihr Fall unter die Garantiebedingungen fällt.",3,0.1153217560875164,Garantie & Reklamation
2023-07-18,Inbetriebnahme SCS-100 – wer hilft?,"Sehr geehrte/r Kunde/in, vielen Dank für Ihre Anfrage. Wir bieten eine professionelle Inbetriebnahme der SCS-100 an. Bitte kontaktieren Sie unseren Service unter [Telefonnummer], um einen Termin zu vereinbaren.",0,0.366090985293914,Schulung & Inbetriebnahme
2023-08-12,Bestellung noch nicht angekommen. Wie lange dauert das noch? 20230805-02,"Sehr geehrte/r Kunde/in, vielen Dank für Ihre Anfrage. Wir prüfen den aktuellen Status Ihrer Bestellung mit der Nummer 20230805-02 und informieren Sie umgehend über den voraussichtlichen Liefertermin.",11,1.0,Lieferung & Bestellung
2023-08-29,Ersatzteil für Hydraulik FSL-300. Angebot?,"Sehr geehrte/r Kunde/in, vielen Dank für Ihre Anfrage. Bitte nennen Sie uns die genaue Bezeichnung des benötigten Hydraulikteils und die Seriennummer Ihrer FSL-300. Wir erstellen Ihnen dann ein individuelles Angebot.",4,0.8185622169036173,Ersatzteile & Technik
2023-09-05,Fehler Druck CNCF-500 – was tun?,"Sehr geehrte/r Kunde/in, vielen Dank für Ihre Anfrage. Ein Fehler im Drucksystem der CNCF-500 kann verschiedene Ursachen haben. Bitte überprüfen Sie die Druckschläuche und den Druckregler. Im Handbuch finden Sie eine detaillierte Fehlerbehebung.",8,0.16953757440797093,Ersatzteile & Technik
2023-09-20,Software-Update – wie funktioniert das?,"Sehr geehrte/r Kunde/in, vielen Dank für Ihre Anfrage. Informationen zum Software-Update finden Sie auf unserer Webseite im Downloadbereich. Bitte lesen Sie die Installationsanleitung sorgfältig durch.",1,1.0,Software & IT
2023-10-10,Wartungsplan HP-150 + benötigtes Werkzeug?,"Sehr geehrte/r Kunde/in, vielen Dank für Ihre Anfrage. Der Wartungsplan für die HP-150 und eine Liste der benötigten Spezialwerkzeuge finden Sie im Wartungshandbuch, das im Downloadbereich verfügbar ist.",13,1.0,Wartung & Service
2023-10-25,Lieferstatus Bestellung 20231020-01 + Rechnung bitte.,"Sehr geehrte/r Kunde/in, vielen Dank für Ihre Anfrage. Wir prüfen umgehend den Status Ihrer Bestellung mit der Nummer 20231020-01 und senden Ihnen die Rechnung separat zu.",-1,0.0,Lieferung & Bestellung
2023-01-15,"Hallo, ich habe am 01.01.2023 die DM-500 bestellt. Bisher keine Versandbestätigung erhalten. Wo bleibt meine Maschine?","Sehr geehrte Damen und Herren, vielen Dank für Ihre Anfrage. Bitte geben Sie uns Ihre Bestellnummer, damit wir den Status Ihrer Bestellung DM-500 prüfen können. Sobald wir diese haben, können wir Ihnen eine genaue Auskunft zum Versand geben.",10,1.0,Lieferung & Bestellung
2023-01-20,Ich brauche dringend ein Ersatzteil für die SCS-100. Die Spindel ist defekt. Was kostet das und wie lange dauert die Lieferung?,"Sehr geehrte Damen und Herren, vielen Dank für Ihre Anfrage. Um Ihnen ein Angebot für die Spindel der SCS-100 erstellen zu können, benötigen wir die genaue Artikelnummer des Ersatzteils und die Seriennummer Ihrer Maschine. Die Lieferzeit variiert je nach Verfügbarkeit.",2,0.5073698305683981,Lieferung & Bestellung
2023-02-05,Die CNCF-500 zeigt eine Übertemperaturwarnung an. Was bedeutet das?,"Sehr geehrte Damen und Herren, eine Übertemperaturwarnung bei der CNCF-500 deutet auf eine mögliche Überlastung oder Kühlproblematik hin. Bitte prüfen Sie die Kühlmittelstände und die Belüftung der Maschine. Details finden Sie im Handbuch.",5,0.4178313260862374,Sonstiges
2023-02-12,"Software stürzt immer wieder ab! FSL-300, Version 3.2","Sehr geehrte Damen und Herren, vielen Dank für Ihre Meldung. Ein Absturz der Software kann verschiedene Ursachen haben. Bitte stellen Sie sicher, dass Sie die aktuelle Version der Software verwenden und dass Ihr System die Mindestanforderungen erfüllt. Eventuell hilft ein Neustart des Systems.",1,1.0,Software & IT
2023-02-28,Wann ist die nächste Wartung für die SNU-200 fällig?,"Sehr geehrte Damen und Herren, die Wartungsintervalle für die SNU-200 sind im Wartungsplan dokumentiert, den Sie im Downloadbereich unserer Webseite finden. Die Häufigkeit hängt von der Nutzungsintensität ab.",9,1.0,Wartung & Service
2023-03-08,Meine DM-500 ist innerhalb der Garantie defekt. Wie gehe ich vor?,"Sehr geehrte Damen und Herren, bei einem Defekt innerhalb der Garantiezeit bitten wir Sie, uns die Seriennummer der DM-500 und eine detaillierte Fehlerbeschreibung zukommen zu lassen. Wir prüfen dann die Garantiebedingungen und informieren Sie über die weiteren Schritte.",14,1.0,Garantie & Reklamation
2023-03-15,Bieten Sie Schulungen für die HP-150 an?,"Sehr geehrte Damen und Herren, ja, wir bieten Schulungen für die HP-150 an. Informationen zu Terminen und Inhalten finden Sie auf unserer Webseite im Bereich Schulungen.",0,0.8157326296550355,Schulung & Inbetriebnahme
2023-03-22,Wo finde ich die Bedienungsanleitung für die SCS-100?,"Sehr geehrte Damen und Herren, die Bedienungsanleitung für die SCS-100 finden Sie im Downloadbereich unserer Webseite unter dem Reiter 'Support'.",0,0.11423428956237779,Schulung & Inbetriebnahme
2023-04-01,Ich warte seit 2 Wochen auf meine Bestellung (Bestellnummer 12345). Was ist los?,"Sehr geehrte Damen und Herren, vielen Dank für Ihre Anfrage. Wir prüfen umgehend den Status Ihrer Bestellung mit der Bestellnummer 12345 und informieren Sie innerhalb von 24 Stunden.",6,0.30688532682387115,Lieferung & Bestellung
2023-04-10,Ersatzteil für FSL-300 gesucht. Hydraulikpumpe. Angebot bitte.,"Sehr geehrte Damen und Herren, um Ihnen ein Angebot für die Hydraulikpumpe der FSL-300 erstellen zu können, benötigen wir die genaue Artikelnummer des Ersatzteils und die Seriennummer Ihrer Maschine.",4,1.0,Ersatzteile & Technik
2023-04-18,Drucksensor an der CNCF-500 zeigt falsche Werte an.,"Sehr geehrte Damen und Herren, ein fehlerhafter Drucksensor kann verschiedene Ursachen haben. Bitte prüfen Sie die Verkabelung und den Anschluss des Sensors. Im Handbuch finden Sie eine Anleitung zur Kalibrierung.",8,0.2011528678337387,Ersatzteile & Technik
2023-05-02,DXF-Import funktioniert nicht in der Software der SNU-200.,"Sehr geehrte Damen und Herren, Probleme beim DXF-Import können durch inkompatible Dateiformate oder Softwarefehler verursacht werden. Bitte stellen Sie sicher, dass Sie eine unterstützte DXF-Version verwenden und die aktuelle Softwareversion installiert haben.",7,0.19889500942046337,Software & IT
2023-05-15,Wie oft muss die DM-500 gewartet werden?,"Sehr geehrte Damen und Herren, die Wartungsintervalle für die DM-500 sind im Wartungsplan dokumentiert, den Sie im Downloadbereich unserer Webseite finden. Die Häufigkeit hängt von der Nutzungsintensität ab.",13,1.0,Wartung & Service
2023-05-22,"Garantie für SCS-100, Seriennummer XYZ123. Maschine defekt.","Sehr geehrte Damen und Herren, wir prüfen umgehend die Garantiebedingungen für Ihre SCS-100 mit der Seriennummer XYZ123. Bitte beschreiben Sie den Defekt so detailliert wie möglich.",3,0.2779108493971069,Garantie & Reklamation
2023-06-01,Ich benötige eine Schulung für die Inbetriebnahme der HP-150.,"Sehr geehrte Damen und Herren, wir bieten sowohl Vor-Ort-Schulungen als auch Online-Schulungen für die Inbetriebnahme der HP-150 an. Bitte kontaktieren Sie uns, um einen Termin zu vereinbaren.",0,1.0,Schulung & Inbetriebnahme
2023-06-10,Lieferung verzögert sich. Bestellnummer 56789.,"Sehr geehrte Damen und Herren, wir prüfen umgehend den Status Ihrer Bestellung mit der Bestellnummer 56789 und informieren Sie über die voraussichtliche Lieferzeit.",11,0.26553172939944175,Lieferung & Bestellung
2023-06-18,Brauche Ersatzteil für CNCF-500. Artikelnummer 98765.,"Sehr geehrte Damen und Herren, wir prüfen die Verfügbarkeit des Ersatzteils mit der Artikelnummer 98765 für Ihre CNCF-500 und erstellen Ihnen ein Angebot.",12,0.378799259905261,Wartung & Service
2023-07-05,Spindel der SNU-200 macht komische Geräusche.,"Sehr geehrte Damen und Herren, ungewöhnliche Geräusche bei der Spindel der SNU-200 können auf ein Lagerspiel oder eine Beschädigung hindeuten. Bitte lassen Sie die Maschine von einem Fachmann überprüfen.",-1,0.0,Lieferung & Bestellung
2023-07-12,Software Update fehlgeschlagen. FSL-300.,"Sehr geehrte Damen und Herren, ein fehlgeschlagenes Software-Update kann zu Problemen führen. Bitte starten Sie das System neu und versuchen Sie das Update erneut. Falls das Problem weiterhin besteht, kontaktieren Sie unseren Support.",1,1.0,Software & IT
2023-07-20,Wartungsplan für DM-500 – wo finde ich diesen?,"Sehr geehrte Damen und Herren, den Wartungsplan für die DM-500 finden Sie im Downloadbereich unserer Webseite unter dem Reiter 'Support'.",-1,0.0,Lieferung & Bestellung
2023-08-01,Defekt an der SCS-100 innerhalb der Garantiezeit.,"Sehr geehrte Damen und Herren, bitte senden Sie uns die Seriennummer der SCS-100 und eine detaillierte Fehlerbeschreibung, damit wir den Garantieanspruch prüfen können.",3,0.32169521151079933,Garantie & Reklamation
2023-08-10,Schulung für Software der HP-150?,"Sehr geehrte Damen und Herren, ja, wir bieten Schulungen für die Software der HP-150 an. Informationen zu Terminen und Inhalten finden Sie auf unserer Webseite.",-1,0.0,Lieferung & Bestellung
2023-08-18,Bestellung 78901 – wo ist die Lieferung?,"Sehr geehrte Damen und Herren, wir prüfen umgehend den Status Ihrer Bestellung mit der Bestellnummer 78901 und informieren Sie über die voraussichtliche Lieferzeit.",6,0.3180985915710599,Lieferung & Bestellung
2023-09-05,Ersatzteil Angebot für Hydraulikpumpe SNU-200,"Sehr geehrte Damen und Herren, um Ihnen ein Angebot für die Hydraulikpumpe der SNU-200 erstellen zu können, benötigen wir die genaue Artikelnummer des Ersatzteils und die Seriennummer Ihrer Maschine.",4,1.0,Ersatzteile & Technik
2023-09-12,"Übertemperaturwarnung CNCF-500, was tun?","Sehr geehrte Damen und Herren, eine Übertemperaturwarnung bei der CNCF-500 deutet auf eine mögliche Überlastung oder Kühlproblematik hin. Bitte prüfen Sie die Kühlmittelstände und die Belüftung der Maschine. Details finden Sie im Handbuch.",5,1.0,Sonstiges
2023-09-20,"Software stürzt ab, beim DXF Import. HP-150","Sehr geehrte Damen und Herren, Probleme beim DXF-Import können durch inkompatible Dateiformate oder Softwarefehler verursacht werden. Bitte stellen Sie sicher, dass Sie eine unterstützte DXF-Version verwenden.",7,1.0,Software & IT
2023-10-01,Wartung DM-500 fällig? Brauche Spezialwerkzeug.,"Sehr geehrte Damen und Herren, die Wartungsintervalle für die DM-500 sind im Wartungsplan dokumentiert. Informationen zu benötigten Spezialwerkzeugen finden Sie ebenfalls dort.",12,1.0,Wartung & Service
2023-10-10,"Garantie SCS-100, Seriennr. ABC456, Maschine defekt. Schnell!","Sehr geehrte Damen und Herren, wir prüfen umgehend Ihren Garantieanspruch für die SCS-100 mit der Seriennummer ABC456. Bitte beschreiben Sie den Defekt so detailliert wie möglich.",3,0.3169178809860382,Garantie & Reklamation
2023-10-18,Inbetriebnahme Schulung für SNU-200. Kosten?,"Sehr geehrte Damen und Herren, die Kosten für eine Inbetriebnahme-Schulung der SNU-200 variieren je nach Umfang und Dauer. Bitte kontaktieren Sie uns für ein individuelles Angebot.",0,1.0,Schulung & Inbetriebnahme
2023-11-05,Wo ist meine Bestellung 90123?,"Sehr geehrte Damen und Herren, wir prüfen umgehend den Status Ihrer Bestellung mit der Bestellnummer 90123 und informieren Sie innerhalb von 24 Stunden.",6,0.3597632609857246,Lieferung & Bestellung
2023-11-12,Ersatzteil für FSL-300 – Spindel – dringend!,"Sehr geehrte Damen und Herren, wir prüfen die Verfügbarkeit der Spindel für die FSL-300 und erstellen Ihnen schnellstmöglich ein Angebot.",2,0.1917426770143299,Lieferung & Bestellung
2023-11-20,Fehler: Hydraulik druckt nicht bei CNCF-500,"Sehr geehrte Damen und Herren, ein Druckproblem bei der Hydraulik der CNCF-500 kann verschiedene Ursachen haben. Bitte prüfen Sie den Ölstand und die Leitungen. Im Handbuch finden Sie eine Anleitung zur Fehlersuche.",4,0.16345776149319266,Ersatzteile & Technik
2023-12-01,Lizenzproblem Software SCS-100,"Sehr geehrte Damen und Herren, bei Problemen mit der Lizenz der Software SCS-100 benötigen wir Ihre Lizenznummer und die Softwareversion, um Ihnen weiterhelfen zu können.",1,0.8488045264324506,Software & IT
2023-01-10,"Hallo, ich habe am 2. Januar eine DM-500 bestellt. Keine Versandbestätigung erhalten.","Sehr geehrte Damen und Herren, vielen Dank für Ihre Anfrage. Um den Status Ihrer Bestellung DM-500 zu prüfen, benötigen wir bitte Ihre Bestellnummer. Sobald wir diese haben, können wir Ihnen Auskunft geben.",10,1.0,Lieferung & Bestellung
2023-01-18,Benötige Ersatzteil für SCS-100. Spindel defekt. Preis und Lieferzeit?,"Sehr geehrte Damen und Herren, für ein Angebot für die Spindel der SCS-100 benötigen wir die Artikelnummer des Ersatzteils und die Seriennummer Ihrer Maschine. Die Lieferzeit hängt von der Verfügbarkeit ab.",2,0.536916406834164,Lieferung & Bestellung
2023-02-03,CNCF-500 zeigt Übertemperatur. Was bedeutet das?,"Sehr geehrte Damen und Herren, eine Übertemperaturwarnung bei der CNCF-500 kann durch Überlastung oder Kühlprobleme verursacht werden. Bitte prüfen Sie Kühlmittelstand und Belüftung. Details finden Sie im Handbuch.",5,0.406796933616667,Sonstiges
2023-02-15,Software FSL-300 stürzt ab. Version 3.1.,"Sehr geehrte Damen und Herren, ein Softwareabsturz kann verschiedene Ursachen haben. Stellen Sie sicher, dass Sie die aktuelle Version verwenden und Ihr System die Mindestanforderungen erfüllt. Ein Neustart kann helfen.",1,0.8197510336952832,Software & IT
2023-03-01,Wann ist die nächste Wartung für die SNU-200?,"Sehr geehrte Damen und Herren, die Wartungsintervalle für die SNU-200 sind im Wartungsplan auf unserer Webseite dokumentiert. Die Häufigkeit hängt von der Nutzung ab.",9,1.0,Wartung & Service
2023-03-12,DM-500 defekt innerhalb der Garantiezeit.,"Sehr geehrte Damen und Herren, bei einem Defekt innerhalb der Garantiezeit benötigen wir die Seriennummer der DM-500 und eine detaillierte Fehlerbeschreibung.",3,0.3194804003560908,Garantie & Reklamation
2023-03-25,Schulung für HP-150 erforderlich.,"Sehr geehrte Damen und Herren, wir bieten Schulungen für die HP-150 an. Informationen zu Terminen und Inhalten finden Sie auf unserer Webseite.",0,1.0,Schulung & Inbetriebnahme
2023-04-05,Bestellung 12345 – wo bleibt meine Maschine?,"Sehr geehrte Damen und Herren, wir prüfen umgehend den Status Ihrer Bestellung 12345 und informieren Sie innerhalb von 24 Stunden.",6,1.0,Lieferung & Bestellung
2023-04-18,"Ersatzteil für FSL-300, Hydraulikpumpe. Angebot?","Sehr geehrte Damen und Herren, für ein Angebot für die Hydraulikpumpe der FSL-300 benötigen wir die Artikelnummer des Ersatzteils und die Seriennummer Ihrer Maschine.",4,1.0,Ersatzteile & Technik
2023-05-02,Drucksensor CNCF-500 zeigt falsche Werte.,"Sehr geehrte Damen und Herren, ein fehlerhafter Drucksensor kann verschiedene Ursachen haben. Bitte prüfen Sie die Verkabelung und Kalibrierung. Details im Handbuch.",8,0.20194375135014322,Ersatzteile & Technik
2023-05-15,DXF Import funktioniert nicht. SNU-200,"Sehr geehrte Damen und Herren, Probleme beim DXF-Import können durch Dateiformate oder Softwarefehler entstehen. Stellen Sie sicher, dass Sie eine unterstützte DXF-Version verwenden.",7,0.18711527847391515,Software & IT
2023-05-28,Wartungsplan DM-500? Wo finde ich den?,"Sehr geehrte Damen und Herren, den Wartungsplan für die DM-500 finden Sie im Downloadbereich unserer Webseite.",-1,0.0,Lieferung & Bestellung
2023-06-08,"SCS-100 defekt, Garantie noch vorhanden.","Sehr geehrte Damen und Herren, bitte senden Sie uns die Seriennummer der SCS-100 und eine detaillierte Fehlerbeschreibung, damit wir den Garantieanspruch prüfen können.",3,1.0,Garantie & Reklamation
2023-06-20,"Schulung Inbetriebnahme HP-150, Kosten?","Sehr geehrte Damen und Herren, die Kosten für eine Inbetriebnahme-Schulung der HP-150 variieren. Bitte kontaktieren Sie uns für ein individuelles Angebot.",0,1.0,Schulung & Inbetriebnahme
2023-07-03,Lieferstatus Bestellung 78901?,"Sehr geehrte Damen und Herren, wir prüfen umgehend den Status Ihrer Bestellung 78901 und informieren Sie innerhalb von 24 Stunden.",-1,0.0,Lieferung & Bestellung
2023-07-16,Ersatzteil Spindel SNU-200. Angebot?,"Sehr geehrte Damen und Herren, für ein Angebot für die Spindel der SNU-200 benötigen wir die Artikelnummer des Ersatzteils und die Seriennummer Ihrer Maschine.",3,0.08844637672343758,Garantie & Reklamation
2023-08-01,CNCF-500 – Überhitzungsproblem.,"Sehr geehrte Damen und Herren, eine Überhitzung der CNCF-500 kann durch Überlastung oder Kühlprobleme entstehen. Bitte prüfen Sie Kühlmittelstand und Belüftung.",5,1.0,Sonstiges
2023-08-14,Softwareabsturz FSL-300. Version 3.2.,"Sehr geehrte Damen und Herren, ein Softwareabsturz kann verschiedene Ursachen haben. Stellen Sie sicher, dass Sie die aktuelle Version verwenden und Ihr System die Mindestanforderungen erfüllt.",1,1.0,Software & IT
2023-09-05,Wann ist die nächste Wartung fällig? (SNU-200),"Sehr geehrte Damen und Herren, die Wartungsintervalle für die SNU-200 sind im Wartungsplan auf unserer Webseite dokumentiert. Die Häufigkeit hängt von der Nutzung ab.",9,0.6890368118833776,Wartung & Service
2023-09-18,"Garantie SCS-100, Seriennummer 1234567. Maschine defekt.","Sehr geehrte Damen und Herren, wir prüfen umgehend Ihren Garantieanspruch für die SCS-100 mit der Seriennummer 1234567. Bitte beschreiben Sie den Defekt detailliert.",3,0.1077218415602754,Garantie & Reklamation
2023-10-02,Inbetriebnahme Schulung für DM-500?,"Sehr geehrte Damen und Herren, wir bieten Schulungen für die Inbetriebnahme der DM-500 an. Informationen zu Terminen und Inhalten finden Sie auf unserer Webseite.",0,1.0,Schulung & Inbetriebnahme
2023-10-15,Bestellung 54321 verzögert sich. Was ist los?,"Sehr geehrte Damen und Herren, wir prüfen umgehend den Status Ihrer Bestellung 54321 und informieren Sie innerhalb von 24 Stunden.",11,0.2537184216911193,Lieferung & Bestellung
2023-10-28,Ersatzteil Angebot Hydraulikpumpe HP-150,"Sehr geehrte Damen und Herren, für ein Angebot für die Hydraulikpumpe der HP-150 benötigen wir die Artikelnummer des Ersatzteils und die Seriennummer Ihrer Maschine.",4,1.0,Ersatzteile & Technik
2023-11-07,Sensorfehler CNCF-500. Was tun?,"Sehr geehrte Damen und Herren, ein Sensorfehler kann verschiedene Ursachen haben. Bitte prüfen Sie die Verkabelung und den Anschluss des Sensors. Details im Handbuch.",8,1.0,Ersatzteile & Technik
2023-11-20,DXF Import funktioniert nicht mehr!,"Sehr geehrte Damen und Herren, Probleme beim DXF-Import können durch Dateiformate oder Softwarefehler entstehen. Stellen Sie sicher, dass Sie eine unterstützte DXF-Version verwenden.",7,0.19742511041200778,Software & IT
2023-12-04,Wartungsplan SNU-200. Brauche auch Spezialwerkzeug.,"Sehr geehrte Damen und Herren, den Wartungsplan für die SNU-200 finden Sie im Downloadbereich unserer Webseite. Informationen zu benötigten Spezialwerkzeugen finden Sie ebenfalls dort.",12,1.0,Wartung & Service
2023-12-11,SCS-100 defekt. Garantie?,"Sehr geehrte Damen und Herren, bitte senden Sie uns die Seriennummer der SCS-100 und eine detaillierte Fehlerbeschreibung, damit wir den Garantieanspruch prüfen können.",3,1.0,Garantie & Reklamation
2023-12-18,Schulung für Software FSL-300?,"Sehr geehrte Damen und Herren, wir bieten Schulungen für die Software FSL-300 an. Informationen zu Terminen und Inhalten finden Sie auf unserer Webseite.",-1,0.0,Lieferung & Bestellung
2024-01-08,Bestellung noch nicht angekommen. Nr. 98765,"Sehr geehrte Damen und Herren, wir prüfen umgehend den Status Ihrer Bestellung 98765 und informieren Sie innerhalb von 24 Stunden.",11,1.0,Lieferung & Bestellung
2024-01-22,Ersatzteil für Spindel DM-500. Dringend!,"Sehr geehrte Damen und Herren, für ein Angebot für die Spindel der DM-500 benötigen wir die Artikelnummer des Ersatzteils und die Seriennummer Ihrer Maschine.",3,0.08776415358083423,Garantie & Reklamation
2023-01-12,Ich warte auf meine Bestellung (Nr. 87654). Wo ist sie?,"Sehr geehrte Damen und Herren, vielen Dank für Ihre Anfrage. Wir prüfen umgehend den Status Ihrer Bestellung mit der Nummer 87654 und informieren Sie schnellstmöglich.",6,0.3935977645194616,Lieferung & Bestellung
2023-01-28,Brauche dringend Ersatzteil für SCS-100 - Spindel defekt.,"Sehr geehrte Damen und Herren, um Ihnen ein Angebot für die Spindel der SCS-100 zu erstellen, benötigen wir die Artikelnummer des Ersatzteils und die Seriennummer Ihrer Maschine.",2,0.40185796916915717,Lieferung & Bestellung
2023-02-05,CNCF-500 zeigt Übertemperatur an. Was tun?,"Sehr geehrte Damen und Herren, eine Übertemperaturwarnung deutet auf eine mögliche Überlastung oder Kühlproblematik hin. Bitte prüfen Sie Kühlmittelstand und Belüftung. Details finden Sie im Handbuch.",5,1.0,Sonstiges
2023-02-18,"Software FSL-300 stürzt ab, wenn ich eine DXF-Datei importiere.","Sehr geehrte Damen und Herren, Probleme beim DXF-Import können auftreten. Stellen Sie sicher, dass Sie eine unterstützte DXF-Version verwenden und die aktuelle Softwareversion installiert ist.",7,1.0,Software & IT
2023-03-15,"DM-500 defekt, innerhalb der Garantiezeit.","Sehr geehrte Damen und Herren, bei einem Defekt innerhalb der Garantiezeit benötigen wir die Seriennummer der DM-500 und eine detaillierte Fehlerbeschreibung.",3,0.3313974024017691,Garantie & Reklamation
2023-04-08,Bestellung 12345 noch nicht erhalten.,"Sehr geehrte Damen und Herren, wir prüfen umgehend den Status Ihrer Bestellung mit der Nummer 12345 und informieren Sie innerhalb von 24 Stunden.",11,1.0,Lieferung & Bestellung
2023-04-21,"Ersatzteil für FSL-300, Hydraulikpumpe. Preis bitte.","Sehr geehrte Damen und Herren, für ein Angebot für die Hydraulikpumpe der FSL-300 benötigen wir die Artikelnummer des Ersatzteils und die Seriennummer Ihrer Maschine.",4,1.0,Ersatzteile & Technik
2023-05-05,Drucksensor an der CNCF-500 spinnt.,"Sehr geehrte Damen und Herren, ein fehlerhafter Drucksensor kann verschiedene Ursachen haben. Bitte prüfen Sie die Verkabelung und Kalibrierung. Details im Handbuch.",8,0.189963796988998,Ersatzteile & Technik
2023-05-19,DXF Import SNU-200 geht nicht mehr.,"Sehr geehrte Damen und Herren, Probleme beim DXF-Import können auftreten. Stellen Sie sicher, dass Sie eine unterstützte DXF-Version verwenden.",7,0.1925463575745742,Software & IT
2023-06-01,Wartungsplan DM-500 – wo finde ich diesen?,"Sehr geehrte Damen und Herren, den Wartungsplan für die DM-500 finden Sie im Downloadbereich unserer Webseite.",-1,0.0,Lieferung & Bestellung
2023-06-14,"SCS-100 defekt, Garantie noch gültig.","Sehr geehrte Damen und Herren, bitte senden Sie uns die Seriennummer der SCS-100 und eine detaillierte Fehlerbeschreibung, damit wir den Garantieanspruch prüfen können.",3,1.0,Garantie & Reklamation
2023-06-27,Schulung für HP-150 – Kosten und Termine?,"Sehr geehrte Damen und Herren, Informationen zu Terminen und Kosten für Schulungen der HP-150 finden Sie auf unserer Webseite.",0,1.0,Schulung & Inbetriebnahme
2023-07-20,Ersatzteil Spindel SNU-200 – Angebot erbeten.,"Sehr geehrte Damen und Herren, um Ihnen ein Angebot für die Spindel der SNU-200 zu erstellen, benötigen wir die Artikelnummer des Ersatzteils und die Seriennummer Ihrer Maschine.",2,0.19227506718310994,Lieferung & Bestellung
2023-08-03,CNCF-500 – Überhitzung – was machen?,"Sehr geehrte Damen und Herren, eine Überhitzung der CNCF-500 kann durch Überlastung oder Kühlprobleme entstehen. Bitte prüfen Sie Kühlmittelstand und Belüftung.",5,1.0,Sonstiges
2023-08-16,Software FSL-300 stürzt ab. Version 3.2.1,"Sehr geehrte Damen und Herren, ein Softwareabsturz kann verschiedene Ursachen haben. Bitte stellen Sie sicher, dass Sie die aktuelle Version verwenden und Ihr System die Mindestanforderungen erfüllt.",1,0.862626269397069,Software & IT
2023-09-08,Wann ist die nächste Wartung für die SNU-200 fällig? Brauche Infos zu Werkzeug.,"Sehr geehrte Damen und Herren, die Wartungsintervalle und benötigten Werkzeuge für die SNU-200 finden Sie im Wartungsplan auf unserer Webseite.",9,0.6843419727420179,Wartung & Service
2023-09-21,"SCS-100 defekt, Seriennummer 1234567, Garantie?","Sehr geehrte Damen und Herren, wir prüfen umgehend Ihren Garantieanspruch für die SCS-100 mit der Seriennummer 1234567. Bitte beschreiben Sie den Defekt.",3,1.0,Garantie & Reklamation
2023-10-05,Schulung für Inbetriebnahme DM-500?,"Sehr geehrte Damen und Herren, wir bieten Schulungen für die Inbetriebnahme der DM-500 an. Informationen zu Terminen und Inhalten finden Sie auf unserer Webseite.",0,1.0,Schulung & Inbetriebnahme
2023-10-18,Bestellung 54321 verzögert. Rechnung auch noch nicht da.,"Sehr geehrte Damen und Herren, wir prüfen umgehend den Status Ihrer Bestellung 54321 und senden Ihnen die Rechnung zu.",11,0.2776148897777916,Lieferung & Bestellung
2023-10-31,Ersatzteil Hydraulikpumpe HP-150 – Angebot bitte.,"Sehr geehrte Damen und Herren, für ein Angebot für die Hydraulikpumpe der HP-150 benötigen wir die Artikelnummer des Ersatzteils und die Seriennummer Ihrer Maschine.",4,1.0,Ersatzteile & Technik
2023-11-09,Sensorfehler CNCF-500. Was soll ich machen?,"Sehr geehrte Damen und Herren, ein Sensorfehler kann verschiedene Ursachen haben. Bitte prüfen Sie die Verkabelung und Kalibrierung. Details im Handbuch.",8,1.0,Ersatzteile & Technik
2023-11-22,DXF Import funktioniert nicht mehr. SNU-200.,"Sehr geehrte Damen und Herren, Probleme beim DXF-Import können auftreten. Stellen Sie sicher, dass Sie eine unterstützte DXF-Version verwenden.",7,0.19075772969225963,Software & IT
2023-12-06,Wartungsplan SNU-200. Benötige auch Spezialwerkzeugliste.,"Sehr geehrte Damen und Herren, den Wartungsplan und eine Liste der benötigten Spezialwerkzeuge für die SNU-200 finden Sie im Downloadbereich unserer Webseite.",12,1.0,Wartung & Service
2024-01-03,Schulung für Software FSL-300 – wann geht das?,"Sehr geehrte Damen und Herren, Informationen zu Terminen für Schulungen der Software FSL-300 finden Sie auf unserer Webseite.",-1,0.0,Lieferung & Bestellung
2024-01-17,Bestellung 98765 noch nicht da. Wo ist die?,"Sehr geehrte Damen und Herren, wir prüfen umgehend den Status Ihrer Bestellung mit der Nummer 98765 und informieren Sie schnellstmöglich.",11,1.0,Lieferung & Bestellung
2024-01-30,Ersatzteil Spindel DM-500. Dringend benötigt!,"Sehr geehrte Damen und Herren, um Ihnen ein Angebot für die Spindel der DM-500 zu erstellen, benötigen wir die Artikelnummer des Ersatzteils und die Seriennummer Ihrer Maschine.",2,0.1856418459586554,Lieferung & Bestellung
2023-01-05,"Hallo, ich habe am 20.12.2023 eine DM-500 bestellt. Bisher keine Versandmeldung.","Sehr geehrte Damen und Herren, vielen Dank für Ihre Anfrage. Bitte teilen Sie uns Ihre Bestellnummer mit, damit wir den Versandstatus Ihrer DM-500 prüfen können.",10,1.0,Lieferung & Bestellung
2023-01-18,Benötige Ersatzteil für SCS-100. Spindel defekt. Wie lange Lieferzeit?,"Sehr geehrte Damen und Herren, um die Lieferzeit für die Spindel der SCS-100 zu ermitteln, benötigen wir die Artikelnummer des Ersatzteils und die Seriennummer Ihrer Maschine.",2,0.5223648673990735,Lieferung & Bestellung
2023-02-01,CNCF-500 zeigt Übertemperaturwarnung. Was ist zu tun?,"Sehr geehrte Damen und Herren, eine Übertemperaturwarnung bei der CNCF-500 kann verschiedene Ursachen haben. Überprüfen Sie Kühlmittelstand und Belüftung. Details finden Sie im Handbuch.",5,1.0,Sonstiges
2023-02-15,Software FSL-300 stürzt ab. Version 3.1. Hilfe!,"Sehr geehrte Damen und Herren, ein Absturz der Software kann durch verschiedene Faktoren verursacht werden. Stellen Sie sicher, dass Sie die aktuelle Version verwenden und Ihr System die Mindestanforderungen erfüllt.",1,1.0,Software & IT
2023-03-22,"DM-500 defekt, noch Garantie. Was nun?","Sehr geehrte Damen und Herren, bei einem Defekt innerhalb der Garantiezeit benötigen wir die Seriennummer der DM-500 und eine detaillierte Fehlerbeschreibung.",3,1.0,Garantie & Reklamation
2023-04-03,Schulung HP-150 benötigt.,"Sehr geehrte Damen und Herren, wir bieten Schulungen für die HP-150 an. Informationen zu Terminen und Inhalten finden Sie auf unserer Webseite.",0,1.0,Schulung & Inbetriebnahme
2023-04-17,Bestellung 12345 - Status?,"Sehr geehrte Damen und Herren, wir prüfen umgehend den Status Ihrer Bestellung mit der Nummer 12345 und informieren Sie innerhalb von 24 Stunden.",-1,0.0,Lieferung & Bestellung
2023-05-02,Ersatzteil Hydraulikpumpe FSL-300. Angebot?,"Sehr geehrte Damen und Herren, für ein Angebot für die Hydraulikpumpe der FSL-300 benötigen wir die Artikelnummer des Ersatzteils und die Seriennummer Ihrer Maschine.",4,0.8083732130486025,Ersatzteile & Technik
2023-05-16,Drucksensor CNCF-500 defekt.,"Sehr geehrte Damen und Herren, ein defekter Drucksensor kann verschiedene Ursachen haben. Bitte prüfen Sie die Verkabelung und Kalibrierung. Details im Handbuch.",8,0.2225827114794702,Ersatzteile & Technik
2023-06-01,DXF Import SNU-200 funktioniert nicht mehr! Version?,"Sehr geehrte Damen und Herren, bitte teilen Sie uns die verwendete Softwareversion der SNU-200 mit. Probleme beim DXF-Import können durch inkompatible Dateiformate entstehen.",7,0.19372077147011035,Software & IT
2023-06-14,Wartungsplan DM-500 – wo finde ich das?,"Sehr geehrte Damen und Herren, den Wartungsplan für die DM-500 finden Sie im Downloadbereich unserer Webseite.",-1,0.0,Lieferung & Bestellung
2023-07-05,SCS-100 defekt innerhalb Garantiezeit.,"Sehr geehrte Damen und Herren, bitte senden Sie uns die Seriennummer der SCS-100 und eine detaillierte Fehlerbeschreibung, damit wir den Garantieanspruch prüfen können.",3,0.33588951648125825,Garantie & Reklamation
2023-07-19,Schulung für HP-150 – Termine?,"Sehr geehrte Damen und Herren, Informationen zu Terminen für Schulungen der HP-150 finden Sie auf unserer Webseite.",0,1.0,Schulung & Inbetriebnahme
2023-08-02,Bestellung 78901 – wo ist meine Lieferung?,"Sehr geehrte Damen und Herren, wir prüfen umgehend den Status Ihrer Bestellung mit der Nummer 78901 und informieren Sie schnellstmöglich.",6,0.34811806985601845,Lieferung & Bestellung
2023-08-15,Ersatzteil Spindel SNU-200. Brauche Angebot.,"Sehr geehrte Damen und Herren, für ein Angebot für die Spindel der SNU-200 benötigen wir die Artikelnummer des Ersatzteils und die Seriennummer Ihrer Maschine.",2,0.19051834924523361,Lieferung & Bestellung
2023-09-06,CNCF-500 – Überhitzungsproblem. Was tun?,"Sehr geehrte Damen und Herren, eine Überhitzung der CNCF-500 kann durch Überlastung oder Kühlprobleme entstehen. Bitte prüfen Sie Kühlmittelstand und Belüftung.",5,1.0,Sonstiges
2023-10-04,Wartungsplan SNU-200 + benötigtes Werkzeug?,"Sehr geehrte Damen und Herren, den Wartungsplan und eine Liste der benötigten Spezialwerkzeuge für die SNU-200 finden Sie im Downloadbereich unserer Webseite.",13,1.0,Wartung & Service
2023-10-17,"SCS-100 defekt, Garantie noch gültig, S/N 1234567","Sehr geehrte Damen und Herren, wir prüfen umgehend Ihren Garantieanspruch für die SCS-100 mit der Seriennummer 1234567. Bitte beschreiben Sie den Defekt.",3,0.12874149017048744,Garantie & Reklamation
2023-11-14,Bestellung 54321 verzögert + Rechnung?,"Sehr geehrte Damen und Herren, wir prüfen umgehend den Status Ihrer Bestellung 54321 und senden Ihnen die Rechnung zu.",11,0.2424403509250991,Lieferung & Bestellung
2023-12-08,Sensorfehler CNCF-500. Was machen?,"Sehr geehrte Damen und Herren, ein Sensorfehler kann verschiedene Ursachen haben. Bitte prüfen Sie die Verkabelung und Kalibrierung. Details im Handbuch.",8,1.0,Ersatzteile & Technik
2023-12-21,DXF Import SNU-200 geht nicht.,"Sehr geehrte Damen und Herren, Probleme beim DXF-Import können auftreten. Stellen Sie sicher, dass Sie eine unterstützte DXF-Version verwenden.",7,0.1918611208882186,Software & IT
2024-01-04,Wartungsplan SNU-200. Benötige Werkzeugliste.,"Sehr geehrte Damen und Herren, den Wartungsplan und eine Liste der benötigten Spezialwerkzeuge für die SNU-200 finden Sie im Downloadbereich unserer Webseite.",12,0.49037811942447684,Wartung & Service
2024-01-17,"SCS-100 defekt, noch Garantie vorhanden.","Sehr geehrte Damen und Herren, bitte senden Sie uns die Seriennummer der SCS-100 und eine detaillierte Fehlerbeschreibung, damit wir den Garantieanspruch prüfen können.",3,1.0,Garantie & Reklamation
2024-01-30,Schulung für Software FSL-300 – wann verfügbar?,"Sehr geehrte Damen und Herren, Informationen zu Terminen für Schulungen der Software FSL-300 finden Sie auf unserer Webseite.",-1,0.0,Lieferung & Bestellung
2024-02-12,Bestellung 98765 noch nicht angekommen. Wo ist das?,"Sehr geehrte Damen und Herren, wir prüfen umgehend den Status Ihrer Bestellung mit der Nummer 98765 und informieren Sie schnellstmöglich.",11,1.0,Lieferung & Bestellung
2024-02-26,Ersatzteil Spindel DM-500. Dringend!,"Sehr geehrte Damen und Herren, um Ihnen ein Angebot für die Spindel der DM-500 zu erstellen, benötigen wir die Artikelnummer des Ersatzteils und die Seriennummer Ihrer Maschine.",3,0.0854434447732076,Garantie & Reklamation
2023-01-08,Ich warte auf meine Bestellung (Nr. 12345). Wo bleibt die?,"Sehr geehrte Damen und Herren, vielen Dank für Ihre Anfrage. Wir prüfen umgehend den Status Ihrer Bestellung mit der Nummer 12345 und informieren Sie innerhalb von 24 Stunden.",6,0.3649937890043702,Lieferung & Bestellung
2023-01-22,Brauche Ersatzteil für SCS-100. Spindel defekt. Was kostet das?,"Sehr geehrte Damen und Herren, um Ihnen ein Angebot für die Spindel der SCS-100 zu erstellen, benötigen wir die Artikelnummer des Ersatzteils und die Seriennummer Ihrer Maschine.",2,0.141882706595153,Lieferung & Bestellung
2023-02-03,CNCF-500 zeigt Übertemperatur an. Was bedeutet das?,"Sehr geehrte Damen und Herren, eine Übertemperaturwarnung bei der CNCF-500 kann auf eine Überlastung oder Kühlprobleme hindeuten. Bitte prüfen Sie Kühlmittelstand und Belüftung. Details finden Sie im Handbuch.",5,0.4061256892082583,Sonstiges
2023-02-17,Software FSL-300 stürzt ab. Kann mir jemand helfen?,"Sehr geehrte Damen und Herren, ein Softwareabsturz kann verschiedene Ursachen haben. Bitte stellen Sie sicher, dass Sie die aktuelle Version verwenden und Ihr System die Mindestanforderungen erfüllt.",1,1.0,Software & IT
2023-03-14,"DM-500 defekt, innerhalb der Garantie.","Sehr geehrte Damen und Herren, bei einem Defekt innerhalb der Garantiezeit benötigen wir die Seriennummer der DM-500 und eine detaillierte Fehlerbeschreibung.",3,0.7873865699992194,Garantie & Reklamation
2023-03-28,Schulung für HP-150 erforderlich. Kosten?,"Sehr geehrte Damen und Herren, wir bieten Schulungen für die HP-150 an. Informationen zu Terminen und Kosten finden Sie auf unserer Webseite.",0,1.0,Schulung & Inbetriebnahme
2023-04-06,Bestellung 12345 noch nicht angekommen. Wo ist sie?,"Sehr geehrte Damen und Herren, wir prüfen umgehend den Status Ihrer Bestellung mit der Nummer 12345 und informieren Sie innerhalb von 24 Stunden.",11,1.0,Lieferung & Bestellung
2023-04-19,Ersatzteil Hydraulikpumpe FSL-300. Angebot bitte.,"Sehr geehrte Damen und Herren, um Ihnen ein Angebot für die Hydraulikpumpe der FSL-300 zu erstellen, benötigen wir die Artikelnummer des Ersatzteils und die Seriennummer Ihrer Maschine.",4,1.0,Ersatzteile & Technik
2023-05-04,Drucksensor CNCF-500 zeigt falsche Werte an. Was tun?,"Sehr geehrte Damen und Herren, ein fehlerhafter Drucksensor kann verschiedene Ursachen haben. Bitte prüfen Sie die Verkabelung und Kalibrierung. Details im Handbuch.",8,0.20174172847438773,Ersatzteile & Technik
2023-05-18,DXF Import SNU-200 funktioniert nicht.,"Sehr geehrte Damen und Herren, Probleme beim DXF-Import können auftreten. Stellen Sie sicher, dass Sie eine unterstützte DXF-Version verwenden.",7,0.19103414621765094,Software & IT
2023-06-02,Wartungsplan DM-500?,"Sehr geehrte Damen und Herren, den Wartungsplan für die DM-500 finden Sie im Downloadbereich unserer Webseite.",13,1.0,Wartung & Service
2023-06-29,Schulung HP-150 – wann und was kostet das?,"Sehr geehrte Damen und Herren, Informationen zu Terminen und Kosten für Schulungen der HP-150 finden Sie auf unserer Webseite.",0,1.0,Schulung & Inbetriebnahme
2023-08-03,CNCF-500 – Überhitzung. Was soll ich machen?,"Sehr geehrte Damen und Herren, eine Überhitzung der CNCF-500 kann durch Überlastung oder Kühlprobleme entstehen. Bitte prüfen Sie Kühlmittelstand und Belüftung.",5,1.0,Sonstiges
2024-01-16,Bestellung 98765 noch nicht da. Wo ist das?,"Sehr geehrte Damen und Herren, wir prüfen umgehend den Status Ihrer Bestellung mit der Nummer 98765 und informieren Sie schnellstmöglich.",11,1.0,Lieferung & Bestellung
2023-01-10,Wo ist meine Bestellung 12345? Keine Versandbestätigung erhalten.,"Sehr geehrte Damen und Herren, wir prüfen umgehend den Status Ihrer Bestellung mit der Nummer 12345 und informieren Sie innerhalb von 24 Stunden.",11,1.0,Lieferung & Bestellung
2023-01-25,Brauche Spindel für SCS-100. Was kostet die?,"Sehr geehrte Damen und Herren, um Ihnen ein Angebot für die Spindel der SCS-100 zu erstellen, benötigen wir die Artikelnummer des Ersatzteils und die Seriennummer Ihrer Maschine.",2,0.1312742921402689,Lieferung & Bestellung
2023-02-08,CNCF-500 zeigt Übertemperatur. Was tun?,"Sehr geehrte Damen und Herren, eine Übertemperaturwarnung bei der CNCF-500 kann auf eine Überlastung oder Kühlprobleme hindeuten. Bitte prüfen Sie Kühlmittelstand und Belüftung. Details im Handbuch.",5,0.9541405864377182,Sonstiges
2023-02-19,"FSL-300 Software stürzt ab, beim DXF Import.","Sehr geehrte Damen und Herren, Probleme beim DXF-Import können auftreten. Stellen Sie sicher, dass Sie eine unterstützte DXF-Version verwenden und die aktuelle Softwareversion installiert ist.",7,1.0,Software & IT
2023-03-05,Wann ist die nächste Wartung für SNU-200 fällig?,"Sehr geehrte Damen und Herren, die Wartungsintervalle für die SNU-200 sind im Wartungsplan auf unserer Webseite dokumentiert. Die Häufigkeit hängt von der Nutzung ab.",9,1.0,Wartung & Service
2023-03-18,"DM-500 defekt, noch Garantie.","Sehr geehrte Damen und Herren, bei einem Defekt innerhalb der Garantiezeit benötigen wir die Seriennummer der DM-500 und eine detaillierte Fehlerbeschreibung.",3,1.0,Garantie & Reklamation
2023-04-02,Schulung für HP-150?,"Sehr geehrte Damen und Herren, wir bieten Schulungen für die HP-150 an. Informationen zu Terminen und Inhalten finden Sie auf unserer Webseite.",0,1.0,Schulung & Inbetriebnahme
2023-04-15,Bestellung 12345 – Status?,"Sehr geehrte Damen und Herren, wir prüfen umgehend den Status Ihrer Bestellung mit der Nummer 12345 und informieren Sie innerhalb von 24 Stunden.",-1,0.0,Lieferung & Bestellung
2023-05-01,Ersatzteil Hydraulikpumpe FSL-300. Preis?,"Sehr geehrte Damen und Herren, um Ihnen ein Angebot für die Hydraulikpumpe der FSL-300 zu erstellen, benötigen wir die Artikelnummer des Ersatzteils und die Seriennummer Ihrer Maschine.",4,1.0,Ersatzteile & Technik
2023-05-14,Drucksensor CNCF-500 defekt. Was nun?,"Sehr geehrte Damen und Herren, ein defekter Drucksensor kann verschiedene Ursachen haben. Bitte prüfen Sie die Verkabelung und Kalibrierung. Details im Handbuch.",8,0.21736428375902245,Ersatzteile & Technik
2023-06-07,DXF Import SNU-200 klappt nicht.,"Sehr geehrte Damen und Herren, Probleme beim DXF-Import können auftreten. Stellen Sie sicher, dass Sie eine unterstützte DXF-Version verwenden.",7,0.1942004009363051,Software & IT
2023-06-20,Wartungsplan DM-500 – wo finde ich den?,"Sehr geehrte Damen und Herren, den Wartungsplan für die DM-500 finden Sie im Downloadbereich unserer Webseite.",-1,0.0,Lieferung & Bestellung
2023-07-03,"SCS-100 defekt, Garantie vorhanden.","Sehr geehrte Damen und Herren, bitte senden Sie uns die Seriennummer der SCS-100 und eine detaillierte Fehlerbeschreibung, damit wir den Garantieanspruch prüfen können.",3,1.0,Garantie & Reklamation
2023-07-17,Schulung HP-150 – Kosten?,"Sehr geehrte Damen und Herren, Informationen zu Terminen und Kosten für Schulungen der HP-150 finden Sie auf unserer Webseite.",0,1.0,Schulung & Inbetriebnahme
2023-08-01,Bestellung 78901 – wo bleibt die?,"Sehr geehrte Damen und Herren, wir prüfen umgehend den Status Ihrer Bestellung mit der Nummer 78901 und informieren Sie schnellstmöglich.",6,0.2965475878908025,Lieferung & Bestellung
2023-08-14,Ersatzteil Spindel SNU-200. Angebot bitte.,"Sehr geehrte Damen und Herren, um Ihnen ein Angebot für die Spindel der SNU-200 zu erstellen, benötigen wir die Artikelnummer des Ersatzteils und die Seriennummer Ihrer Maschine.",2,0.19009673477678923,Lieferung & Bestellung
2023-09-19,Software FSL-300 stürzt ab.,"Sehr geehrte Damen und Herren, ein Softwareabsturz kann verschiedene Ursachen haben. Stellen Sie sicher, dass Sie die aktuelle Version verwenden und Ihr System die Mindestanforderungen erfüllt.",1,1.0,Software & IT
2023-10-04,Wartungsplan SNU-200 + Werkzeugliste?,"Sehr geehrte Damen und Herren, den Wartungsplan und eine Liste der benötigten Spezialwerkzeuge für die SNU-200 finden Sie im Downloadbereich unserer Webseite.",13,1.0,Wartung & Service
2023-10-17,"SCS-100 defekt, S/N 1234567, Garantie?","Sehr geehrte Damen und Herren, wir prüfen umgehend Ihren Garantieanspruch für die SCS-100 mit der Seriennummer 1234567. Bitte beschreiben Sie den Defekt.",3,1.0,Garantie & Reklamation
2023-11-01,Schulung DM-500 Inbetriebnahme?,"Sehr geehrte Damen und Herren, wir bieten Schulungen für die Inbetriebnahme der DM-500 an. Informationen zu Terminen und Inhalten finden Sie auf unserer Webseite.",0,1.0,Schulung & Inbetriebnahme
2023-11-27,Ersatzteil Hydraulikpumpe HP-150. Angebot?,"Sehr geehrte Damen und Herren, um Ihnen ein Angebot für die Hydraulikpumpe der HP-150 zu erstellen, benötigen wir die Artikelnummer des Ersatzteils und die Seriennummer Ihrer Maschine.",4,0.819409028426054,Ersatzteile & Technik
2023-12-08,Sensorfehler CNCF-500. Was jetzt?,"Sehr geehrte Damen und Herren, ein Sensorfehler kann verschiedene Ursachen haben. Bitte prüfen Sie die Verkabelung und Kalibrierung. Details im Handbuch.",8,1.0,Ersatzteile & Technik
2024-01-05,Wartungsplan SNU-200. Werkzeugliste?,"Sehr geehrte Damen und Herren, den Wartungsplan und eine Liste der benötigten Spezialwerkzeuge für die SNU-200 finden Sie im Downloadbereich unserer Webseite.",3,0.09008386690757297,Garantie & Reklamation
2024-01-18,"SCS-100 defekt, Garantie?","Sehr geehrte Damen und Herren, bitte senden Sie uns die Seriennummer der SCS-100 und eine detaillierte Fehlerbeschreibung, damit wir den Garantieanspruch prüfen können.",3,1.0,Garantie & Reklamation
2024-01-31,Schulung Software FSL-300 – wann?,"Sehr geehrte Damen und Herren, Informationen zu Terminen für Schulungen der Software FSL-300 finden Sie auf unserer Webseite.",-1,0.0,Lieferung & Bestellung
2024-02-13,Bestellung 98765 noch nicht da.,"Sehr geehrte Damen und Herren, wir prüfen umgehend den Status Ihrer Bestellung mit der Nummer 98765 und informieren Sie schnellstmöglich.",11,1.0,Lieferung & Bestellung
2024-02-27,Ersatzteil Spindel DM-500 – dringend!,"Sehr geehrte Damen und Herren, um Ihnen ein Angebot für die Spindel der DM-500 zu erstellen, benötigen wir die Artikelnummer des Ersatzteils und die Seriennummer Ihrer Maschine.",2,0.18789435756807168,Lieferung & Bestellung
2023-01-15,Wo bleibt meine Bestellung 87654? Keine Info erhalten.,"Sehr geehrte Damen und Herren, wir prüfen umgehend den Status Ihrer Bestellung mit der Nummer 87654 und informieren Sie innerhalb von 24 Stunden.",11,0.6302482866948741,Lieferung & Bestellung
2023-01-28,Benötige Ersatzteil Spindel SCS-100. Was kostet das?,"Sehr geehrte Damen und Herren, um Ihnen ein Angebot für die Spindel der SCS-100 zu erstellen, benötigen wir die Artikelnummer des Ersatzteils und die Seriennummer Ihrer Maschine.",2,0.1368318186455527,Lieferung & Bestellung
2023-02-05,CNCF-500 zeigt Übertemperatur an. Was soll ich tun?,"Sehr geehrte Damen und Herren, eine Übertemperaturwarnung bei der CNCF-500 kann auf eine Überlastung oder Kühlprobleme hindeuten. Bitte prüfen Sie Kühlmittelstand und Belüftung. Details im Handbuch.",5,1.0,Sonstiges
2023-02-18,FSL-300 Software stürzt ab beim DXF Import.,"Sehr geehrte Damen und Herren, Probleme beim DXF-Import können auftreten. Stellen Sie sicher, dass Sie eine unterstützte DXF-Version verwenden und die aktuelle Softwareversion installiert ist.",7,1.0,Software & IT
2023-03-15,"DM-500 defekt, Garantie noch vorhanden.","Sehr geehrte Damen und Herren, bei einem Defekt innerhalb der Garantiezeit benötigen wir die Seriennummer der DM-500 und eine detaillierte Fehlerbeschreibung.",3,1.0,Garantie & Reklamation
2023-03-29,Schulung HP-150. Kosten und Termine?,"Sehr geehrte Damen und Herren, Informationen zu Terminen und Kosten für Schulungen der HP-150 finden Sie auf unserer Webseite.",3,0.08682267740631103,Garantie & Reklamation
2023-04-06,Bestellung 12345 - wo ist die Ware?,"Sehr geehrte Damen und Herren, wir prüfen umgehend den Status Ihrer Bestellung mit der Nummer 12345 und informieren Sie innerhalb von 24 Stunden.",6,0.2885455521767792,Lieferung & Bestellung
2023-04-19,Ersatzteil Hydraulikpumpe FSL-300. Angebot erbeten.,"Sehr geehrte Damen und Herren, um Ihnen ein Angebot für die Hydraulikpumpe der FSL-300 zu erstellen, benötigen wir die Artikelnummer des Ersatzteils und die Seriennummer Ihrer Maschine.",4,1.0,Ersatzteile & Technik
2023-05-04,Drucksensor CNCF-500 defekt. Was tun?,"Sehr geehrte Damen und Herren, ein defekter Drucksensor kann verschiedene Ursachen haben. Bitte prüfen Sie die Verkabelung und Kalibrierung. Details im Handbuch.",8,0.21842064689645374,Ersatzteile & Technik
2023-05-17,DXF Import SNU-200 funktioniert nicht mehr!,"Sehr geehrte Damen und Herren, Probleme beim DXF-Import können auftreten. Stellen Sie sicher, dass Sie eine unterstützte DXF-Version verwenden.",7,0.18764630757130793,Software & IT
2023-06-14,"SCS-100 defekt, Garantie noch da.","Sehr geehrte Damen und Herren, bitte senden Sie uns die Seriennummer der SCS-100 und eine detaillierte Fehlerbeschreibung, damit wir den Garantieanspruch prüfen können.",3,1.0,Garantie & Reklamation
2023-06-27,Schulung für HP-150 – wann?,"Sehr geehrte Damen und Herren, Informationen zu Terminen für Schulungen der HP-150 finden Sie auf unserer Webseite.",0,1.0,Schulung & Inbetriebnahme
2023-07-05,Bestellung 78901 – Lieferung verzögert.,"Sehr geehrte Damen und Herren, wir prüfen umgehend den Status Ihrer Bestellung mit der Nummer 78901 und informieren Sie schnellstmöglich.",11,0.2466353643964836,Lieferung & Bestellung
2023-08-02,CNCF-500 – Überhitzung. Was ist zu tun?,"Sehr geehrte Damen und Herren, eine Überhitzung der CNCF-500 kann durch Überlastung oder Kühlprobleme entstehen. Bitte prüfen Sie Kühlmittelstand und Belüftung.",5,1.0,Sonstiges
2023-08-16,FSL-300 Software stürzt ab. Version 3.2.,"Sehr geehrte Damen und Herren, ein Softwareabsturz kann verschiedene Ursachen haben. Stellen Sie sicher, dass Sie die aktuelle Version verwenden und Ihr System die Mindestanforderungen erfüllt.",1,0.7569347079923207,Software & IT
2023-09-06,Wartungsplan SNU-200 + Werkzeug?,"Sehr geehrte Damen und Herren, den Wartungsplan und eine Liste der benötigten Spezialwerkzeuge für die SNU-200 finden Sie im Downloadbereich unserer Webseite.",13,1.0,Wartung & Service
2023-09-19,"SCS-100 defekt, S/N 1234567. Garantie?","Sehr geehrte Damen und Herren, wir prüfen umgehend Ihren Garantieanspruch für die SCS-100 mit der Seriennummer 1234567. Bitte beschreiben Sie den Defekt.",3,1.0,Garantie & Reklamation
2023-10-17,"Bestellung 54321 verzögert, Rechnung fehlt.","Sehr geehrte Damen und Herren, wir prüfen umgehend den Status Ihrer Bestellung 54321 und senden Ihnen die Rechnung zu.",11,0.2536536854190107,Lieferung & Bestellung
2023-10-30,Ersatzteil Hydraulikpumpe HP-150. Preis?,"Sehr geehrte Damen und Herren, um Ihnen ein Angebot für die Hydraulikpumpe der HP-150 zu erstellen, benötigen wir die Artikelnummer des Ersatzteils und die Seriennummer Ihrer Maschine.",4,1.0,Ersatzteile & Technik
2024-01-15,Bestellung 98765 noch nicht angekommen.,"Sehr geehrte Damen und Herren, wir prüfen umgehend den Status Ihrer Bestellung mit der Nummer 98765 und informieren Sie schnellstmöglich.",11,1.0,Lieferung & Bestellung
2023-01-12,Wo ist meine Bestellung 12345? Ich warte schon lange.,"Sehr geehrte Damen und Herren, wir prüfen umgehend den Status Ihrer Bestellung mit der Nummer 12345 und informieren Sie innerhalb von 24 Stunden.",6,0.42818674713231564,Lieferung & Bestellung
2023-01-26,Brauche Ersatzteil für SCS-100. Spindel defekt. Wie lange dauert die Lieferung?,"Sehr geehrte Damen und Herren, um die Lieferzeit für die Spindel der SCS-100 zu ermitteln, benötigen wir die Artikelnummer des Ersatzteils und die Seriennummer Ihrer Maschine.",2,1.0,Lieferung & Bestellung
2023-02-15,Software FSL-300 stürzt immer wieder ab.,"Sehr geehrte Damen und Herren, ein Softwareabsturz kann verschiedene Ursachen haben. Stellen Sie sicher, dass Sie die aktuelle Version verwenden und Ihr System die Mindestanforderungen erfüllt.",1,1.0,Software & IT
2023-03-13,"DM-500 defekt, noch Garantie. Wie geht es weiter?","Sehr geehrte Damen und Herren, bei einem Defekt innerhalb der Garantiezeit benötigen wir die Seriennummer der DM-500 und eine detaillierte Fehlerbeschreibung.",3,1.0,Garantie & Reklamation
2023-03-27,Schulung für HP-150. Infos bitte.,"Sehr geehrte Damen und Herren, wir bieten Schulungen für die HP-150 an. Informationen zu Terminen und Inhalten finden Sie auf unserer Webseite.",0,1.0,Schulung & Inbetriebnahme
2023-08-15,FSL-300 Software stürzt ab.,"Sehr geehrte Damen und Herren, ein Softwareabsturz kann verschiedene Ursachen haben. Stellen Sie sicher, dass Sie die aktuelle Version verwenden und Ihr System die Mindestanforderungen erfüllt.",1,1.0,Software & IT
2023-10-17,Bestellung 54321 verzögert. Rechnung fehlt.,"Sehr geehrte Damen und Herren, wir prüfen umgehend den Status Ihrer Bestellung 54321 und senden Ihnen die Rechnung zu.",11,0.2556654329645597,Lieferung & Bestellung
2024-01-03,Schulung Software FSL-300 – wann verfügbar?,"Sehr geehrte Damen und Herren, Informationen zu Terminen für Schulungen der Software FSL-300 finden Sie auf unserer Webseite.",-1,0.0,Lieferung & Bestellung
2023-01-10,Wo ist meine Bestellung? Bestellnummer 12345,"Sehr geehrte Damen und Herren, wir prüfen umgehend den Status Ihrer Bestellung mit der Nummer 12345 und informieren Sie innerhalb von 24 Stunden.",6,1.0,Lieferung & Bestellung
2023-01-25,Spindel für SCS-100 benötigt. Was kostet das?,"Sehr geehrte Damen und Herren, um Ihnen ein Angebot für die Spindel der SCS-100 zu erstellen, benötigen wir die Artikelnummer des Ersatzteils und die Seriennummer Ihrer Maschine.",2,0.12688467855357022,Lieferung & Bestellung
2023-02-03,CNCF-500 Übertemperatur - was tun?,"Sehr geehrte Damen und Herren, eine Übertemperaturwarnung bei der CNCF-500 kann auf eine Überlastung oder Kühlprobleme hindeuten. Bitte prüfen Sie Kühlmittelstand und Belüftung. Details im Handbuch.",5,1.0,Sonstiges
2023-02-17,FSL-300 Software stürzt ab. Hilfe!,"Sehr geehrte Damen und Herren, ein Softwareabsturz kann verschiedene Ursachen haben. Stellen Sie sicher, dass Sie die aktuelle Version verwenden und Ihr System die Mindestanforderungen erfüllt.",1,1.0,Software & IT
2023-03-02,Wann ist die nächste Wartung für SNU-200?,"Sehr geehrte Damen und Herren, die Wartungsintervalle für die SNU-200 sind im Wartungsplan auf unserer Webseite dokumentiert. Die Häufigkeit hängt von der Nutzung ab.",9,0.6372235847300244,Wartung & Service
2023-03-14,"DM-500 defekt, noch Garantie vorhanden.","Sehr geehrte Damen und Herren, bei einem Defekt innerhalb der Garantiezeit benötigen wir die Seriennummer der DM-500 und eine detaillierte Fehlerbeschreibung.",3,1.0,Garantie & Reklamation
2023-03-28,Schulung HP-150?,"Sehr geehrte Damen und Herren, wir bieten Schulungen für die HP-150 an. Informationen zu Terminen und Inhalten finden Sie auf unserer Webseite.",0,1.0,Schulung & Inbetriebnahme
2023-06-29,Schulung HP-150 – wann?,"Sehr geehrte Damen und Herren, Informationen zu Terminen für Schulungen der HP-150 finden Sie auf unserer Webseite.",0,1.0,Schulung & Inbetriebnahme
2023-01-11,Wo ist meine Bestellung 12345? Hab noch keine Versandbestätigung bekommen.,"Sehr geehrte Damen und Herren, wir prüfen umgehend den Status Ihrer Bestellung mit der Nummer 12345 und informieren Sie innerhalb von 24 Stunden.",11,1.0,Lieferung & Bestellung
2023-01-27,Brauche Spindel für SCS-100. Was kostet die und wie lange dauert die Lieferung?,"Sehr geehrte Damen und Herren, um Ihnen ein Angebot für die Spindel der SCS-100 zu erstellen, benötigen wir die Artikelnummer des Ersatzteils und die Seriennummer Ihrer Maschine.",2,0.13213978283348912,Lieferung & Bestellung
2023-02-06,CNCF-500 zeigt Übertemperatur. Was soll ich machen?,"Sehr geehrte Damen und Herren, eine Übertemperaturwarnung bei der CNCF-500 kann auf eine Überlastung oder Kühlprobleme hindeuten. Bitte prüfen Sie Kühlmittelstand und Belüftung. Details finden Sie im Handbuch.",5,1.0,Sonstiges
2023-02-19,"Software FSL-300 stürzt ab, wenn ich DXF Dateien importiere.","Sehr geehrte Damen und Herren, Probleme beim DXF-Import können auftreten. Stellen Sie sicher, dass Sie eine unterstützte DXF-Version verwenden und die aktuelle Softwareversion installiert ist.",7,1.0,Software & IT
2023-03-16,DM-500 defekt. Garantie noch vorhanden.,"Sehr geehrte Damen und Herren, bei einem Defekt innerhalb der Garantiezeit benötigen wir die Seriennummer der DM-500 und eine detaillierte Fehlerbeschreibung.",3,1.0,Garantie & Reklamation
2023-03-29,Schulung für HP-150. Kosten?,"Sehr geehrte Damen und Herren, wir bieten Schulungen für die HP-150 an. Informationen zu Terminen und Kosten finden Sie auf unserer Webseite.",0,1.0,Schulung & Inbetriebnahme
2023-04-07,"Bestellung 12345, wo ist sie?","Sehr geehrte Damen und Herren, wir prüfen umgehend den Status Ihrer Bestellung mit der Nummer 12345 und informieren Sie innerhalb von 24 Stunden.",6,0.3324804705936406,Lieferung & Bestellung
2023-05-05,"Drucksensor CNCF-500 defekt, was nun?","Sehr geehrte Damen und Herren, ein defekter Drucksensor kann verschiedene Ursachen haben. Bitte prüfen Sie die Verkabelung und Kalibrierung. Details im Handbuch.",8,0.22057106262343354,Ersatzteile & Technik
2023-10-19,Bestellung 54321 verzögert. Rechnung bitte.,"Sehr geehrte Damen und Herren, wir prüfen umgehend den Status Ihrer Bestellung 54321 und senden Ihnen die Rechnung zu.",11,0.24839613772691466,Lieferung & Bestellung
2023-01-09,Wo bleibt meine Bestellung? Bestellnummer 45678.,"Sehr geehrte Damen und Herren, wir prüfen umgehend den Status Ihrer Bestellung mit der Nummer 45678 und informieren Sie innerhalb von 24 Stunden.",6,1.0,Lieferung & Bestellung
2023-01-23,Spindel SCS-100 defekt. Angebot?,"Sehr geehrte Damen und Herren, um Ihnen ein Angebot für die Spindel der SCS-100 zu erstellen, benötigen wir die Artikelnummer des Ersatzteils und die Seriennummer Ihrer Maschine.",3,0.4095589784521466,Garantie & Reklamation
2023-02-01,CNCF-500 zeigt Übertemperatur an.,"Sehr geehrte Damen und Herren, eine Übertemperaturwarnung bei der CNCF-500 kann auf eine Überlastung oder Kühlprobleme hindeuten. Bitte prüfen Sie Kühlmittelstand und Belüftung. Details finden Sie im Handbuch.",5,1.0,Sonstiges
2023-03-14,"DM-500 defekt, Garantie noch da.","Sehr geehrte Damen und Herren, bei einem Defekt innerhalb der Garantiezeit benötigen wir die Seriennummer der DM-500 und eine detaillierte Fehlerbeschreibung.",3,1.0,Garantie & Reklamation
2023-07-05,Bestellung 78901 – wo ist die Ware?,"Sehr geehrte Damen und Herren, wir prüfen umgehend den Status Ihrer Bestellung mit der Nummer 78901 und informieren Sie schnellstmöglich.",6,0.29379502707544,Lieferung & Bestellung
2023-01-10,Wo ist meine Bestellung 45678?,"Sehr geehrte Damen und Herren, wir prüfen umgehend den Status Ihrer Bestellung mit der Nummer 45678 und informieren Sie innerhalb von 24 Stunden.",6,0.36804764519173383,Lieferung & Bestellung
2023-01-25,Spindel für SCS-100. Was kostet?,"Sehr geehrte Damen und Herren, um Ihnen ein Angebot für die Spindel der SCS-100 zu erstellen, benötigen wir die Artikelnummer des Ersatzteils und die Seriennummer Ihrer Maschine.",2,0.12646479119749918,Lieferung & Bestellung
2023-02-03,CNCF-500 zeigt Übertemperatur an. Hilfe!,"Sehr geehrte Damen und Herren, eine Übertemperaturwarnung bei der CNCF-500 kann auf eine Überlastung oder Kühlprobleme hindeuten. Bitte prüfen Sie Kühlmittelstand und Belüftung. Details finden Sie im Handbuch.",5,1.0,Sonstiges
2023-03-02,Wartungsplan SNU-200?,"Sehr geehrte Damen und Herren, die Wartungsintervalle für die SNU-200 sind im Wartungsplan auf unserer Webseite dokumentiert. Die Häufigkeit hängt von der Nutzung ab.",13,1.0,Wartung & Service
2023-04-06,Bestellung 12345 - wo?,"Sehr geehrte Damen und Herren, wir prüfen umgehend den Status Ihrer Bestellung mit der Nummer 12345 und informieren Sie innerhalb von 24 Stunden.",6,0.28965619808296605,Lieferung & Bestellung
2023-04-19,Ersatzteil Hydraulikpumpe FSL-300. Angebot.,"Sehr geehrte Damen und Herren, um Ihnen ein Angebot für die Hydraulikpumpe der FSL-300 zu erstellen, benötigen wir die Artikelnummer des Ersatzteils und die Seriennummer Ihrer Maschine.",4,0.8416942065189785,Ersatzteile & Technik
2023-07-20,Ersatzteil Spindel SNU-200. Angebot.,"Sehr geehrte Damen und Herren, um Ihnen ein Angebot für die Spindel der SNU-200 zu erstellen, benötigen wir die Artikelnummer des Ersatzteils und die Seriennummer Ihrer Maschine.",3,0.09041953538690918,Garantie & Reklamation
2023-08-03,CNCF-500 – Überhitzung. Was tun?,"Sehr geehrte Damen und Herren, eine Überhitzung der CNCF-500 kann durch Überlastung oder Kühlprobleme entstehen. Bitte prüfen Sie Kühlmittelstand und Belüftung.",5,1.0,Sonstiges
2023-01-12,Wo bleibt meine Bestellung? Nr. 45678,"Sehr geehrte Damen und Herren, wir prüfen umgehend den Status Ihrer Bestellung mit der Nummer 45678 und informieren Sie innerhalb von 24 Stunden.",6,0.3432912803625476,Lieferung & Bestellung
2023-01-27,Spindel SCS-100 defekt. Was kostet das?,"Sehr geehrte Damen und Herren, um Ihnen ein Angebot für die Spindel der SCS-100 zu erstellen, benötigen wir die Artikelnummer des Ersatzteils und die Seriennummer Ihrer Maschine.",2,0.13873974677625953,Lieferung & Bestellung
2023-01-10,Wo ist meine Bestellung 12345?,"Sehr geehrte Damen und Herren, wir prüfen umgehend den Status Ihrer Bestellung mit der Nummer 12345 und informieren Sie innerhalb von 24 Stunden.",6,0.4100508572447336,Lieferung & Bestellung
2023-01-12,Wo ist meine Bestellung? Bestellnummer 45678,"Sehr geehrte Damen und Herren, wir prüfen umgehend den Status Ihrer Bestellung mit der Nummer 45678 und informieren Sie innerhalb von 24 Stunden.",6,1.0,Lieferung & Bestellung
2023-01-25,"Spindel für SCS-100, was kostet?","Sehr geehrte Damen und Herren, um Ihnen ein Angebot für die Spindel der SCS-100 zu erstellen, benötigen wir die Artikelnummer des Ersatzteils und die Seriennummer Ihrer Maschine.",2,0.12514155471880056,Lieferung & Bestellung
2023-02-03,CNCF-500 Übertemperatur! Was tun?,"Sehr geehrte Damen und Herren, eine Übertemperaturwarnung bei der CNCF-500 kann auf eine Überlastung oder Kühlprobleme hindeuten. Bitte prüfen Sie Kühlmittelstand und Belüftung. Details finden Sie im Handbuch.",5,1.0,Sonstiges
2023-02-17,FSL-300 stürzt ab.,"Sehr geehrte Damen und Herren, ein Softwareabsturz kann verschiedene Ursachen haben. Stellen Sie sicher, dass Sie die aktuelle Version verwenden und Ihr System die Mindestanforderungen erfüllt.",3,0.3602289262023706,Garantie & Reklamation
2023-06-14,"SCS-100 defekt, Garantie da.","Sehr geehrte Damen und Herren, bitte senden Sie uns die Seriennummer der SCS-100 und eine detaillierte Fehlerbeschreibung, damit wir den Garantieanspruch prüfen können.",3,1.0,Garantie & Reklamation
2023-07-06,Bestellung 78901 verzögert.,"Sehr geehrte Damen und Herren, wir prüfen umgehend den Status Ihrer Bestellung mit der Nummer 78901 und informieren Sie schnellstmöglich.",11,0.2533041882329292,Lieferung & Bestellung
2023-08-03,CNCF-500 – Überhitzung.,"Sehr geehrte Damen und Herren, eine Übertemperaturwarnung bei der CNCF-500 kann durch Überlastung oder Kühlprobleme entstehen. Bitte prüfen Sie Kühlmittelstand und Belüftung.",5,1.0,Sonstiges
2023-10-05,Schulung DM-500?,"Sehr geehrte Damen und Herren, wir bieten Schulungen für die Inbetriebnahme der DM-500 an. Informationen zu Terminen und Inhalten finden Sie auf unserer Webseite.",0,1.0,Schulung & Inbetriebnahme
2023-11-08,Sensorfehler CNCF-500.,"Sehr geehrte Damen und Herren, ein Sensorfehler kann verschiedene Ursachen haben. Bitte prüfen Sie die Verkabelung und Kalibrierung. Details im Handbuch.",8,1.0,Ersatzteile & Technik
2023-12-06,Wartungsplan SNU-200.,"Sehr geehrte Damen und Herren, den Wartungsplan für die SNU-200 finden Sie im Downloadbereich unserer Webseite.",3,0.08991203214605288,Garantie & Reklamation
2024-01-04,Schulung FSL-300 Software?,"Sehr geehrte Damen und Herren, Informationen zu Terminen für Schulungen der Software FSL-300 finden Sie auf unserer Webseite.",-1,0.0,Lieferung & Bestellung
2023-01-10,Wo bleibt meine Bestellung 45678?,"Sehr geehrte Damen und Herren, wir prüfen umgehend den Status Ihrer Bestellung mit der Nummer 45678 und informieren Sie innerhalb von 24 Stunden.",6,0.3470075980111023,Lieferung & Bestellung
2023-01-25,"Spindel für SCS-100 benötigt, was kostet das?","Sehr geehrte Damen und Herren, um Ihnen ein Angebot für die Spindel der SCS-100 zu erstellen, benötigen wir die Artikelnummer des Ersatzteils und die Seriennummer Ihrer Maschine.",2,0.1229529138582432,Lieferung & Bestellung
2023-02-17,FSL-300 stürzt ab!,"Sehr geehrte Damen und Herren, ein Softwareabsturz kann verschiedene Ursachen haben. Stellen Sie sicher, dass Sie die aktuelle Version verwenden und Ihr System die Mindestanforderungen erfüllt.",3,0.36401552824293676,Garantie & Reklamation
2023-03-15,"DM-500 defekt, Garantie vorhanden.","Sehr geehrte Damen und Herren, bei einem Defekt innerhalb der Garantiezeit benötigen wir die Seriennummer der DM-500 und eine detaillierte Fehlerbeschreibung.",3,1.0,Garantie & Reklamation
2023-03-28,HP-150 Schulung?,"Sehr geehrte Damen und Herren, wir bieten Schulungen für die HP-150 an. Informationen zu Terminen und Inhalten finden Sie auf unserer Webseite.",0,1.0,Schulung & Inbetriebnahme
2023-04-06,"Bestellung 12345, wo ist die Ware?","Sehr geehrte Damen und Herren, wir prüfen umgehend den Status Ihrer Bestellung mit der Nummer 12345 und informieren Sie innerhalb von 24 Stunden.",6,0.2949515887765318,Lieferung & Bestellung
2023-04-19,"Ersatzteil Hydraulikpumpe FSL-300, Angebot bitte.","Sehr geehrte Damen und Herren, um Ihnen ein Angebot für die Hydraulikpumpe der FSL-300 zu erstellen, benötigen wir die Artikelnummer des Ersatzteils und die Seriennummer Ihrer Maschine.",4,1.0,Ersatzteile & Technik
2023-05-04,CNCF-500 Drucksensor defekt.,"Sehr geehrte Damen und Herren, ein defekter Drucksensor kann verschiedene Ursachen haben. Bitte prüfen Sie die Verkabelung und Kalibrierung. Details im Handbuch.",8,0.2171831031305744,Ersatzteile & Technik
2023-06-14,"SCS-100 defekt, Garantie!","Sehr geehrte Damen und Herren, bitte senden Sie uns die Seriennummer der SCS-100 und eine detaillierte Fehlerbeschreibung, damit wir den Garantieanspruch prüfen können.",3,1.0,Garantie & Reklamation
2023-06-28,Schulung HP-150 wann?,"Sehr geehrte Damen und Herren, Informationen zu Terminen für Schulungen der HP-150 finden Sie auf unserer Webseite.",0,0.8115565259107645,Schulung & Inbetriebnahme
2023-07-20,Spindel SNU-200 Angebot.,"Sehr geehrte Damen und Herren, um Ihnen ein Angebot für die Spindel der SNU-200 zu erstellen, benötigen wir die Artikelnummer des Ersatzteils und die Seriennummer Ihrer Maschine.",2,0.18897129706109744,Lieferung & Bestellung
2023-08-03,CNCF-500 Überhitzt.,"Sehr geehrte Damen und Herren, eine Übertemperaturwarnung bei der CNCF-500 kann auf eine Überlastung oder Kühlprobleme hindeuten. Bitte prüfen Sie Kühlmittelstand und Belüftung.",5,1.0,Sonstiges
2023-09-20,SCS-100 defekt S/N 1234567 Garantie?,"Sehr geehrte Damen und Herren, wir prüfen umgehend Ihren Garantieanspruch für die SCS-100 mit der Seriennummer 1234567. Bitte beschreiben Sie den Defekt.",3,1.0,Garantie & Reklamation
2023-10-31,Ersatzteil Hydraulikpumpe HP-150 Preis?,"Sehr geehrte Damen und Herren, um Ihnen ein Angebot für die Hydraulikpumpe der HP-150 zu erstellen, benötigen wir die Artikelnummer des Ersatzteils und die Seriennummer Ihrer Maschine.",4,1.0,Ersatzteile & Technik
2023-11-08,CNCF-500 Sensorfehler.,"Sehr geehrte Damen und Herren, ein Sensorfehler kann verschiedene Ursachen haben. Bitte prüfen Sie die Verkabelung und Kalibrierung. Details im Handbuch.",8,1.0,Ersatzteile & Technik
2024-01-17,Bestellung 98765 fehlt.,"Sehr geehrte Damen und Herren, wir prüfen umgehend den Status Ihrer Bestellung mit der Nummer 98765 und informieren Sie schnellstmöglich.",11,1.0,Lieferung & Bestellung
2024-01-30,Ersatzteil Spindel DM-500 dringend!,"Sehr geehrte Damen und Herren, um Ihnen ein Angebot für die Spindel der DM-500 zu erstellen, benötigen wir die Artikelnummer des Ersatzteils und die Seriennummer Ihrer Maschine.",2,0.17375548827579232,Lieferung & Bestellung
2023-08-03,CNCF-500 – Überhitzt.,"Sehr geehrte Damen und Herren, eine Übertemperaturwarnung bei der CNCF-500 kann auf eine Überlastung oder Kühlprobleme hindeuten. Bitte prüfen Sie Kühlmittelstand und Belüftung.",5,1.0,Sonstiges
2023-01-25,"Spindel für SCS-100, was kostet das?","Sehr geehrte Damen und Herren, um Ihnen ein Angebot für die Spindel der SCS-100 zu erstellen, benötigen wir die Artikelnummer des Ersatzteils und die Seriennummer Ihrer Maschine.",2,0.12648271853261372,Lieferung & Bestellung
